customer_id,category,product,transaction_count,units_sold,product_revenue
C0127,Electronics,Laptop,4,18,1118000.0
C0061,Electronics,Laptop,5,18,1059500.0
C0159,Electronics,Laptop,4,16,991250.0
C0302,Electronics,Laptop,6,17,978250.0
C0274,Electronics,Laptop,5,16,919750.0
C0374,Electronics,Laptop,4,15,900250.0
C0067,Electronics,Laptop,4,15,897000.0
C0234,Electronics,Laptop,3,14,893750.0
C0050,Electronics,Laptop,3,14,880750.0
C0098,Electronics,Laptop,4,15,874250.0
C0378,Electronics,Laptop,4,15,864500.0
C0180,Electronics,Laptop,3,14,851500.0
C0297,Electronics,Laptop,3,14,848250.0
C0307,Electronics,Laptop,3,13,832000.0
C0448,Electronics,Laptop,4,14,822250.0
C0266,Electronics,Laptop,4,13,796250.0
C0030,Electronics,Laptop,3,13,793000.0
C0443,Electronics,Laptop,3,13,780000.0
C0410,Electronics,Laptop,4,13,770250.0
C0275,Electronics,Laptop,3,13,760500.0
C0417,Electronics,Laptop,4,13,757250.0
C0080,Electronics,Laptop,4,12,741000.0
C0482,Electronics,Laptop,4,12,737750.0
C0419,Electronics,Laptop,3,12,711750.0
C0410,Electronics,Smartphone,4,19,710000.0
C0189,Electronics,Laptop,4,12,702000.0
C0018,Electronics,Laptop,4,12,692250.0
C0181,Electronics,Smartphone,5,18,674000.0
C0258,Electronics,Laptop,3,11,669500.0
C0349,Electronics,Laptop,3,11,659750.0
C0163,Electronics,Laptop,3,11,656500.0
C0312,Electronics,Laptop,3,11,653250.0
C0300,Electronics,Smartphone,4,17,648000.0
C0043,Electronics,Laptop,3,10,643500.0
C0216,Electronics,Laptop,3,11,643500.0
C0057,Electronics,Laptop,3,11,627250.0
C0286,Electronics,Laptop,3,10,620750.0
C0004,Electronics,Laptop,3,10,607750.0
C0168,Electronics,Laptop,3,10,607750.0
C0402,Electronics,Laptop,2,10,601250.0
C0121,Electronics,Laptop,3,10,594750.0
C0478,Electronics,Laptop,3,10,588250.0
C0339,Electronics,Laptop,3,10,585000.0
C0441,Electronics,Laptop,2,10,585000.0
C0456,Electronics,Smartphone,4,16,582000.0
C0388,Electronics,Laptop,3,9,581750.0
C0467,Electronics,Laptop,4,10,581750.0
C0135,Electronics,Laptop,3,10,578500.0
C0119,Electronics,Laptop,4,10,575250.0
C0060,Electronics,Smartphone,4,16,572000.0
C0252,Electronics,Laptop,3,9,572000.0
C0353,Electronics,Laptop,2,9,572000.0
C0111,Electronics,Smartphone,4,15,570000.0
C0202,Electronics,Laptop,4,10,568750.0
C0284,Electronics,Laptop,2,9,568750.0
C0123,Electronics,Laptop,3,9,565500.0
C0102,Electronics,Smartphone,4,15,564000.0
C0292,Electronics,Laptop,3,9,562250.0
C0138,Electronics,Laptop,2,9,559000.0
C0325,Electronics,Smartphone,5,15,556000.0
C0129,Electronics,Laptop,3,9,552500.0
C0272,Electronics,Laptop,2,10,552500.0
C0442,Electronics,Smartphone,3,15,550000.0
C0491,Electronics,Laptop,3,9,549250.0
C0421,Electronics,Smartphone,4,15,548000.0
C0437,Electronics,Laptop,4,9,542750.0
C0318,Electronics,Laptop,3,9,536250.0
C0326,Electronics,Smartphone,4,14,534000.0
C0300,Electronics,Laptop,4,9,533000.0
C0307,Electronics,Smartphone,5,14,530000.0
C0456,Electronics,Laptop,2,9,526500.0
C0208,Electronics,Laptop,3,9,523250.0
C0003,Electronics,Laptop,2,8,520000.0
C0109,Electronics,Laptop,2,8,520000.0
C0335,Electronics,Laptop,2,8,520000.0
C0336,Electronics,Smartphone,3,14,520000.0
C0413,Electronics,Laptop,3,8,513500.0
C0091,Electronics,Laptop,3,9,510250.0
C0102,Electronics,Laptop,2,8,510250.0
C0455,Electronics,Smartphone,5,14,508000.0
C0215,Electronics,Laptop,2,8,500500.0
C0149,Electronics,Laptop,2,9,497250.0
C0203,Electronics,Smartphone,3,13,496000.0
C0016,Electronics,Laptop,3,8,494000.0
C0222,Electronics,Laptop,3,8,494000.0
C0436,Electronics,Laptop,2,8,494000.0
C0054,Electronics,Laptop,2,8,490750.0
C0108,Electronics,Smartphone,4,13,486000.0
C0117,Electronics,Laptop,2,8,481000.0
C0164,Electronics,Laptop,2,8,481000.0
C0190,Electronics,Smartphone,3,12,480000.0
C0187,Electronics,Laptop,2,8,477750.0
C0033,Electronics,Laptop,2,8,474500.0
C0398,Electronics,Laptop,2,8,474500.0
C0495,Electronics,Laptop,3,8,471250.0
C0115,Electronics,Smartphone,4,13,468000.0
C0432,Electronics,Laptop,2,8,468000.0
C0037,Electronics,Tablet,4,17,466500.0
C0118,Electronics,Laptop,3,8,461500.0
C0193,Electronics,Laptop,2,8,461500.0
C0408,Electronics,Laptop,2,8,458250.0
C0145,Electronics,Laptop,2,8,455000.0
C0165,Electronics,Laptop,3,8,455000.0
C0351,Electronics,Laptop,3,8,455000.0
C0370,Electronics,Laptop,2,7,455000.0
C0415,Electronics,Laptop,2,7,455000.0
C0377,Electronics,Tablet,5,16,454500.0
C0479,Electronics,Tablet,4,16,444000.0
C0126,Electronics,Laptop,2,8,442000.0
C0451,Electronics,Laptop,2,8,442000.0
C0430,Electronics,Smartphone,3,11,440000.0
C0361,Electronics,Tablet,4,16,439500.0
C0268,Electronics,Laptop,2,7,438750.0
C0439,Electronics,Smartphone,3,12,438000.0
C0013,Electronics,Tablet,4,16,436500.0
C0026,Electronics,Laptop,3,7,435500.0
C0309,Electronics,Laptop,2,7,435500.0
C0405,Electronics,Laptop,3,7,432250.0
C0500,Electronics,Smartphone,3,12,426000.0
C0237,Electronics,Laptop,2,7,422500.0
C0406,Electronics,Laptop,3,7,422500.0
C0044,Electronics,Smartphone,3,11,422000.0
C0110,Electronics,Smartphone,4,11,422000.0
C0213,Electronics,Laptop,3,7,419250.0
C0250,Electronics,Laptop,2,7,419250.0
C0218,Electronics,Tablet,4,15,417000.0
C0100,Electronics,Laptop,2,7,416000.0
C0120,Electronics,Laptop,2,7,416000.0
C0235,Electronics,Laptop,2,7,416000.0
C0244,Electronics,Laptop,2,7,416000.0
C0147,Electronics,Tablet,4,14,414000.0
C0342,Electronics,Laptop,2,7,412750.0
C0481,Electronics,Laptop,2,7,412750.0
C0184,Electronics,Smartphone,3,11,410000.0
C0048,Electronics,Laptop,2,7,409500.0
C0233,Electronics,Laptop,2,7,409500.0
C0319,Electronics,Smartphone,4,11,408000.0
C0425,Electronics,Smartphone,5,11,406000.0
C0215,Electronics,Smartphone,3,11,400000.0
C0090,Electronics,Laptop,2,7,399750.0
C0351,Electronics,Smartphone,3,10,398000.0
C0458,Electronics,Smartphone,3,11,396000.0
C0013,Electronics,Laptop,2,7,393250.0
C0326,Electronics,Laptop,2,7,393250.0
C0120,Electronics,Smartphone,2,10,390000.0
C0393,Electronics,Laptop,2,6,390000.0
C0065,Electronics,Smartphone,3,10,388000.0
C0069,Electronics,Tablet,4,14,387000.0
C0176,Electronics,Laptop,2,7,386750.0
C0443,Electronics,Smartphone,3,10,386000.0
C0148,Electronics,Laptop,2,6,380250.0
C0143,Electronics,Smartphone,3,10,380000.0
C0179,Electronics,Tablet,3,13,378000.0
C0244,Electronics,Smartphone,3,10,374000.0
C0196,Electronics,Laptop,2,6,373750.0
C0406,Electronics,Smartphone,3,10,372000.0
C0319,Electronics,Laptop,3,6,370500.0
C0439,Electronics,Laptop,2,6,370500.0
C0493,Electronics,Laptop,2,6,370500.0
C0280,Electronics,Smartphone,2,10,370000.0
C0480,Electronics,Smartphone,3,10,368000.0
C0316,Electronics,Tablet,3,13,367500.0
C0445,Electronics,Tablet,3,13,367500.0
C0314,Electronics,Laptop,2,6,367250.0
C0109,Electronics,Smartphone,3,10,366000.0
C0229,Electronics,Smartphone,4,10,366000.0
C0427,Electronics,Tablet,4,13,366000.0
C0195,Electronics,Tablet,3,13,364500.0
C0473,Electronics,Laptop,2,6,364000.0
C0500,Electronics,Laptop,2,6,364000.0
C0026,Electronics,Tablet,4,13,363000.0
C0117,Electronics,Tablet,3,13,363000.0
C0192,Electronics,Tablet,4,13,361500.0
C0240,Electronics,Laptop,2,6,360750.0
C0321,Electronics,Laptop,2,6,360750.0
C0359,Electronics,Laptop,2,6,360750.0
C0452,Electronics,Laptop,2,6,360750.0
C0153,Electronics,Smartphone,2,10,360000.0
C0162,Electronics,Smartphone,2,10,360000.0
C0049,Electronics,Laptop,2,6,357500.0
C0272,Electronics,Tablet,4,13,357000.0
C0107,Electronics,Smartphone,4,10,354000.0
C0012,Electronics,Smartphone,3,10,352000.0
C0251,Electronics,Laptop,2,6,351000.0
C0270,Electronics,Laptop,2,6,351000.0
C0176,Electronics,Smartphone,2,9,350000.0
C0114,Electronics,Smartphone,3,9,348000.0
C0304,Electronics,Smartphone,3,9,348000.0
C0383,Electronics,Smartphone,3,10,348000.0
C0074,Electronics,Laptop,4,6,347750.0
C0360,Electronics,Tablet,3,12,345000.0
C0283,Electronics,Smartphone,2,9,344000.0
C0306,Electronics,Smartphone,2,9,344000.0
C0194,Electronics,Tablet,3,12,342000.0
C0369,Electronics,Smartphone,3,9,342000.0
C0453,Electronics,Laptop,2,6,341250.0
C0221,Electronics,Tablet,3,12,340500.0
C0131,Electronics,Smartphone,3,9,340000.0
C0182,Electronics,Smartphone,2,9,340000.0
C0213,Electronics,Tablet,3,12,337500.0
C0303,Electronics,Smartphone,2,9,334000.0
C0215,Electronics,Tablet,3,12,333000.0
C0293,Electronics,Tablet,3,12,331500.0
C0355,Electronics,Laptop,2,6,331500.0
C0418,Electronics,Laptop,2,6,331500.0
C0494,Electronics,Smartphone,3,9,330000.0
C0415,Electronics,Smartphone,3,9,328000.0
C0037,Electronics,Laptop,1,5,325000.0
C0177,Electronics,Laptop,1,5,325000.0
C0190,Electronics,Laptop,1,5,325000.0
C0199,Electronics,Laptop,1,5,325000.0
C0231,Electronics,Laptop,1,5,325000.0
C0239,Electronics,Laptop,1,5,325000.0
C0289,Electronics,Laptop,2,5,325000.0
C0372,Electronics,Laptop,1,5,325000.0
C0375,Electronics,Laptop,1,5,325000.0
C0411,Electronics,Laptop,1,5,325000.0
C0428,Electronics,Laptop,1,5,325000.0
C0431,Electronics,Laptop,1,5,325000.0
C0004,Electronics,Smartphone,3,9,324000.0
C0240,Electronics,Smartphone,3,9,324000.0
C0101,Electronics,Tablet,3,11,322500.0
C0161,Electronics,Laptop,2,5,321750.0
C0175,Electronics,Laptop,2,5,321750.0
C0264,Electronics,Tablet,4,12,321000.0
C0020,Electronics,Smartphone,3,9,320000.0
C0031,Electronics,Smartphone,2,8,320000.0
C0125,Electronics,Tablet,3,11,315000.0
C0331,Electronics,Smartphone,2,8,314000.0
C0058,Electronics,Smartphone,2,8,312000.0
C0121,Electronics,Smartphone,2,8,312000.0
C0143,Electronics,Laptop,2,5,312000.0
C0068,Electronics,Smartphone,2,8,310000.0
C0129,Electronics,Smartphone,2,8,310000.0
C0045,Electronics,Laptop,1,5,308750.0
C0077,Electronics,Laptop,2,5,308750.0
C0110,Electronics,Laptop,1,5,308750.0
C0184,Electronics,Laptop,2,5,308750.0
C0217,Electronics,Laptop,1,5,308750.0
C0280,Electronics,Laptop,1,5,308750.0
C0364,Electronics,Laptop,1,5,308750.0
C0392,Electronics,Laptop,1,5,308750.0
C0462,Electronics,Laptop,1,5,308750.0
C0185,Electronics,Monitor,5,22,306000.0
C0226,Electronics,Smartphone,3,9,306000.0
C0355,Electronics,Smartphone,2,9,306000.0
C0383,Electronics,Tablet,4,12,306000.0
C0290,Electronics,Laptop,3,5,305500.0
C0123,Electronics,Smartphone,2,8,304000.0
C0335,Electronics,Tablet,3,11,303000.0
C0154,Electronics,Laptop,2,5,302250.0
C0488,Electronics,Laptop,3,5,302250.0
C0078,Electronics,Tablet,3,10,300000.0
C0144,Electronics,Laptop,2,5,299000.0
C0395,Electronics,Laptop,2,5,299000.0
C0112,Electronics,Smartphone,2,8,298000.0
C0104,Electronics,Smartphone,2,8,296000.0
C0384,Electronics,Smartphone,2,8,294000.0
C0010,Electronics,Laptop,1,5,292500.0
C0036,Electronics,Laptop,1,5,292500.0
C0087,Electronics,Tablet,3,11,292500.0
C0099,Electronics,Laptop,1,5,292500.0
C0157,Electronics,Laptop,1,5,292500.0
C0178,Electronics,Laptop,1,5,292500.0
C0225,Electronics,Laptop,1,5,292500.0
C0310,Electronics,Laptop,1,5,292500.0
C0338,Electronics,Laptop,1,5,292500.0
C0436,Electronics,Tablet,3,11,292500.0
C0271,Electronics,Smartphone,3,8,292000.0
C0301,Electronics,Smartphone,2,8,292000.0
C0486,Electronics,Smartphone,2,8,292000.0
C0492,Electronics,Tablet,3,11,291000.0
C0103,Electronics,Laptop,2,5,289250.0
C0074,Electronics,Smartphone,2,8,288000.0
C0150,Electronics,Smartphone,2,8,288000.0
C0166,Electronics,Smartphone,2,8,288000.0
C0230,Electronics,Smartphone,2,8,288000.0
C0230,Electronics,Tablet,3,11,286500.0
C0323,Electronics,Tablet,4,10,286500.0
C0110,Electronics,Tablet,3,10,285000.0
C0070,Electronics,Smartphone,3,8,284000.0
C0458,Electronics,Tablet,4,10,283500.0
C0085,Electronics,Laptop,2,5,282750.0
C0143,Electronics,Tablet,3,10,282000.0
C0164,Electronics,Smartphone,2,7,280000.0
C0312,Electronics,Smartphone,2,7,280000.0
C0437,Electronics,Smartphone,3,8,280000.0
C0221,Electronics,Laptop,2,5,279500.0
C0350,Electronics,Laptop,2,5,279500.0
C0016,Electronics,Tablet,3,10,279000.0
C0327,Electronics,Smartphone,2,8,278000.0
C0228,Electronics,Tablet,3,10,277500.0
C0454,Electronics,Tablet,2,10,277500.0
C0088,Electronics,Laptop,1,5,276250.0
C0095,Electronics,Laptop,1,5,276250.0
C0195,Electronics,Laptop,1,5,276250.0
C0298,Electronics,Laptop,1,5,276250.0
C0299,Electronics,Laptop,1,5,276250.0
C0301,Electronics,Laptop,1,5,276250.0
C0341,Electronics,Laptop,1,5,276250.0
C0458,Electronics,Laptop,1,5,276250.0
C0477,Electronics,Laptop,1,5,276250.0
C0479,Electronics,Laptop,2,5,276250.0
C0492,Electronics,Laptop,1,5,276250.0
C0261,Electronics,Smartphone,2,7,276000.0
C0279,Electronics,Monitor,5,19,273000.0
C0264,Electronics,Smartphone,2,7,272000.0
C0011,Electronics,Tablet,3,10,271500.0
C0334,Electronics,Tablet,2,9,270000.0
C0442,Electronics,Tablet,2,9,270000.0
C0285,Electronics,Smartphone,3,7,266000.0
C0457,Electronics,Tablet,4,10,265500.0
C0381,Electronics,Smartphone,2,7,264000.0
C0108,Electronics,Tablet,4,9,262500.0
C0346,Electronics,Tablet,2,9,262500.0
C0411,Electronics,Tablet,3,10,262500.0
C0009,Electronics,Smartphone,2,7,262000.0
C0335,Electronics,Smartphone,2,7,262000.0
C0150,Electronics,Tablet,3,9,261000.0
C0154,Electronics,Tablet,3,9,261000.0
C0021,Electronics,Laptop,1,4,260000.0
C0081,Electronics,Laptop,1,4,260000.0
C0113,Electronics,Laptop,1,4,260000.0
C0194,Electronics,Laptop,1,4,260000.0
C0209,Electronics,Laptop,1,4,260000.0
C0245,Electronics,Laptop,1,4,260000.0
C0246,Electronics,Laptop,1,4,260000.0
C0323,Electronics,Laptop,1,4,260000.0
C0340,Electronics,Laptop,1,4,260000.0
C0056,Electronics,Tablet,3,9,258000.0
C0403,Electronics,Smartphone,3,7,258000.0
C0431,Electronics,Monitor,5,18,258000.0
C0042,Electronics,Smartphone,2,7,256000.0
C0051,Electronics,Smartphone,3,7,256000.0
C0199,Electronics,Smartphone,2,7,256000.0
C0492,Electronics,Smartphone,2,7,256000.0
C0079,Electronics,Tablet,2,9,255000.0
C0119,Electronics,Smartphone,3,7,254000.0
C0272,Electronics,Smartphone,2,7,254000.0
C0294,Electronics,Smartphone,2,7,254000.0
C0203,Electronics,Laptop,2,4,253500.0
C0077,Electronics,Tablet,3,9,252000.0
C0233,Electronics,Tablet,3,9,252000.0
C0116,Electronics,Laptop,2,4,250250.0
C0152,Electronics,Laptop,2,4,250250.0
C0316,Electronics,Laptop,2,4,250250.0
C0381,Electronics,Laptop,2,4,250250.0
C0390,Electronics,Laptop,2,4,250250.0
C0135,Electronics,Smartphone,2,7,250000.0
C0291,Electronics,Smartphone,2,7,250000.0
C0069,Electronics,Laptop,1,4,247000.0
C0082,Electronics,Laptop,1,4,247000.0
C0128,Electronics,Laptop,2,4,247000.0
C0160,Electronics,Laptop,1,4,247000.0
C0219,Electronics,Laptop,2,4,247000.0
C0232,Electronics,Laptop,1,4,247000.0
C0257,Electronics,Laptop,1,4,247000.0
C0320,Electronics,Laptop,1,4,247000.0
C0322,Electronics,Laptop,1,4,247000.0
C0367,Electronics,Laptop,1,4,247000.0
C0048,Electronics,Smartphone,2,7,246000.0
C0393,Electronics,Smartphone,2,7,246000.0
C0153,Electronics,Tablet,2,9,244500.0
C0046,Electronics,Smartphone,2,7,244000.0
C0461,Electronics,Smartphone,3,7,244000.0
C0020,Electronics,Laptop,3,4,243750.0
C0460,Electronics,Laptop,2,4,243750.0
C0062,Electronics,Smartphone,3,7,242000.0
C0098,Electronics,Tablet,2,9,241500.0
C0340,Electronics,Tablet,2,9,241500.0
C0139,Electronics,Laptop,2,4,240500.0
C0182,Electronics,Laptop,2,4,240500.0
C0438,Electronics,Laptop,2,4,240500.0
C0440,Electronics,Laptop,2,4,240500.0
C0081,Electronics,Tablet,3,8,240000.0
C0265,Electronics,Laptop,3,4,237250.0
C0445,Electronics,Laptop,3,4,237250.0
C0287,Electronics,Smartphone,2,6,236000.0
C0008,Electronics,Laptop,1,4,234000.0
C0052,Electronics,Laptop,1,4,234000.0
C0075,Electronics,Laptop,1,4,234000.0
C0212,Electronics,Laptop,1,4,234000.0
C0224,Electronics,Smartphone,3,6,234000.0
C0226,Electronics,Tablet,2,8,234000.0
C0254,Electronics,Laptop,1,4,234000.0
C0304,Electronics,Laptop,1,4,234000.0
C0468,Electronics,Laptop,1,4,234000.0
C0470,Electronics,Laptop,1,4,234000.0
C0059,Electronics,Tablet,2,8,232500.0
C0350,Electronics,Tablet,3,8,232500.0
C0387,Electronics,Smartphone,2,6,232000.0
C0395,Electronics,Tablet,2,8,231000.0
C0415,Electronics,Tablet,3,8,231000.0
C0031,Electronics,Laptop,2,4,230750.0
C0227,Electronics,Laptop,2,4,230750.0
C0398,Electronics,Smartphone,2,6,230000.0
C0199,Electronics,Tablet,3,8,229500.0
C0467,Electronics,Smartphone,2,6,228000.0
C0142,Electronics,Laptop,2,4,227500.0
C0034,Electronics,Tablet,3,8,226500.0
C0390,Electronics,Monitor,5,16,226500.0
C0081,Electronics,Smartphone,2,6,226000.0
C0418,Electronics,Smartphone,2,6,226000.0
C0040,Electronics,Tablet,2,8,225000.0
C0209,Electronics,Smartphone,2,6,224000.0
C0317,Electronics,Smartphone,3,6,224000.0
C0474,Electronics,Smartphone,3,6,224000.0
C0405,Electronics,Smartphone,2,6,222000.0
C0162,Electronics,Laptop,1,4,221000.0
C0179,Electronics,Laptop,1,4,221000.0
C0427,Electronics,Laptop,1,4,221000.0
C0457,Electronics,Laptop,2,4,221000.0
C0019,Electronics,Tablet,2,8,220500.0
C0394,Electronics,Smartphone,3,6,220000.0
C0237,Electronics,Smartphone,2,6,218000.0
C0263,Electronics,Smartphone,4,6,218000.0
C0311,Electronics,Smartphone,3,6,218000.0
C0050,Electronics,Tablet,2,8,217500.0
C0041,Electronics,Tablet,2,8,216000.0
C0056,Electronics,Smartphone,3,6,216000.0
C0064,Electronics,Smartphone,2,6,216000.0
C0118,Electronics,Smartphone,2,6,216000.0
C0412,Electronics,Smartphone,2,6,216000.0
C0482,Electronics,Smartphone,3,6,216000.0
C0432,Electronics,Tablet,3,8,214500.0
C0476,Electronics,Monitor,4,15,214500.0
C0238,Electronics,Smartphone,3,6,214000.0
C0322,Electronics,Smartphone,2,6,214000.0
C0485,Electronics,Tablet,3,8,213000.0
C0186,Electronics,Monitor,4,15,212250.0
C0275,Electronics,Smartphone,2,6,212000.0
C0206,Electronics,Tablet,2,7,210000.0
C0354,Electronics,Tablet,2,7,210000.0
C0438,Electronics,Tablet,2,8,210000.0
C0429,Electronics,Monitor,4,15,208500.0
C0128,Electronics,Smartphone,2,6,208000.0
C0422,Electronics,Smartphone,2,6,208000.0
C0219,Electronics,Smartphone,2,6,206000.0
C0025,Electronics,Tablet,2,7,205500.0
C0017,Electronics,Smartphone,2,6,204000.0
C0021,Electronics,Tablet,3,8,204000.0
C0156,Electronics,Smartphone,2,6,204000.0
C0477,Electronics,Smartphone,2,6,204000.0
C0372,Electronics,Tablet,3,7,202500.0
C0253,Electronics,Monitor,4,15,201750.0
C0318,Electronics,Tablet,2,7,201000.0
C0027,Electronics,Smartphone,1,5,200000.0
C0037,Electronics,Smartphone,1,5,200000.0
C0047,Electronics,Smartphone,1,5,200000.0
C0075,Electronics,Smartphone,1,5,200000.0
C0082,Electronics,Smartphone,2,5,200000.0
C0089,Electronics,Smartphone,1,5,200000.0
C0117,Electronics,Smartphone,2,5,200000.0
C0158,Electronics,Smartphone,1,5,200000.0
C0159,Electronics,Smartphone,1,5,200000.0
C0305,Electronics,Smartphone,1,5,200000.0
C0365,Electronics,Smartphone,1,5,200000.0
C0366,Electronics,Smartphone,2,5,200000.0
C0386,Electronics,Smartphone,1,5,200000.0
C0391,Electronics,Smartphone,1,5,200000.0
C0457,Electronics,Smartphone,1,5,200000.0
C0163,Electronics,Monitor,3,14,198750.0
C0018,Electronics,Tablet,2,7,198000.0
C0337,Electronics,Tablet,2,7,198000.0
C0208,Electronics,Tablet,2,7,196500.0
C0451,Electronics,Smartphone,2,5,196000.0
C0023,Electronics,Laptop,1,3,195000.0
C0039,Electronics,Laptop,1,3,195000.0
C0063,Electronics,Laptop,1,3,195000.0
C0078,Electronics,Laptop,1,3,195000.0
C0096,Electronics,Laptop,1,3,195000.0
C0128,Electronics,Tablet,2,7,195000.0
C0181,Electronics,Laptop,1,3,195000.0
C0287,Electronics,Laptop,2,3,195000.0
C0328,Electronics,Laptop,1,3,195000.0
C0352,Electronics,Laptop,1,3,195000.0
C0362,Electronics,Laptop,1,3,195000.0
C0384,Electronics,Monitor,4,15,195000.0
C0409,Electronics,Laptop,1,3,195000.0
C0422,Electronics,Laptop,1,3,195000.0
C0429,Electronics,Laptop,1,3,195000.0
C0469,Electronics,Laptop,1,3,195000.0
C0100,Electronics,Smartphone,2,5,194000.0
C0127,Electronics,Tablet,2,7,193500.0
C0428,Electronics,Tablet,2,7,193500.0
C0235,Electronics,Smartphone,2,5,192000.0
C0243,Electronics,Tablet,2,7,192000.0
C0263,Electronics,Tablet,2,7,192000.0
C0490,Electronics,Tablet,2,7,192000.0
C0010,Electronics,Smartphone,1,5,190000.0
C0096,Electronics,Smartphone,1,5,190000.0
C0142,Electronics,Smartphone,1,5,190000.0
C0198,Electronics,Smartphone,1,5,190000.0
C0227,Electronics,Smartphone,1,5,190000.0
C0267,Electronics,Smartphone,3,5,190000.0
C0295,Electronics,Smartphone,2,5,190000.0
C0348,Electronics,Smartphone,1,5,190000.0
C0441,Electronics,Smartphone,1,5,190000.0
C0497,Electronics,Smartphone,1,5,190000.0
C0257,Electronics,Monitor,5,14,188250.0
C0124,Electronics,Smartphone,2,5,188000.0
C0036,Electronics,Tablet,2,7,187500.0
C0363,Electronics,Tablet,3,7,187500.0
C0371,Electronics,Tablet,2,7,187500.0
C0084,Electronics,Laptop,1,3,185250.0
C0094,Electronics,Laptop,1,3,185250.0
C0105,Electronics,Laptop,1,3,185250.0
C0131,Electronics,Laptop,1,3,185250.0
C0155,Electronics,Laptop,2,3,185250.0
C0313,Electronics,Laptop,2,3,185250.0
C0324,Electronics,Laptop,1,3,185250.0
C0404,Electronics,Laptop,2,3,185250.0
C0485,Electronics,Laptop,1,3,185250.0
C0028,Electronics,Smartphone,2,5,182000.0
C0071,Electronics,Smartphone,2,5,182000.0
C0127,Electronics,Smartphone,2,5,182000.0
C0273,Electronics,Laptop,2,3,182000.0
C0031,Electronics,Tablet,2,7,181500.0
C0016,Electronics,Smartphone,1,5,180000.0
C0055,Electronics,Tablet,2,6,180000.0
C0066,Electronics,Smartphone,1,5,180000.0
C0083,Electronics,Smartphone,2,5,180000.0
C0212,Electronics,Tablet,2,6,180000.0
C0243,Electronics,Smartphone,1,5,180000.0
C0248,Electronics,Smartphone,1,5,180000.0
C0252,Electronics,Smartphone,2,5,180000.0
C0253,Electronics,Smartphone,2,5,180000.0
C0318,Electronics,Smartphone,2,5,180000.0
C0339,Electronics,Tablet,2,6,180000.0
C0358,Electronics,Smartphone,1,5,180000.0
C0411,Electronics,Smartphone,1,5,180000.0
C0424,Electronics,Smartphone,1,5,180000.0
C0450,Electronics,Smartphone,1,5,180000.0
C0426,Electronics,Laptop,3,3,178750.0
C0484,Electronics,Laptop,2,3,178750.0
C0002,Electronics,Smartphone,2,5,178000.0
C0246,Electronics,Smartphone,3,5,178000.0
C0491,Electronics,Smartphone,2,5,178000.0
C0373,Electronics,Tablet,2,6,177000.0
C0374,Electronics,Monitor,3,13,176250.0
C0028,Electronics,Laptop,1,3,175500.0
C0146,Electronics,Laptop,2,3,175500.0
C0151,Electronics,Laptop,1,3,175500.0
C0204,Electronics,Laptop,1,3,175500.0
C0278,Electronics,Laptop,1,3,175500.0
C0285,Electronics,Laptop,1,3,175500.0
C0333,Electronics,Laptop,1,3,175500.0
C0380,Electronics,Laptop,1,3,175500.0
C0394,Electronics,Laptop,1,3,175500.0
C0444,Electronics,Laptop,2,3,175500.0
C0248,Electronics,Monitor,4,13,174750.0
C0013,Electronics,Smartphone,2,5,174000.0
C0057,Electronics,Tablet,2,6,174000.0
C0401,Electronics,Tablet,2,6,174000.0
C0473,Electronics,Monitor,4,13,174000.0
C0478,Electronics,Tablet,2,6,174000.0
C0494,Electronics,Tablet,2,6,174000.0
C0130,Electronics,Monitor,3,12,173250.0
C0488,Electronics,Monitor,3,12,173250.0
C0060,Electronics,Laptop,2,3,172250.0
C0174,Electronics,Smartphone,2,5,172000.0
C0495,Electronics,Monitor,3,12,171750.0
C0197,Electronics,Tablet,2,6,171000.0
C0392,Electronics,Tablet,2,6,171000.0
C0440,Electronics,Tablet,3,6,171000.0
C0069,Electronics,Smartphone,1,5,170000.0
C0094,Electronics,Smartphone,1,5,170000.0
C0175,Electronics,Smartphone,1,5,170000.0
C0177,Electronics,Smartphone,1,5,170000.0
C0189,Electronics,Smartphone,2,5,170000.0
C0200,Electronics,Smartphone,1,5,170000.0
C0228,Electronics,Smartphone,1,5,170000.0
C0239,Electronics,Smartphone,1,5,170000.0
C0330,Electronics,Smartphone,1,5,170000.0
C0359,Electronics,Smartphone,1,5,170000.0
C0496,Electronics,Smartphone,2,5,170000.0
C0136,Electronics,Tablet,3,6,169500.0
C0326,Electronics,Tablet,2,6,168000.0
C0336,Electronics,Tablet,2,6,168000.0
C0408,Electronics,Tablet,2,6,166500.0
C0481,Electronics,Tablet,3,6,166500.0
C0029,Electronics,Laptop,1,3,165750.0
C0040,Electronics,Laptop,1,3,165750.0
C0053,Electronics,Laptop,1,3,165750.0
C0056,Electronics,Laptop,1,3,165750.0
C0104,Electronics,Laptop,1,3,165750.0
C0106,Electronics,Laptop,1,3,165750.0
C0185,Electronics,Laptop,1,3,165750.0
C0192,Electronics,Laptop,1,3,165750.0
C0260,Electronics,Laptop,2,3,165750.0
C0389,Electronics,Laptop,1,3,165750.0
C0414,Electronics,Laptop,1,3,165750.0
C0476,Electronics,Laptop,1,3,165750.0
C0497,Electronics,Laptop,1,3,165750.0
C0027,Electronics,Tablet,2,6,165000.0
C0183,Electronics,Tablet,2,6,165000.0
C0258,Electronics,Tablet,4,6,165000.0
C0116,Electronics,Tablet,2,6,163500.0
C0389,Electronics,Monitor,3,12,162750.0
C0104,Electronics,Tablet,3,6,162000.0
C0352,Electronics,Tablet,2,6,162000.0
C0086,Electronics,Monitor,3,12,160500.0
C0094,Electronics,Monitor,3,12,160500.0
C0025,Electronics,Smartphone,1,4,160000.0
C0026,Electronics,Smartphone,1,4,160000.0
C0053,Electronics,Smartphone,1,4,160000.0
C0178,Electronics,Smartphone,1,4,160000.0
C0236,Electronics,Smartphone,1,4,160000.0
C0417,Electronics,Smartphone,1,4,160000.0
C0428,Electronics,Smartphone,1,4,160000.0
C0433,Electronics,Smartphone,1,4,160000.0
C0434,Electronics,Smartphone,1,4,160000.0
C0412,Electronics,Monitor,3,12,159750.0
C0182,Electronics,Tablet,2,6,159000.0
C0194,Electronics,Monitor,3,11,159000.0
C0309,Electronics,Monitor,4,11,158250.0
C0192,Electronics,Smartphone,2,4,154000.0
C0282,Electronics,Smartphone,2,4,154000.0
C0367,Electronics,Smartphone,2,4,154000.0
C0483,Electronics,Tablet,2,6,153000.0
C0029,Electronics,Smartphone,1,4,152000.0
C0050,Electronics,Smartphone,1,4,152000.0
C0103,Electronics,Smartphone,2,4,152000.0
C0151,Electronics,Smartphone,1,4,152000.0
C0152,Electronics,Smartphone,1,4,152000.0
C0257,Electronics,Smartphone,1,4,152000.0
C0269,Electronics,Smartphone,1,4,152000.0
C0314,Electronics,Smartphone,1,4,152000.0
C0420,Electronics,Smartphone,1,4,152000.0
C0436,Electronics,Smartphone,1,4,152000.0
C0485,Electronics,Smartphone,1,4,152000.0
C0489,Electronics,Smartphone,1,4,152000.0
C0498,Electronics,Smartphone,1,4,152000.0
C0032,Electronics,Monitor,3,11,151500.0
C0120,Electronics,Monitor,3,11,151500.0
C0003,Electronics,Monitor,3,11,150750.0
C0014,Electronics,Tablet,1,5,150000.0
C0054,Electronics,Tablet,1,5,150000.0
C0093,Electronics,Tablet,1,5,150000.0
C0100,Electronics,Tablet,2,5,150000.0
C0126,Electronics,Tablet,1,5,150000.0
C0223,Electronics,Tablet,1,5,150000.0
C0231,Electronics,Tablet,1,5,150000.0
C0234,Electronics,Monitor,4,11,150000.0
C0261,Electronics,Tablet,2,5,150000.0
C0276,Electronics,Tablet,1,5,150000.0
C0292,Electronics,Tablet,1,5,150000.0
C0397,Electronics,Tablet,2,5,150000.0
C0398,Electronics,Tablet,1,5,150000.0
C0402,Electronics,Tablet,1,5,150000.0
C0403,Electronics,Tablet,2,5,150000.0
C0408,Electronics,Smartphone,2,4,150000.0
C0423,Electronics,Tablet,1,5,150000.0
C0434,Electronics,Tablet,1,5,150000.0
C0448,Electronics,Tablet,2,5,148500.0
C0237,Electronics,Tablet,2,5,147000.0
C0422,Electronics,Tablet,2,5,147000.0
C0014,Electronics,Monitor,3,11,146250.0
C0414,Electronics,Monitor,2,10,146250.0
C0041,Electronics,Smartphone,3,4,146000.0
C0351,Electronics,Monitor,5,10,145500.0
C0380,Electronics,Tablet,2,5,145500.0
C0137,Electronics,Monitor,4,10,144750.0
C0092,Electronics,Smartphone,1,4,144000.0
C0148,Electronics,Smartphone,1,4,144000.0
C0197,Electronics,Smartphone,1,4,144000.0
C0212,Electronics,Smartphone,1,4,144000.0
C0286,Electronics,Smartphone,1,4,144000.0
C0292,Electronics,Smartphone,1,4,144000.0
C0364,Electronics,Smartphone,1,4,144000.0
C0388,Electronics,Monitor,3,10,144000.0
C0471,Electronics,Smartphone,1,4,144000.0
C0029,Electronics,Monitor,2,10,142500.0
C0059,Electronics,Monitor,2,10,142500.0
C0066,Electronics,Tablet,1,5,142500.0
C0085,Electronics,Tablet,1,5,142500.0
C0086,Electronics,Tablet,1,5,142500.0
C0140,Electronics,Tablet,1,5,142500.0
C0278,Electronics,Tablet,1,5,142500.0
C0304,Electronics,Tablet,1,5,142500.0
C0334,Electronics,Monitor,4,10,142500.0
C0353,Electronics,Tablet,1,5,142500.0
C0369,Electronics,Tablet,1,5,142500.0
C0404,Electronics,Tablet,1,5,142500.0
C0424,Electronics,Tablet,1,5,142500.0
C0493,Electronics,Tablet,1,5,142500.0
C0497,Electronics,Tablet,1,5,142500.0
C0266,Electronics,Smartphone,2,4,142000.0
C0146,Electronics,Monitor,4,10,141750.0
C0423,Electronics,Monitor,4,10,141750.0
C0003,Electronics,Tablet,2,5,141000.0
C0262,Electronics,Tablet,3,5,141000.0
C0292,Electronics,Monitor,3,10,141000.0
C0253,Electronics,Tablet,2,5,139500.0
C0305,Electronics,Monitor,2,10,138750.0
C0101,Electronics,Monitor,3,10,138000.0
C0211,Electronics,Tablet,2,5,138000.0
C0357,Electronics,Smartphone,2,4,138000.0
C0455,Electronics,Monitor,3,10,138000.0
C0368,Electronics,Tablet,2,5,136500.0
C0437,Electronics,Tablet,2,5,136500.0
C0043,Electronics,Smartphone,1,4,136000.0
C0079,Electronics,Smartphone,1,4,136000.0
C0088,Electronics,Smartphone,1,4,136000.0
C0093,Electronics,Smartphone,1,4,136000.0
C0099,Electronics,Smartphone,2,4,136000.0
C0140,Electronics,Smartphone,2,4,136000.0
C0186,Electronics,Smartphone,1,4,136000.0
C0354,Electronics,Smartphone,1,4,136000.0
C0370,Electronics,Smartphone,1,4,136000.0
C0372,Electronics,Smartphone,1,4,136000.0
C0390,Electronics,Smartphone,1,4,136000.0
C0469,Electronics,Smartphone,1,4,136000.0
C0470,Electronics,Smartphone,1,4,136000.0
C0008,Electronics,Tablet,1,5,135000.0
C0053,Electronics,Tablet,1,5,135000.0
C0054,Electronics,Monitor,3,10,135000.0
C0132,Electronics,Tablet,1,5,135000.0
C0168,Electronics,Tablet,1,5,135000.0
C0171,Electronics,Tablet,1,5,135000.0
C0198,Electronics,Tablet,1,5,135000.0
C0246,Electronics,Tablet,1,5,135000.0
C0364,Electronics,Tablet,1,5,135000.0
C0468,Electronics,Tablet,1,5,135000.0
C0476,Electronics,Tablet,1,5,135000.0
C0027,Electronics,Monitor,3,9,134250.0
C0275,Electronics,Monitor,3,10,134250.0
C0464,Electronics,Monitor,4,10,133500.0
C0467,Electronics,Tablet,2,5,133500.0
C0166,Electronics,Tablet,3,5,132000.0
C0496,Electronics,Tablet,2,5,132000.0
C0285,Electronics,Tablet,2,5,130500.0
C0007,Electronics,Laptop,2,2,130000.0
C0024,Electronics,Laptop,1,2,130000.0
C0055,Electronics,Laptop,1,2,130000.0
C0147,Electronics,Laptop,1,2,130000.0
C0150,Electronics,Laptop,1,2,130000.0
C0171,Electronics,Laptop,1,2,130000.0
C0242,Electronics,Laptop,1,2,130000.0
C0253,Electronics,Laptop,1,2,130000.0
C0276,Electronics,Laptop,1,2,130000.0
C0325,Electronics,Laptop,1,2,130000.0
C0354,Electronics,Laptop,1,2,130000.0
C0400,Electronics,Laptop,1,2,130000.0
C0450,Electronics,Laptop,1,2,130000.0
C0480,Electronics,Laptop,1,2,130000.0
C0102,Electronics,Monitor,3,9,129750.0
C0026,Electronics,Monitor,3,9,129000.0
C0029,Electronics,Tablet,2,5,129000.0
C0051,Electronics,Monitor,2,9,129000.0
C0021,Electronics,Monitor,2,9,128250.0
C0215,Electronics,Monitor,2,9,128250.0
C0039,Electronics,Tablet,1,5,127500.0
C0048,Electronics,Tablet,1,5,127500.0
C0068,Electronics,Tablet,1,5,127500.0
C0111,Electronics,Tablet,1,5,127500.0
C0390,Electronics,Tablet,1,5,127500.0
C0282,Electronics,Laptop,2,2,126750.0
C0349,Electronics,Monitor,3,9,126750.0
C0493,Electronics,Monitor,2,9,126000.0
C0200,Electronics,Monitor,2,9,125250.0
C0358,Electronics,Monitor,3,9,123750.0
C0076,Electronics,Laptop,1,2,123500.0
C0156,Electronics,Laptop,1,2,123500.0
C0174,Electronics,Laptop,1,2,123500.0
C0206,Electronics,Laptop,2,2,123500.0
C0228,Electronics,Laptop,1,2,123500.0
C0247,Electronics,Laptop,1,2,123500.0
C0425,Electronics,Laptop,1,2,123500.0
C0138,Electronics,Monitor,2,9,122250.0
C0023,Electronics,Monitor,2,9,121500.0
C0119,Electronics,Monitor,2,9,121500.0
C0454,Electronics,Monitor,3,9,121500.0
C0157,Electronics,Monitor,2,9,120750.0
C0249,Electronics,Monitor,3,9,120750.0
C0115,Electronics,Laptop,2,2,120250.0
C0447,Electronics,Laptop,2,2,120250.0
C0089,Electronics,Tablet,1,4,120000.0
C0134,Electronics,Smartphone,1,3,120000.0
C0142,Electronics,Tablet,1,4,120000.0
C0152,Electronics,Tablet,2,4,120000.0
C0164,Electronics,Tablet,2,4,120000.0
C0205,Electronics,Smartphone,1,3,120000.0
C0219,Electronics,Tablet,1,4,120000.0
C0238,Electronics,Tablet,1,4,120000.0
C0251,Electronics,Tablet,1,4,120000.0
C0275,Electronics,Tablet,2,4,120000.0
C0297,Electronics,Smartphone,1,3,120000.0
C0320,Electronics,Smartphone,1,3,120000.0
C0321,Electronics,Smartphone,2,3,120000.0
C0360,Electronics,Smartphone,1,3,120000.0
C0376,Electronics,Smartphone,1,3,120000.0
C0382,Electronics,Tablet,1,4,120000.0
C0421,Electronics,Tablet,1,4,120000.0
C0445,Electronics,Smartphone,1,3,120000.0
C0462,Electronics,Smartphone,1,3,120000.0
C0463,Electronics,Smartphone,1,3,120000.0
C0495,Electronics,Tablet,2,4,120000.0
C0499,Electronics,Tablet,1,4,120000.0
C0459,Electronics,Monitor,3,9,119250.0
C0296,Electronics,Monitor,2,9,118500.0
C0432,Electronics,Monitor,3,9,118500.0
C0011,Electronics,Laptop,1,2,117000.0
C0025,Electronics,Laptop,1,2,117000.0
C0042,Electronics,Laptop,1,2,117000.0
C0087,Electronics,Laptop,1,2,117000.0
C0170,Electronics,Laptop,1,2,117000.0
C0188,Electronics,Laptop,1,2,117000.0
C0248,Electronics,Laptop,2,2,117000.0
C0269,Electronics,Laptop,1,2,117000.0
C0308,Electronics,Laptop,1,2,117000.0
C0327,Electronics,Laptop,1,2,117000.0
C0332,Electronics,Laptop,1,2,117000.0
C0387,Electronics,Laptop,1,2,117000.0
C0416,Electronics,Laptop,1,2,117000.0
C0423,Electronics,Laptop,1,2,117000.0
C0454,Electronics,Laptop,1,2,117000.0
C0465,Electronics,Laptop,1,2,117000.0
C0104,Electronics,Monitor,2,8,116250.0
C0149,Electronics,Smartphone,2,3,116000.0
C0232,Electronics,Smartphone,2,3,116000.0
C0233,Electronics,Smartphone,2,3,116000.0
C0289,Electronics,Smartphone,2,3,116000.0
C0010,Electronics,Tablet,2,4,115500.0
C0458,Electronics,Monitor,4,8,114750.0
C0017,Electronics,Tablet,1,4,114000.0
C0088,Electronics,Tablet,1,4,114000.0
C0090,Electronics,Smartphone,1,3,114000.0
C0132,Electronics,Smartphone,1,3,114000.0
C0193,Electronics,Tablet,2,4,114000.0
C0236,Electronics,Tablet,1,4,114000.0
C0245,Electronics,Tablet,1,4,114000.0
C0249,Electronics,Tablet,2,4,114000.0
C0277,Electronics,Smartphone,1,3,114000.0
C0295,Electronics,Tablet,1,4,114000.0
C0301,Electronics,Tablet,1,4,114000.0
C0352,Electronics,Smartphone,1,3,114000.0
C0382,Electronics,Smartphone,1,3,114000.0
C0406,Electronics,Tablet,1,4,114000.0
C0408,Electronics,Monitor,2,8,114000.0
C0409,Electronics,Tablet,1,4,114000.0
C0425,Electronics,Tablet,1,4,114000.0
C0490,Electronics,Smartphone,1,3,114000.0
C0046,Electronics,Monitor,2,8,113250.0
C0012,Electronics,Monitor,3,8,112500.0
C0210,Electronics,Tablet,2,4,112500.0
C0347,Electronics,Tablet,2,4,112500.0
C0187,Electronics,Monitor,3,8,111750.0
C0035,Electronics,Tablet,2,4,111000.0
C0119,Electronics,Tablet,2,4,111000.0
C0180,Electronics,Tablet,2,4,111000.0
C0205,Electronics,Monitor,2,8,111000.0
C0300,Electronics,Tablet,2,4,111000.0
C0329,Electronics,Tablet,2,4,111000.0
C0017,Electronics,Laptop,1,2,110500.0
C0089,Electronics,Laptop,1,2,110500.0
C0107,Electronics,Laptop,1,2,110500.0
C0198,Electronics,Laptop,1,2,110500.0
C0311,Electronics,Laptop,1,2,110500.0
C0344,Electronics,Laptop,1,2,110500.0
C0399,Electronics,Laptop,1,2,110500.0
C0241,Electronics,Smartphone,2,3,110000.0
C0333,Electronics,Smartphone,2,3,110000.0
C0327,Electronics,Monitor,3,8,108750.0
C0489,Electronics,Monitor,4,8,108750.0
C0035,Electronics,Smartphone,2,3,108000.0
C0049,Electronics,Tablet,1,4,108000.0
C0052,Electronics,Smartphone,1,3,108000.0
C0080,Electronics,Smartphone,1,3,108000.0
C0190,Electronics,Tablet,1,4,108000.0
C0201,Electronics,Smartphone,1,3,108000.0
C0210,Electronics,Smartphone,1,3,108000.0
C0225,Electronics,Smartphone,1,3,108000.0
C0234,Electronics,Smartphone,1,3,108000.0
C0244,Electronics,Tablet,1,4,108000.0
C0250,Electronics,Monitor,2,8,108000.0
C0255,Electronics,Tablet,1,4,108000.0
C0258,Electronics,Smartphone,1,3,108000.0
C0269,Electronics,Tablet,1,4,108000.0
C0288,Electronics,Smartphone,1,3,108000.0
C0307,Electronics,Tablet,1,4,108000.0
C0362,Electronics,Smartphone,1,3,108000.0
C0380,Electronics,Smartphone,1,3,108000.0
C0416,Electronics,Smartphone,2,3,108000.0
C0427,Electronics,Smartphone,1,3,108000.0
C0446,Electronics,Smartphone,1,3,108000.0
C0462,Electronics,Tablet,2,4,108000.0
C0486,Electronics,Tablet,1,4,108000.0
C0095,Electronics,Tablet,2,4,106500.0
C0375,Electronics,Monitor,3,8,106500.0
C0416,Electronics,Tablet,3,4,106500.0
C0298,Electronics,Smartphone,2,3,106000.0
C0442,Electronics,Monitor,2,8,105750.0
C0475,Electronics,Monitor,2,8,105750.0
C0143,Electronics,Monitor,2,7,105000.0
C0392,Electronics,Monitor,2,8,105000.0
C0308,Electronics,Monitor,2,7,103500.0
C0431,Electronics,Tablet,2,4,103500.0
C0004,Electronics,Tablet,2,4,102000.0
C0008,Electronics,Smartphone,1,3,102000.0
C0021,Electronics,Smartphone,1,3,102000.0
C0023,Electronics,Tablet,1,4,102000.0
C0036,Electronics,Smartphone,1,3,102000.0
C0038,Electronics,Smartphone,1,3,102000.0
C0045,Electronics,Smartphone,1,3,102000.0
C0087,Electronics,Smartphone,1,3,102000.0
C0105,Electronics,Smartphone,1,3,102000.0
C0129,Electronics,Tablet,1,4,102000.0
C0146,Electronics,Smartphone,1,3,102000.0
C0146,Electronics,Tablet,1,4,102000.0
C0176,Electronics,Monitor,2,7,102000.0
C0180,Electronics,Smartphone,1,3,102000.0
C0205,Electronics,Tablet,1,4,102000.0
C0242,Electronics,Smartphone,1,3,102000.0
C0265,Electronics,Tablet,1,4,102000.0
C0314,Electronics,Tablet,1,4,102000.0
C0332,Electronics,Tablet,1,4,102000.0
C0386,Electronics,Tablet,1,4,102000.0
C0389,Electronics,Smartphone,1,3,102000.0
C0404,Electronics,Monitor,2,8,102000.0
C0414,Electronics,Smartphone,1,3,102000.0
C0417,Electronics,Tablet,2,4,102000.0
C0429,Electronics,Tablet,1,4,102000.0
C0432,Electronics,Smartphone,1,3,102000.0
C0433,Electronics,Tablet,1,4,102000.0
C0067,Electronics,Monitor,3,7,100500.0
C0197,Electronics,Monitor,2,7,100500.0
C0344,Electronics,Monitor,2,7,100500.0
C0222,Electronics,Monitor,2,7,96750.0
C0391,Electronics,Monitor,2,7,96000.0
C0030,Electronics,Monitor,2,7,95250.0
C0024,Electronics,Monitor,3,7,94500.0
C0097,Electronics,Monitor,3,7,94500.0
C0099,Electronics,Monitor,2,7,94500.0
C0242,Electronics,Monitor,2,7,94500.0
C0338,Electronics,Monitor,2,7,94500.0
C0053,Accessories,Webcam,8,29,94150.0
C0017,Electronics,Monitor,3,7,93750.0
C0331,Electronics,Monitor,3,7,93750.0
C0339,Electronics,Monitor,2,7,93750.0
C0367,Electronics,Monitor,2,7,93750.0
C0298,Electronics,Monitor,2,7,93000.0
C0156,Electronics,Monitor,2,7,92250.0
C0479,Electronics,Monitor,2,7,92250.0
C0083,Electronics,Monitor,2,7,90750.0
C0033,Electronics,Tablet,1,3,90000.0
C0063,Electronics,Tablet,1,3,90000.0
C0115,Electronics,Tablet,1,3,90000.0
C0173,Electronics,Tablet,1,3,90000.0
C0229,Electronics,Tablet,1,3,90000.0
C0298,Electronics,Tablet,1,3,90000.0
C0305,Electronics,Tablet,1,3,90000.0
C0357,Electronics,Tablet,1,3,90000.0
C0391,Electronics,Tablet,1,3,90000.0
C0407,Electronics,Monitor,3,7,90000.0
C0419,Electronics,Tablet,1,3,90000.0
C0491,Electronics,Tablet,1,3,90000.0
C0207,Electronics,Tablet,2,3,88500.0
C0341,Electronics,Monitor,3,6,87000.0
C0436,Electronics,Monitor,2,6,87000.0
C0471,Electronics,Tablet,2,3,87000.0
C0135,Electronics,Monitor,2,6,86250.0
C0359,Electronics,Monitor,2,6,86250.0
C0006,Electronics,Tablet,1,3,85500.0
C0037,Electronics,Monitor,2,6,85500.0
C0112,Electronics,Monitor,2,6,85500.0
C0165,Electronics,Tablet,1,3,85500.0
C0209,Electronics,Tablet,1,3,85500.0
C0250,Electronics,Tablet,1,3,85500.0
C0317,Electronics,Tablet,1,3,85500.0
C0331,Electronics,Tablet,1,3,85500.0
C0389,Electronics,Tablet,1,3,85500.0
C0449,Electronics,Tablet,1,3,85500.0
C0184,Electronics,Monitor,3,6,84750.0
C0411,Electronics,Monitor,2,6,84750.0
C0083,Electronics,Tablet,2,3,84000.0
C0151,Electronics,Tablet,2,3,84000.0
C0274,Electronics,Tablet,2,3,84000.0
C0281,Electronics,Tablet,2,3,84000.0
C0330,Electronics,Tablet,2,3,84000.0
C0287,Electronics,Monitor,2,6,83250.0
C0403,Electronics,Monitor,3,6,83250.0
C0161,Electronics,Monitor,2,6,82500.0
C0310,Electronics,Tablet,2,3,82500.0
C0464,Electronics,Tablet,2,3,82500.0
C0089,Electronics,Monitor,2,6,81750.0
C0356,Electronics,Monitor,2,6,81750.0
C0450,Electronics,Monitor,2,6,81750.0
C0002,Electronics,Tablet,1,3,81000.0
C0046,Electronics,Tablet,1,3,81000.0
C0084,Electronics,Tablet,1,3,81000.0
C0133,Electronics,Tablet,1,3,81000.0
C0135,Electronics,Tablet,1,3,81000.0
C0161,Electronics,Tablet,1,3,81000.0
C0195,Electronics,Monitor,2,6,81000.0
C0222,Electronics,Tablet,1,3,81000.0
C0241,Electronics,Tablet,1,3,81000.0
C0319,Electronics,Tablet,2,3,81000.0
C0375,Electronics,Tablet,1,3,81000.0
C0376,Electronics,Monitor,2,6,81000.0
C0433,Electronics,Monitor,2,6,81000.0
C0444,Electronics,Tablet,2,3,81000.0
C0456,Electronics,Monitor,3,6,81000.0
C0459,Electronics,Tablet,1,3,81000.0
C0461,Electronics,Tablet,1,3,81000.0
C0470,Electronics,Tablet,1,3,81000.0
C0122,Electronics,Smartphone,1,2,80000.0
C0126,Electronics,Smartphone,1,2,80000.0
C0296,Electronics,Smartphone,1,2,80000.0
C0419,Electronics,Smartphone,1,2,80000.0
C0174,Electronics,Tablet,2,3,79500.0
C0191,Electronics,Tablet,2,3,79500.0
C0294,Electronics,Tablet,2,3,78000.0
C0224,Electronics,Tablet,1,3,76500.0
C0006,Electronics,Smartphone,2,2,76000.0
C0030,Electronics,Smartphone,1,2,76000.0
C0161,Electronics,Smartphone,1,2,76000.0
C0171,Electronics,Smartphone,1,2,76000.0
C0259,Electronics,Smartphone,1,2,76000.0
C0299,Electronics,Smartphone,1,2,76000.0
C0316,Electronics,Smartphone,1,2,76000.0
C0353,Electronics,Smartphone,1,2,76000.0
C0378,Electronics,Smartphone,1,2,76000.0
C0397,Electronics,Smartphone,1,2,76000.0
C0476,Electronics,Smartphone,1,2,76000.0
C0053,Electronics,Monitor,2,5,75000.0
C0109,Electronics,Monitor,1,5,75000.0
C0144,Electronics,Monitor,2,5,75000.0
C0147,Electronics,Monitor,1,5,75000.0
C0175,Electronics,Monitor,1,5,75000.0
C0210,Electronics,Monitor,1,5,75000.0
C0243,Electronics,Monitor,1,5,75000.0
C0261,Electronics,Monitor,1,5,75000.0
C0268,Electronics,Monitor,1,5,75000.0
C0343,Electronics,Monitor,1,5,75000.0
C0350,Electronics,Monitor,1,5,75000.0
C0363,Electronics,Monitor,1,5,75000.0
C0393,Electronics,Monitor,1,5,75000.0
C0395,Electronics,Monitor,1,5,75000.0
C0428,Electronics,Monitor,1,5,75000.0
C0467,Electronics,Monitor,1,5,75000.0
C0194,Electronics,Smartphone,2,2,74000.0
C0103,Electronics,Monitor,2,5,73500.0
C0251,Electronics,Monitor,2,5,73500.0
C0259,Electronics,Monitor,2,5,73500.0
C0336,Electronics,Monitor,2,5,73500.0
C0019,Electronics,Monitor,2,5,72750.0
C0100,Electronics,Monitor,2,5,72750.0
C0057,Electronics,Smartphone,1,2,72000.0
C0185,Electronics,Smartphone,1,2,72000.0
C0195,Electronics,Smartphone,1,2,72000.0
C0202,Electronics,Monitor,2,5,72000.0
C0221,Electronics,Smartphone,1,2,72000.0
C0255,Electronics,Smartphone,2,2,72000.0
C0313,Electronics,Smartphone,1,2,72000.0
C0342,Electronics,Smartphone,2,2,72000.0
C0402,Electronics,Smartphone,1,2,72000.0
C0018,Electronics,Monitor,1,5,71250.0
C0076,Electronics,Monitor,1,5,71250.0
C0211,Electronics,Monitor,1,5,71250.0
C0228,Electronics,Monitor,1,5,71250.0
C0255,Electronics,Monitor,1,5,71250.0
C0370,Electronics,Monitor,2,5,71250.0
C0396,Electronics,Monitor,1,5,71250.0
C0490,Electronics,Monitor,1,5,71250.0
C0045,Electronics,Monitor,2,5,70500.0
C0378,Electronics,Monitor,3,5,70500.0
C0425,Electronics,Monitor,3,5,70500.0
C0216,Electronics,Smartphone,2,2,70000.0
C0035,Electronics,Monitor,2,5,69750.0
C0219,Electronics,Monitor,2,5,69750.0
C0115,Electronics,Monitor,2,5,69000.0
C0191,Electronics,Monitor,2,5,69000.0
C0345,Electronics,Monitor,2,5,69000.0
C0204,Electronics,Monitor,3,5,68250.0
C0101,Electronics,Smartphone,1,2,68000.0
C0245,Electronics,Smartphone,1,2,68000.0
C0273,Electronics,Smartphone,1,2,68000.0
C0324,Electronics,Smartphone,2,2,68000.0
C0345,Electronics,Smartphone,1,2,68000.0
C0373,Electronics,Smartphone,1,2,68000.0
C0399,Electronics,Smartphone,2,2,68000.0
C0447,Electronics,Smartphone,1,2,68000.0
C0460,Electronics,Smartphone,1,2,68000.0
C0479,Electronics,Smartphone,1,2,68000.0
C0495,Electronics,Smartphone,1,2,68000.0
C0005,Electronics,Monitor,2,5,67500.0
C0011,Electronics,Monitor,1,5,67500.0
C0043,Electronics,Monitor,2,5,67500.0
C0081,Electronics,Monitor,1,5,67500.0
C0106,Electronics,Monitor,1,5,67500.0
C0153,Electronics,Monitor,1,5,67500.0
C0236,Electronics,Monitor,2,5,67500.0
C0240,Electronics,Monitor,1,5,67500.0
C0252,Electronics,Monitor,1,5,67500.0
C0283,Electronics,Monitor,2,5,67500.0
C0293,Electronics,Monitor,1,5,67500.0
C0361,Electronics,Monitor,2,5,67500.0
C0474,Electronics,Monitor,2,5,67500.0
C0496,Electronics,Monitor,1,5,67500.0
C0498,Electronics,Monitor,1,5,67500.0
C0034,Electronics,Monitor,2,5,66750.0
C0105,Electronics,Monitor,2,5,66000.0
C0073,Electronics,Monitor,3,5,65250.0
C0133,Electronics,Monitor,2,5,65250.0
C0150,Electronics,Monitor,2,5,65250.0
C0492,Electronics,Monitor,2,5,65250.0
C0047,Electronics,Laptop,1,1,65000.0
C0133,Electronics,Laptop,1,1,65000.0
C0158,Electronics,Laptop,1,1,65000.0
C0211,Electronics,Laptop,1,1,65000.0
C0223,Electronics,Laptop,1,1,65000.0
C0391,Electronics,Laptop,1,1,65000.0
C0421,Electronics,Laptop,1,1,65000.0
C0449,Electronics,Laptop,1,1,65000.0
C0474,Electronics,Laptop,1,1,65000.0
C0013,Electronics,Monitor,1,5,63750.0
C0096,Electronics,Monitor,1,5,63750.0
C0107,Electronics,Monitor,1,5,63750.0
C0129,Electronics,Monitor,1,5,63750.0
C0177,Electronics,Monitor,2,5,63750.0
C0223,Electronics,Monitor,1,5,63750.0
C0237,Electronics,Monitor,1,5,63750.0
C0260,Electronics,Monitor,1,5,63750.0
C0304,Electronics,Monitor,1,5,63750.0
C0422,Electronics,Monitor,1,5,63750.0
C0446,Electronics,Monitor,1,5,63750.0
C0101,Electronics,Laptop,1,1,61750.0
C0111,Electronics,Laptop,1,1,61750.0
C0296,Electronics,Laptop,1,1,61750.0
C0015,Electronics,Tablet,1,2,60000.0
C0056,Electronics,Monitor,1,4,60000.0
C0064,Electronics,Tablet,1,2,60000.0
C0091,Electronics,Monitor,1,4,60000.0
C0166,Electronics,Monitor,1,4,60000.0
C0167,Electronics,Tablet,1,2,60000.0
C0175,Electronics,Tablet,1,2,60000.0
C0269,Electronics,Monitor,1,4,60000.0
C0310,Electronics,Monitor,2,4,60000.0
C0315,Electronics,Tablet,1,2,60000.0
C0329,Electronics,Monitor,1,4,60000.0
C0400,Electronics,Tablet,1,2,60000.0
C0438,Electronics,Monitor,1,4,60000.0
C0482,Electronics,Tablet,1,2,60000.0
C0012,Electronics,Laptop,1,1,58500.0
C0046,Electronics,Laptop,1,1,58500.0
C0055,Electronics,Monitor,2,4,58500.0
C0069,Electronics,Monitor,2,4,58500.0
C0083,Electronics,Laptop,1,1,58500.0
C0114,Electronics,Laptop,1,1,58500.0
C0160,Electronics,Monitor,2,4,58500.0
C0366,Electronics,Laptop,1,1,58500.0
C0368,Electronics,Laptop,1,1,58500.0
C0376,Electronics,Laptop,1,1,58500.0
C0459,Electronics,Laptop,1,1,58500.0
C0271,Electronics,Monitor,3,4,57750.0
C0001,Electronics,Tablet,1,2,57000.0
C0028,Electronics,Monitor,1,4,57000.0
C0057,Electronics,Monitor,1,4,57000.0
C0075,Electronics,Tablet,1,2,57000.0
C0093,Electronics,Monitor,1,4,57000.0
C0107,Electronics,Tablet,1,2,57000.0
C0159,Electronics,Tablet,1,2,57000.0
C0188,Electronics,Monitor,1,4,57000.0
C0227,Electronics,Tablet,1,2,57000.0
C0244,Electronics,Monitor,1,4,57000.0
C0257,Electronics,Tablet,1,2,57000.0
C0274,Electronics,Monitor,1,4,57000.0
C0286,Electronics,Monitor,1,4,57000.0
C0303,Electronics,Monitor,1,4,57000.0
C0317,Electronics,Monitor,3,4,57000.0
C0338,Electronics,Tablet,1,2,57000.0
C0362,Electronics,Tablet,1,2,57000.0
C0371,Electronics,Monitor,1,4,57000.0
C0406,Electronics,Monitor,1,4,57000.0
C0435,Electronics,Monitor,1,4,57000.0
C0456,Electronics,Tablet,2,2,57000.0
C0460,Electronics,Monitor,1,4,57000.0
C0231,Accessories,Webcam,4,17,56350.0
C0313,Accessories,Webcam,4,17,56350.0
C0266,Electronics,Monitor,2,4,56250.0
C0466,Electronics,Monitor,2,4,56250.0
C0155,Electronics,Monitor,2,4,55500.0
C0167,Electronics,Monitor,2,4,55500.0
C0276,Electronics,Monitor,2,4,55500.0
C0278,Electronics,Monitor,3,4,55500.0
C0073,Electronics,Laptop,1,1,55250.0
C0279,Electronics,Laptop,1,1,55250.0
C0346,Electronics,Laptop,1,1,55250.0
C0348,Electronics,Laptop,1,1,55250.0
C0360,Electronics,Laptop,1,1,55250.0
C0407,Electronics,Laptop,1,1,55250.0
C0420,Electronics,Laptop,1,1,55250.0
C0424,Electronics,Laptop,1,1,55250.0
C0430,Electronics,Laptop,1,1,55250.0
C0475,Electronics,Laptop,1,1,55250.0
C0486,Electronics,Laptop,1,1,55250.0
C0179,Electronics,Monitor,2,4,54750.0
C0201,Electronics,Monitor,2,4,54750.0
C0325,Electronics,Monitor,2,4,54750.0
C0022,Electronics,Monitor,1,4,54000.0
C0071,Electronics,Monitor,1,4,54000.0
C0082,Electronics,Tablet,1,2,54000.0
C0124,Electronics,Tablet,1,2,54000.0
C0173,Electronics,Monitor,2,4,54000.0
C0184,Electronics,Tablet,1,2,54000.0
C0221,Electronics,Monitor,2,4,54000.0
C0259,Electronics,Tablet,1,2,54000.0
C0277,Electronics,Tablet,1,2,54000.0
C0330,Electronics,Monitor,1,4,54000.0
C0342,Electronics,Tablet,1,2,54000.0
C0354,Electronics,Monitor,1,4,54000.0
C0360,Electronics,Monitor,2,4,54000.0
C0374,Electronics,Tablet,1,2,54000.0
C0382,Electronics,Monitor,1,4,54000.0
C0387,Electronics,Monitor,1,4,54000.0
C0453,Electronics,Monitor,1,4,54000.0
C0230,Electronics,Monitor,2,4,53250.0
C0383,Electronics,Monitor,2,4,53250.0
C0140,Electronics,Monitor,2,4,52500.0
C0033,Accessories,Headphones,6,22,52125.0
C0444,Electronics,Monitor,2,4,51750.0
C0047,Electronics,Tablet,1,2,51000.0
C0052,Electronics,Tablet,1,2,51000.0
C0067,Electronics,Tablet,1,2,51000.0
C0080,Electronics,Tablet,1,2,51000.0
C0110,Electronics,Monitor,1,4,51000.0
C0142,Electronics,Monitor,1,4,51000.0
C0145,Electronics,Monitor,2,4,51000.0
C0152,Electronics,Monitor,1,4,51000.0
C0159,Electronics,Monitor,2,4,51000.0
C0192,Electronics,Monitor,1,4,51000.0
C0198,Electronics,Monitor,1,4,51000.0
C0209,Electronics,Monitor,1,4,51000.0
C0242,Electronics,Tablet,1,2,51000.0
C0271,Electronics,Tablet,1,2,51000.0
C0289,Electronics,Monitor,1,4,51000.0
C0296,Electronics,Tablet,1,2,51000.0
C0327,Electronics,Tablet,1,2,51000.0
C0337,Electronics,Monitor,2,4,51000.0
C0355,Electronics,Monitor,1,4,51000.0
C0416,Electronics,Monitor,1,4,51000.0
C0420,Electronics,Tablet,2,2,51000.0
C0437,Electronics,Monitor,1,4,51000.0
C0439,Electronics,Tablet,1,2,51000.0
C0482,Electronics,Monitor,2,4,51000.0
C0487,Electronics,Monitor,1,4,51000.0
C0499,Electronics,Monitor,1,4,51000.0
C0346,Accessories,Webcam,3,15,49875.0
C0482,Accessories,Webcam,4,16,49875.0
C0187,Accessories,Webcam,5,15,49000.0
C0165,Accessories,Webcam,4,15,48475.0
C0286,Accessories,Webcam,5,14,46725.0
C0405,Accessories,Webcam,4,14,45500.0
C0245,Accessories,Headphones,6,20,45375.0
C0007,Electronics,Monitor,1,3,45000.0
C0048,Electronics,Monitor,1,3,45000.0
C0049,Electronics,Monitor,1,3,45000.0
C0117,Electronics,Monitor,1,3,45000.0
C0136,Electronics,Monitor,1,3,45000.0
C0214,Electronics,Monitor,1,3,45000.0
C0312,Electronics,Monitor,1,3,45000.0
C0369,Electronics,Monitor,2,3,45000.0
C0394,Electronics,Monitor,1,3,45000.0
C0273,Accessories,Webcam,4,13,44450.0
C0004,Electronics,Monitor,2,3,44250.0
C0169,Accessories,Headphones,5,19,44250.0
C0489,Accessories,Webcam,3,13,44100.0
C0423,Accessories,Webcam,3,14,43925.0
C0299,Electronics,Monitor,2,3,43500.0
C0469,Electronics,Monitor,2,3,43500.0
C0289,Accessories,Webcam,4,14,43225.0
C0062,Electronics,Monitor,2,3,42750.0
C0074,Electronics,Monitor,1,3,42750.0
C0165,Electronics,Monitor,1,3,42750.0
C0172,Electronics,Monitor,1,3,42750.0
C0226,Electronics,Monitor,1,3,42750.0
C0235,Electronics,Monitor,1,3,42750.0
C0300,Electronics,Monitor,1,3,42750.0
C0291,Accessories,Webcam,4,13,42700.0
C0484,Accessories,Webcam,3,14,42525.0
C0316,Accessories,Webcam,3,13,42350.0
C0224,Electronics,Monitor,2,3,42000.0
C0405,Electronics,Monitor,2,3,42000.0
C0167,Accessories,Webcam,3,13,41650.0
C0232,Accessories,Webcam,3,13,41650.0
C0037,Accessories,Webcam,4,13,41300.0
C0473,Accessories,Webcam,3,13,41300.0
C0500,Electronics,Monitor,2,3,41250.0
C0456,Accessories,Headphones,5,17,40750.0
C0151,Electronics,Monitor,1,3,40500.0
C0168,Electronics,Monitor,1,3,40500.0
C0232,Electronics,Monitor,1,3,40500.0
C0318,Electronics,Monitor,1,3,40500.0
C0451,Electronics,Monitor,1,3,40500.0
C0494,Electronics,Monitor,1,3,40500.0
C0001,Electronics,Smartphone,1,1,40000.0
C0003,Electronics,Smartphone,1,1,40000.0
C0054,Electronics,Smartphone,1,1,40000.0
C0061,Electronics,Smartphone,1,1,40000.0
C0278,Electronics,Smartphone,1,1,40000.0
C0413,Electronics,Smartphone,1,1,40000.0
C0452,Electronics,Smartphone,1,1,40000.0
C0454,Electronics,Smartphone,1,1,40000.0
C0488,Electronics,Smartphone,1,1,40000.0
C0134,Accessories,Headphones,5,16,39250.0
C0067,Accessories,Webcam,3,12,38850.0
C0150,Accessories,Webcam,3,12,38675.0
C0297,Accessories,Webcam,3,12,38675.0
C0024,Accessories,Webcam,3,12,38500.0
C0122,Electronics,Monitor,1,3,38250.0
C0126,Electronics,Monitor,1,3,38250.0
C0208,Electronics,Monitor,1,3,38250.0
C0272,Electronics,Monitor,1,3,38250.0
C0319,Electronics,Monitor,1,3,38250.0
C0324,Electronics,Monitor,1,3,38250.0
C0421,Electronics,Monitor,1,3,38250.0
C0427,Electronics,Monitor,1,3,38250.0
C0452,Electronics,Monitor,1,3,38250.0
C0015,Electronics,Smartphone,1,1,38000.0
C0073,Electronics,Smartphone,1,1,38000.0
C0078,Electronics,Smartphone,1,1,38000.0
C0167,Electronics,Smartphone,1,1,38000.0
C0188,Electronics,Smartphone,1,1,38000.0
C0222,Electronics,Smartphone,1,1,38000.0
C0308,Electronics,Smartphone,1,1,38000.0
C0329,Electronics,Smartphone,1,1,38000.0
C0332,Electronics,Smartphone,1,1,38000.0
C0341,Electronics,Smartphone,1,1,38000.0
C0375,Electronics,Smartphone,1,1,38000.0
C0423,Electronics,Smartphone,1,1,38000.0
C0465,Electronics,Smartphone,1,1,38000.0
C0483,Electronics,Smartphone,1,1,38000.0
C0142,Accessories,Webcam,5,12,37975.0
C0390,Accessories,Webcam,6,11,37625.0
C0337,Accessories,Webcam,3,12,37450.0
C0392,Accessories,Webcam,4,12,37100.0
C0109,Accessories,Webcam,3,11,36400.0
C0466,Accessories,Headphones,4,16,36375.0
C0254,Accessories,Headphones,4,16,36125.0
C0063,Electronics,Smartphone,1,1,36000.0
C0067,Electronics,Smartphone,1,1,36000.0
C0072,Electronics,Smartphone,1,1,36000.0
C0130,Electronics,Smartphone,1,1,36000.0
C0138,Electronics,Smartphone,1,1,36000.0
C0145,Electronics,Smartphone,1,1,36000.0
C0154,Electronics,Smartphone,1,1,36000.0
C0349,Electronics,Smartphone,1,1,36000.0
C0401,Electronics,Smartphone,1,1,36000.0
C0107,Accessories,Webcam,3,12,35700.0
C0033,Accessories,Webcam,5,11,35525.0
C0479,Accessories,Webcam,3,11,35175.0
C0013,Accessories,Webcam,2,10,35000.0
C0120,Accessories,Webcam,3,11,34650.0
C0159,Accessories,Webcam,4,11,34475.0
C0009,Accessories,Webcam,2,10,34125.0
C0014,Electronics,Smartphone,1,1,34000.0
C0019,Electronics,Smartphone,1,1,34000.0
C0113,Electronics,Smartphone,1,1,34000.0
C0137,Electronics,Smartphone,1,1,34000.0
C0179,Electronics,Smartphone,1,1,34000.0
C0262,Electronics,Smartphone,1,1,34000.0
C0315,Electronics,Smartphone,1,1,34000.0
C0323,Electronics,Smartphone,1,1,34000.0
C0346,Electronics,Smartphone,1,1,34000.0
C0371,Electronics,Smartphone,1,1,34000.0
C0379,Electronics,Smartphone,1,1,34000.0
C0115,Accessories,Headphones,4,15,33750.0
C0450,Accessories,Headphones,4,15,33750.0
C0118,Accessories,Webcam,4,11,33425.0
C0297,Accessories,Headphones,4,14,32875.0
C0374,Accessories,Webcam,3,10,32725.0
C0456,Accessories,Webcam,4,10,32725.0
C0023,Accessories,Headphones,5,14,32500.0
C0087,Accessories,Webcam,2,10,32375.0
C0159,Accessories,Headphones,5,15,32250.0
C0038,Accessories,Webcam,3,10,32200.0
C0198,Accessories,Headphones,3,14,32000.0
C0365,Accessories,Headphones,4,14,31875.0
C0287,Accessories,Webcam,2,10,31500.0
C0246,Accessories,Headphones,4,14,31375.0
C0321,Accessories,Webcam,3,10,31325.0
C0374,Accessories,Headphones,4,13,31250.0
C0416,Accessories,Headphones,3,13,31125.0
C0422,Accessories,Keyboard,5,17,30700.0
C0036,Accessories,Webcam,4,9,30450.0
C0134,Accessories,Keyboard,4,17,30200.0
C0184,Accessories,Webcam,3,9,30100.0
C0428,Accessories,Webcam,2,9,30100.0
C0454,Accessories,Keyboard,4,16,30100.0
C0036,Electronics,Monitor,1,2,30000.0
C0042,Electronics,Tablet,1,1,30000.0
C0099,Electronics,Tablet,1,1,30000.0
C0162,Electronics,Monitor,1,2,30000.0
C0256,Electronics,Monitor,1,2,30000.0
C0266,Electronics,Tablet,1,1,30000.0
C0311,Electronics,Monitor,1,2,30000.0
C0342,Electronics,Monitor,1,2,30000.0
C0345,Electronics,Tablet,1,1,30000.0
C0365,Electronics,Tablet,1,1,30000.0
C0385,Electronics,Monitor,1,2,30000.0
C0407,Electronics,Tablet,1,1,30000.0
C0434,Electronics,Monitor,1,2,30000.0
C0463,Electronics,Monitor,1,2,30000.0
C0497,Electronics,Monitor,1,2,30000.0
C0219,Accessories,Webcam,2,9,29925.0
C0333,Accessories,Webcam,2,9,29925.0
C0418,Accessories,Webcam,2,9,29925.0
C0335,Accessories,Webcam,2,10,29750.0
C0171,Accessories,Headphones,4,13,29500.0
C0470,Electronics,Monitor,2,2,29250.0
C0483,Electronics,Monitor,2,2,29250.0
C0356,Accessories,Headphones,3,12,29000.0
C0089,Accessories,Webcam,2,9,28875.0
C0195,Accessories,Webcam,3,9,28875.0
C0225,Accessories,Webcam,4,9,28875.0
C0454,Accessories,Webcam,3,9,28525.0
C0474,Accessories,Webcam,2,9,28525.0
C0009,Electronics,Monitor,1,2,28500.0
C0044,Electronics,Monitor,1,2,28500.0
C0051,Electronics,Tablet,1,1,28500.0
C0060,Electronics,Tablet,1,1,28500.0
C0082,Electronics,Monitor,2,2,28500.0
C0112,Electronics,Tablet,1,1,28500.0
C0123,Electronics,Monitor,2,2,28500.0
C0141,Electronics,Tablet,1,1,28500.0
C0145,Electronics,Tablet,1,1,28500.0
C0158,Electronics,Tablet,1,1,28500.0
C0200,Electronics,Tablet,1,1,28500.0
C0227,Electronics,Monitor,1,2,28500.0
C0273,Electronics,Monitor,1,2,28500.0
C0290,Electronics,Tablet,1,1,28500.0
C0294,Electronics,Monitor,1,2,28500.0
C0297,Electronics,Monitor,1,2,28500.0
C0311,Electronics,Tablet,1,1,28500.0
C0324,Electronics,Tablet,1,1,28500.0
C0366,Electronics,Monitor,1,2,28500.0
C0380,Electronics,Monitor,1,2,28500.0
C0399,Electronics,Monitor,1,2,28500.0
C0400,Electronics,Monitor,1,2,28500.0
C0412,Electronics,Tablet,1,1,28500.0
C0413,Electronics,Tablet,1,1,28500.0
C0430,Electronics,Monitor,1,2,28500.0
C0435,Electronics,Tablet,1,1,28500.0
C0460,Accessories,Headphones,4,12,28500.0
C0481,Electronics,Monitor,1,2,28500.0
C0048,Accessories,Webcam,2,9,28350.0
C0438,Accessories,Webcam,2,9,28350.0
C0196,Accessories,Webcam,2,9,28175.0
C0132,Accessories,Webcam,2,8,28000.0
C0183,Electronics,Monitor,2,2,27750.0
C0212,Accessories,Headphones,3,12,27500.0
C0375,Accessories,Webcam,2,9,27475.0
C0183,Accessories,Headphones,3,11,27250.0
C0005,Electronics,Tablet,1,1,27000.0
C0070,Electronics,Tablet,1,1,27000.0
C0077,Electronics,Monitor,1,2,27000.0
C0102,Electronics,Tablet,1,1,27000.0
C0105,Electronics,Tablet,1,1,27000.0
C0163,Electronics,Tablet,1,1,27000.0
C0172,Electronics,Tablet,1,1,27000.0
C0185,Electronics,Tablet,1,1,27000.0
C0189,Electronics,Monitor,1,2,27000.0
C0196,Electronics,Monitor,1,2,27000.0
C0220,Electronics,Monitor,1,2,27000.0
C0247,Electronics,Tablet,1,1,27000.0
C0277,Electronics,Monitor,1,2,27000.0
C0302,Electronics,Monitor,1,2,27000.0
C0312,Electronics,Tablet,1,1,27000.0
C0335,Electronics,Monitor,1,2,27000.0
C0378,Electronics,Tablet,1,1,27000.0
C0399,Electronics,Tablet,1,1,27000.0
C0405,Electronics,Tablet,1,1,27000.0
C0453,Electronics,Tablet,1,1,27000.0
C0434,Accessories,Webcam,3,8,26775.0
C0321,Accessories,Keyboard,3,14,26600.0
C0385,Accessories,Webcam,2,8,26600.0
C0328,Accessories,Webcam,2,8,26425.0
C0267,Electronics,Monitor,2,2,26250.0
C0355,Accessories,Headphones,4,11,26250.0
C0416,Accessories,Webcam,4,8,26250.0
C0334,Accessories,Webcam,2,8,26075.0
C0469,Accessories,Webcam,2,8,26075.0
C0437,Accessories,Webcam,2,8,25900.0
C0443,Accessories,Headphones,3,11,25750.0
C0126,Accessories,Webcam,2,8,25725.0
C0157,Accessories,Webcam,2,8,25725.0
C0298,Accessories,Webcam,2,8,25725.0
C0009,Electronics,Tablet,1,1,25500.0
C0072,Electronics,Tablet,1,1,25500.0
C0074,Electronics,Tablet,1,1,25500.0
C0075,Accessories,Headphones,3,11,25500.0
C0091,Accessories,Keyboard,4,14,25500.0
C0188,Electronics,Tablet,1,1,25500.0
C0213,Electronics,Monitor,1,2,25500.0
C0220,Electronics,Tablet,1,1,25500.0
C0295,Electronics,Monitor,1,2,25500.0
C0299,Electronics,Tablet,1,1,25500.0
C0321,Electronics,Monitor,1,2,25500.0
C0385,Electronics,Tablet,1,1,25500.0
C0440,Electronics,Monitor,1,2,25500.0
C0447,Electronics,Tablet,1,1,25500.0
C0455,Electronics,Tablet,1,1,25500.0
C0498,Electronics,Tablet,1,1,25500.0
C0441,Accessories,Keyboard,4,13,25400.0
C0270,Accessories,Keyboard,4,13,25300.0
C0138,Accessories,Webcam,2,8,25200.0
C0071,Accessories,Webcam,3,8,24850.0
C0034,Accessories,Keyboard,4,13,24800.0
C0467,Accessories,Keyboard,4,13,24800.0
C0103,Accessories,Headphones,4,10,24750.0
C0056,Accessories,Keyboard,4,13,24700.0
C0359,Accessories,Webcam,2,8,24675.0
C0239,Accessories,Webcam,3,8,24500.0
C0428,Accessories,Headphones,2,10,24375.0
C0348,Accessories,Webcam,2,8,24325.0
C0145,Accessories,Headphones,3,10,24000.0
C0295,Accessories,Headphones,3,10,24000.0
C0343,Accessories,Headphones,3,10,23875.0
C0105,Accessories,Webcam,2,7,23800.0
C0290,Accessories,Webcam,2,8,23800.0
C0428,Accessories,Keyboard,4,13,23800.0
C0476,Accessories,Webcam,2,8,23800.0
C0385,Accessories,Headphones,2,10,23750.0
C0260,Accessories,Webcam,2,7,23625.0
C0126,Accessories,Keyboard,3,13,23500.0
C0366,Accessories,Headphones,3,10,23500.0
C0381,Accessories,Webcam,2,7,23450.0
C0298,Accessories,Keyboard,3,12,23300.0
C0021,Accessories,Headphones,2,10,23125.0
C0101,Accessories,Headphones,2,10,23125.0
C0447,Accessories,Headphones,3,10,23125.0
C0462,Accessories,Headphones,3,10,23125.0
C0001,Accessories,Webcam,2,7,23100.0
C0190,Accessories,Webcam,2,7,23100.0
C0229,Accessories,Webcam,2,7,22925.0
C0156,Accessories,Keyboard,3,12,22900.0
C0384,Accessories,Webcam,2,7,22575.0
C0400,Accessories,Webcam,3,7,22575.0
C0466,Accessories,Webcam,2,7,22575.0
C0341,Accessories,Headphones,2,10,22500.0
C0313,Accessories,Keyboard,4,12,22400.0
C0465,Accessories,Headphones,4,10,22375.0
C0344,Accessories,Webcam,2,7,22225.0
C0164,Accessories,Headphones,3,9,22125.0
C0051,Accessories,Webcam,2,7,22050.0
C0410,Accessories,Keyboard,4,12,21900.0
C0490,Accessories,Headphones,2,10,21875.0
C0121,Accessories,Webcam,3,7,21700.0
C0325,Accessories,Keyboard,4,12,21600.0
C0002,Accessories,Webcam,2,7,21525.0
C0259,Accessories,Webcam,3,7,21525.0
C0470,Accessories,Webcam,2,7,21525.0
C0111,Accessories,Headphones,2,9,21375.0
C0202,Accessories,Webcam,2,7,21350.0
C0188,Accessories,Keyboard,3,12,21300.0
C0352,Accessories,Keyboard,4,11,21300.0
C0102,Accessories,Headphones,2,9,21250.0
C0161,Accessories,Headphones,2,9,21250.0
C0194,Accessories,Headphones,3,9,21250.0
C0160,Accessories,Webcam,2,7,21175.0
C0341,Accessories,Webcam,2,7,21175.0
C0267,Accessories,Headphones,3,9,21125.0
C0208,Accessories,Keyboard,3,12,21100.0
C0163,Accessories,Headphones,2,9,21000.0
C0022,Accessories,Headphones,3,9,20875.0
C0176,Accessories,Webcam,2,7,20825.0
C0054,Accessories,Headphones,2,9,20750.0
C0457,Accessories,Headphones,2,9,20750.0
C0310,Accessories,Webcam,2,6,20650.0
C0495,Accessories,Webcam,2,6,20650.0
C0274,Accessories,Headphones,2,9,20625.0
C0401,Accessories,Headphones,2,9,20625.0
C0246,Accessories,Keyboard,3,11,20600.0
C0350,Accessories,Headphones,3,9,20500.0
C0472,Accessories,Keyboard,3,11,20500.0
C0066,Accessories,Webcam,2,6,20475.0
C0268,Accessories,Webcam,2,6,20475.0
C0278,Accessories,Webcam,2,6,20475.0
C0248,Accessories,Headphones,2,9,20375.0
C0097,Accessories,Webcam,2,6,20300.0
C0447,Accessories,Webcam,2,6,20300.0
C0230,Accessories,Headphones,3,9,20250.0
C0228,Accessories,Webcam,3,6,20125.0
C0274,Accessories,Webcam,2,6,20125.0
C0293,Accessories,Keyboard,3,11,20100.0
C0138,Accessories,Keyboard,2,10,20000.0
C0285,Accessories,Keyboard,3,11,20000.0
C0122,Accessories,Webcam,2,6,19950.0
C0487,Accessories,Webcam,2,6,19950.0
C0498,Accessories,Webcam,2,6,19950.0
C0267,Accessories,Keyboard,3,11,19900.0
C0171,Accessories,Webcam,2,6,19775.0
C0459,Accessories,Webcam,2,6,19775.0
C0088,Accessories,Keyboard,3,10,19700.0
C0206,Accessories,Keyboard,4,11,19700.0
C0144,Accessories,Webcam,2,6,19600.0
C0286,Accessories,Keyboard,4,11,19600.0
C0041,Accessories,Keyboard,2,10,19500.0
C0139,Accessories,Keyboard,2,10,19500.0
C0430,Accessories,Keyboard,2,10,19500.0
C0285,Accessories,Webcam,3,6,19425.0
C0302,Accessories,Webcam,2,6,19425.0
C0411,Accessories,Webcam,3,6,19425.0
C0396,Accessories,Headphones,2,8,19375.0
C0016,Accessories,Headphones,2,8,19250.0
C0068,Accessories,Headphones,2,8,19250.0
C0220,Accessories,Headphones,3,8,19250.0
C0368,Accessories,Webcam,4,6,19250.0
C0463,Accessories,Webcam,2,6,19250.0
C0492,Accessories,Keyboard,3,10,19200.0
C0044,Accessories,Headphones,4,8,19125.0
C0094,Accessories,Keyboard,4,10,19100.0
C0452,Accessories,Webcam,3,6,19075.0
C0203,Accessories,Headphones,2,8,19000.0
C0034,Accessories,Webcam,2,6,18900.0
C0140,Accessories,Webcam,2,6,18900.0
C0442,Accessories,Headphones,2,8,18625.0
C0481,Accessories,Webcam,2,6,18550.0
C0158,Accessories,Keyboard,2,10,18500.0
C0426,Accessories,Keyboard,3,10,18500.0
C0490,Accessories,Keyboard,2,10,18500.0
C0133,Accessories,Keyboard,4,10,18400.0
C0002,Accessories,Headphones,3,8,18375.0
C0296,Accessories,Webcam,2,6,18375.0
C0222,Accessories,Keyboard,3,10,18300.0
C0184,Accessories,Headphones,2,8,18250.0
C0278,Accessories,Headphones,2,8,18000.0
C0293,Accessories,Headphones,4,8,18000.0
C0414,Accessories,Keyboard,2,10,18000.0
C0432,Accessories,Keyboard,2,10,18000.0
C0477,Accessories,Keyboard,3,10,18000.0
C0496,Accessories,Headphones,2,8,18000.0
C0201,Accessories,Headphones,3,8,17875.0
C0364,Accessories,Headphones,3,8,17875.0
C0362,Accessories,Webcam,2,6,17850.0
C0288,Accessories,Keyboard,3,10,17800.0
C0283,Accessories,Headphones,3,8,17750.0
C0060,Accessories,Keyboard,3,9,17700.0
C0063,Accessories,Headphones,2,8,17500.0
C0098,Accessories,Webcam,1,5,17500.0
C0131,Accessories,Webcam,2,5,17500.0
C0199,Accessories,Webcam,1,5,17500.0
C0251,Accessories,Webcam,1,5,17500.0
C0266,Accessories,Webcam,1,5,17500.0
C0272,Accessories,Webcam,1,5,17500.0
C0275,Accessories,Headphones,2,7,17500.0
C0280,Accessories,Webcam,1,5,17500.0
C0323,Accessories,Keyboard,2,10,17500.0
C0360,Accessories,Keyboard,2,9,17500.0
C0364,Accessories,Webcam,1,5,17500.0
C0367,Accessories,Webcam,1,5,17500.0
C0377,Accessories,Webcam,1,5,17500.0
C0404,Accessories,Webcam,1,5,17500.0
C0422,Accessories,Webcam,1,5,17500.0
C0282,Accessories,Headphones,2,8,17375.0
C0127,Accessories,Headphones,2,7,17250.0
C0238,Accessories,Headphones,2,7,17250.0
C0318,Accessories,Headphones,3,7,17250.0
C0137,Accessories,Keyboard,2,9,17200.0
C0343,Accessories,Webcam,2,5,17150.0
C0014,Accessories,Keyboard,2,9,17100.0
C0261,Accessories,Keyboard,3,9,17100.0
C0170,Accessories,Headphones,2,7,17000.0
C0242,Accessories,Webcam,3,5,16975.0
C0355,Accessories,Keyboard,3,9,16900.0
C0182,Accessories,Headphones,2,7,16875.0
C0072,Accessories,Webcam,2,5,16800.0
C0172,Accessories,Keyboard,3,9,16800.0
C0018,Accessories,Webcam,1,5,16625.0
C0076,Accessories,Webcam,1,5,16625.0
C0092,Accessories,Webcam,2,5,16625.0
C0153,Accessories,Webcam,1,5,16625.0
C0191,Accessories,Webcam,2,5,16625.0
C0205,Accessories,Webcam,1,5,16625.0
C0269,Accessories,Webcam,1,5,16625.0
C0304,Accessories,Webcam,1,5,16625.0
C0324,Accessories,Webcam,1,5,16625.0
C0387,Accessories,Webcam,1,5,16625.0
C0402,Accessories,Webcam,1,5,16625.0
C0420,Accessories,Webcam,1,5,16625.0
C0441,Accessories,Webcam,1,5,16625.0
C0450,Accessories,Webcam,1,5,16625.0
C0049,Accessories,Keyboard,2,9,16600.0
C0322,Accessories,Keyboard,2,9,16600.0
C0031,Accessories,Webcam,2,5,16450.0
C0035,Accessories,Webcam,2,5,16450.0
C0057,Accessories,Webcam,2,5,16450.0
C0183,Accessories,Webcam,2,5,16450.0
C0277,Accessories,Headphones,2,7,16375.0
C0323,Accessories,Headphones,3,7,16375.0
C0470,Accessories,Headphones,2,7,16375.0
C0092,Accessories,Keyboard,3,9,16300.0
C0336,Accessories,Keyboard,3,9,16300.0
C0177,Accessories,Webcam,3,5,16275.0
C0245,Accessories,Webcam,2,5,16275.0
C0408,Accessories,Webcam,2,5,16275.0
C0492,Accessories,Webcam,2,5,16275.0
C0336,Accessories,Headphones,2,7,16250.0
C0156,Accessories,Headphones,2,7,16125.0
C0143,Accessories,Webcam,2,5,16100.0
C0164,Accessories,Webcam,3,5,16100.0
C0466,Accessories,Keyboard,3,9,16100.0
C0050,Accessories,Keyboard,2,8,16000.0
C0089,Accessories,Keyboard,2,8,16000.0
C0118,Accessories,Headphones,4,7,16000.0
C0136,Accessories,Headphones,2,7,16000.0
C0178,Accessories,Headphones,2,7,16000.0
C0463,Accessories,Mouse,6,22,16000.0
C0130,Accessories,Webcam,3,5,15925.0
C0475,Accessories,Webcam,2,5,15925.0
C0409,Accessories,Headphones,2,7,15875.0
C0468,Accessories,Headphones,3,7,15875.0
C0003,Accessories,Webcam,2,5,15750.0
C0025,Accessories,Webcam,1,5,15750.0
C0084,Accessories,Headphones,2,7,15750.0
C0104,Accessories,Webcam,1,5,15750.0
C0116,Accessories,Webcam,2,5,15750.0
C0161,Accessories,Webcam,3,5,15750.0
C0162,Accessories,Webcam,1,5,15750.0
C0174,Accessories,Headphones,3,7,15750.0
C0476,Accessories,Headphones,2,7,15750.0
C0477,Accessories,Webcam,1,5,15750.0
C0335,Accessories,Keyboard,3,8,15700.0
C0098,Accessories,Headphones,2,7,15625.0
C0255,Accessories,Headphones,2,7,15625.0
C0035,Accessories,Keyboard,4,8,15600.0
C0186,Accessories,Webcam,2,5,15400.0
C0338,Accessories,Webcam,2,5,15400.0
C0371,Accessories,Webcam,2,5,15400.0
C0443,Accessories,Webcam,2,5,15400.0
C0105,Accessories,Headphones,2,7,15375.0
C0441,Accessories,Headphones,3,7,15250.0
C0174,Accessories,Webcam,2,5,15225.0
C0227,Accessories,Keyboard,3,8,15200.0
C0264,Accessories,Keyboard,2,8,15200.0
C0119,Accessories,Headphones,2,7,15125.0
C0144,Accessories,Headphones,3,7,15125.0
C0176,Accessories,Keyboard,2,8,15100.0
C0412,Accessories,Keyboard,2,8,15100.0
C0016,Electronics,Monitor,1,1,15000.0
C0033,Electronics,Monitor,1,1,15000.0
C0047,Electronics,Monitor,1,1,15000.0
C0058,Electronics,Monitor,1,1,15000.0
C0088,Accessories,Headphones,2,6,15000.0
C0139,Electronics,Monitor,1,1,15000.0
C0169,Electronics,Monitor,1,1,15000.0
C0206,Electronics,Monitor,1,1,15000.0
C0252,Accessories,Headphones,3,7,15000.0
C0332,Electronics,Monitor,1,1,15000.0
C0365,Electronics,Monitor,1,1,15000.0
C0369,Accessories,Headphones,2,6,15000.0
C0409,Electronics,Monitor,1,1,15000.0
C0423,Accessories,Headphones,2,6,15000.0
C0426,Electronics,Monitor,1,1,15000.0
C0474,Accessories,Keyboard,2,8,14900.0
C0004,Accessories,Webcam,1,5,14875.0
C0030,Accessories,Headphones,2,7,14875.0
C0115,Accessories,Webcam,1,5,14875.0
C0129,Accessories,Webcam,1,5,14875.0
C0153,Accessories,Headphones,2,7,14875.0
C0244,Accessories,Webcam,1,5,14875.0
C0252,Accessories,Webcam,1,5,14875.0
C0253,Accessories,Webcam,1,5,14875.0
C0275,Accessories,Webcam,1,5,14875.0
C0317,Accessories,Webcam,1,5,14875.0
C0394,Accessories,Webcam,1,5,14875.0
C0433,Accessories,Webcam,1,5,14875.0
C0442,Accessories,Webcam,1,5,14875.0
C0063,Accessories,Keyboard,2,8,14800.0
C0399,Accessories,Keyboard,3,8,14800.0
C0038,Accessories,Keyboard,2,8,14700.0
C0043,Accessories,Keyboard,2,8,14700.0
C0012,Accessories,Headphones,2,6,14625.0
C0061,Accessories,Headphones,2,6,14625.0
C0093,Accessories,Headphones,2,6,14625.0
C0179,Accessories,Headphones,2,6,14625.0
C0096,Accessories,Keyboard,2,8,14600.0
C0013,Accessories,Headphones,2,6,14500.0
C0107,Accessories,Headphones,2,6,14500.0
C0195,Accessories,Headphones,2,6,14500.0
C0296,Accessories,Keyboard,2,8,14400.0
C0187,Accessories,Keyboard,3,8,14300.0
C0011,Accessories,Headphones,2,6,14250.0
C0158,Electronics,Monitor,1,1,14250.0
C0172,Accessories,Headphones,2,6,14250.0
C0231,Electronics,Monitor,1,1,14250.0
C0264,Electronics,Monitor,1,1,14250.0
C0322,Electronics,Monitor,1,1,14250.0
C0333,Electronics,Monitor,1,1,14250.0
C0340,Electronics,Monitor,1,1,14250.0
C0348,Electronics,Monitor,1,1,14250.0
C0354,Accessories,Headphones,2,6,14250.0
C0368,Electronics,Monitor,1,1,14250.0
C0419,Accessories,Headphones,2,6,14250.0
C0031,Accessories,Keyboard,3,8,14100.0
C0236,Accessories,Keyboard,3,8,14100.0
C0028,Accessories,Webcam,1,4,14000.0
C0077,Accessories,Webcam,1,4,14000.0
C0078,Accessories,Webcam,1,4,14000.0
C0087,Accessories,Headphones,3,6,14000.0
C0099,Accessories,Webcam,1,4,14000.0
C0110,Accessories,Webcam,1,4,14000.0
C0235,Accessories,Webcam,1,4,14000.0
C0243,Accessories,Webcam,1,4,14000.0
C0255,Accessories,Webcam,2,4,14000.0
C0326,Accessories,Webcam,2,4,14000.0
C0351,Accessories,Keyboard,2,7,14000.0
C0354,Accessories,Webcam,1,4,14000.0
C0364,Accessories,Keyboard,2,8,14000.0
C0382,Accessories,Webcam,1,4,14000.0
C0383,Accessories,Webcam,1,4,14000.0
C0396,Accessories,Webcam,1,4,14000.0
C0405,Accessories,Keyboard,2,7,14000.0
C0449,Accessories,Webcam,1,4,14000.0
C0488,Accessories,Webcam,1,4,14000.0
C0269,Accessories,Headphones,3,6,13875.0
C0395,Accessories,Headphones,2,6,13875.0
C0359,Accessories,Keyboard,4,8,13800.0
C0019,Accessories,Headphones,2,6,13750.0
C0199,Accessories,Headphones,2,6,13750.0
C0288,Accessories,Headphones,3,6,13750.0
C0370,Accessories,Headphones,2,6,13750.0
C0425,Accessories,Headphones,3,6,13750.0
C0498,Accessories,Headphones,2,6,13750.0
C0303,Accessories,Webcam,2,4,13650.0
C0206,Accessories,Headphones,2,6,13625.0
C0492,Accessories,Headphones,2,6,13625.0
C0070,Electronics,Monitor,1,1,13500.0
C0204,Accessories,Headphones,2,6,13500.0
C0216,Electronics,Monitor,1,1,13500.0
C0224,Accessories,Headphones,2,6,13500.0
C0232,Accessories,Headphones,2,6,13500.0
C0291,Electronics,Monitor,1,1,13500.0
C0365,Accessories,Keyboard,3,7,13500.0
C0424,Accessories,Headphones,2,6,13500.0
C0472,Electronics,Monitor,1,1,13500.0
C0479,Accessories,Headphones,3,6,13500.0
C0391,Accessories,Webcam,2,4,13475.0
C0159,Accessories,Keyboard,2,7,13400.0
C0020,Accessories,Webcam,1,4,13300.0
C0065,Accessories,Webcam,1,4,13300.0
C0096,Accessories,Webcam,1,4,13300.0
C0158,Accessories,Webcam,1,4,13300.0
C0185,Accessories,Webcam,1,4,13300.0
C0241,Accessories,Keyboard,2,7,13300.0
C0369,Accessories,Webcam,1,4,13300.0
C0444,Accessories,Webcam,2,4,13300.0
C0461,Accessories,Keyboard,3,7,13300.0
C0390,Accessories,Headphones,2,6,13250.0
C0155,Accessories,Headphones,2,6,13125.0
C0036,Accessories,Keyboard,4,7,13100.0
C0001,Accessories,Headphones,2,6,13000.0
C0050,Accessories,Headphones,2,6,13000.0
C0332,Accessories,Keyboard,2,7,13000.0
C0208,Accessories,Webcam,2,4,12950.0
C0288,Accessories,Webcam,2,4,12950.0
C0221,Accessories,Keyboard,3,7,12800.0
C0006,Electronics,Monitor,1,1,12750.0
C0082,Accessories,Headphones,2,6,12750.0
C0118,Electronics,Monitor,1,1,12750.0
C0121,Electronics,Monitor,1,1,12750.0
C0245,Electronics,Monitor,1,1,12750.0
C0258,Electronics,Monitor,1,1,12750.0
C0372,Electronics,Monitor,1,1,12750.0
C0447,Electronics,Monitor,1,1,12750.0
C0471,Electronics,Monitor,1,1,12750.0
C0484,Accessories,Headphones,2,6,12750.0
C0249,Accessories,Keyboard,2,7,12700.0
C0106,Accessories,Webcam,1,4,12600.0
C0124,Accessories,Webcam,1,4,12600.0
C0139,Accessories,Webcam,1,4,12600.0
C0166,Accessories,Webcam,1,4,12600.0
C0178,Accessories,Webcam,1,4,12600.0
C0224,Accessories,Webcam,1,4,12600.0
C0255,Accessories,Keyboard,2,7,12600.0
C0279,Accessories,Webcam,1,4,12600.0
C0283,Accessories,Webcam,1,4,12600.0
C0301,Accessories,Webcam,1,4,12600.0
C0410,Accessories,Webcam,1,4,12600.0
C0192,Accessories,Headphones,1,5,12500.0
C0244,Accessories,Keyboard,2,7,12500.0
C0304,Accessories,Headphones,1,5,12500.0
C0378,Accessories,Headphones,2,5,12500.0
C0386,Accessories,Headphones,1,5,12500.0
C0389,Accessories,Headphones,1,5,12500.0
C0413,Accessories,Headphones,1,5,12500.0
C0445,Accessories,Keyboard,2,7,12500.0
C0353,Accessories,Webcam,2,4,12425.0
C0414,Accessories,Webcam,2,4,12425.0
C0470,Accessories,Keyboard,2,7,12400.0
C0118,Accessories,Mouse,5,16,12360.0
C0023,Accessories,Webcam,2,4,12250.0
C0263,Accessories,Headphones,2,5,12250.0
C0473,Accessories,Headphones,2,5,12250.0
C0057,Accessories,Headphones,2,5,12125.0
C0219,Accessories,Headphones,3,5,12125.0
C0223,Accessories,Headphones,2,5,12125.0
C0374,Accessories,Keyboard,2,7,12100.0
C0329,Accessories,Webcam,2,4,12075.0
C0204,Accessories,Keyboard,2,6,12000.0
C0006,Accessories,Webcam,1,4,11900.0
C0008,Accessories,Webcam,1,4,11900.0
C0049,Accessories,Webcam,1,4,11900.0
C0058,Accessories,Webcam,2,4,11900.0
C0063,Accessories,Webcam,1,4,11900.0
C0100,Accessories,Webcam,1,4,11900.0
C0123,Accessories,Webcam,1,4,11900.0
C0141,Accessories,Webcam,1,4,11900.0
C0234,Accessories,Webcam,1,4,11900.0
C0236,Accessories,Webcam,1,4,11900.0
C0238,Accessories,Webcam,1,4,11900.0
C0352,Accessories,Webcam,1,4,11900.0
C0076,Accessories,Headphones,1,5,11875.0
C0091,Accessories,Headphones,1,5,11875.0
C0231,Accessories,Headphones,1,5,11875.0
C0298,Accessories,Headphones,2,5,11875.0
C0340,Accessories,Headphones,1,5,11875.0
C0013,Accessories,Keyboard,3,6,11800.0
C0281,Accessories,Headphones,2,5,11750.0
C0408,Accessories,Headphones,2,5,11750.0
C0317,Accessories,Keyboard,2,6,11700.0
C0338,Accessories,Headphones,2,5,11625.0
C0114,Accessories,Mouse,3,15,11600.0
C0152,Accessories,Keyboard,2,6,11600.0
C0388,Accessories,Headphones,2,5,11500.0
C0085,Accessories,Keyboard,2,6,11400.0
C0453,Accessories,Mouse,5,15,11400.0
C0053,Accessories,Headphones,1,5,11250.0
C0109,Accessories,Headphones,1,5,11250.0
C0128,Accessories,Headphones,1,5,11250.0
C0147,Accessories,Headphones,1,5,11250.0
C0239,Accessories,Headphones,1,5,11250.0
C0242,Accessories,Headphones,1,5,11250.0
C0294,Accessories,Headphones,2,5,11250.0
C0376,Accessories,Headphones,1,5,11250.0
C0431,Accessories,Headphones,1,5,11250.0
C0452,Accessories,Headphones,1,5,11250.0
C0195,Accessories,Keyboard,3,6,11200.0
C0447,Accessories,Keyboard,2,6,11200.0
C0112,Accessories,Headphones,2,5,11125.0
C0292,Accessories,Headphones,2,5,11125.0
C0048,Accessories,Keyboard,2,6,11100.0
C0106,Accessories,Keyboard,2,6,11100.0
C0109,Accessories,Keyboard,2,6,11100.0
C0282,Accessories,Keyboard,2,6,11100.0
C0003,Accessories,Headphones,3,5,11000.0
C0011,Accessories,Keyboard,2,6,11000.0
C0094,Accessories,Mouse,3,15,11000.0
C0146,Accessories,Headphones,4,5,11000.0
C0362,Accessories,Keyboard,2,6,11000.0
C0384,Accessories,Headphones,2,5,11000.0
C0232,Accessories,Keyboard,2,6,10900.0
C0018,Accessories,Headphones,2,5,10875.0
C0065,Accessories,Headphones,2,5,10875.0
C0067,Accessories,Headphones,2,5,10875.0
C0231,Accessories,Keyboard,2,6,10800.0
C0358,Accessories,Keyboard,3,6,10800.0
C0457,Accessories,Keyboard,2,6,10800.0
C0196,Accessories,Keyboard,3,6,10700.0
C0278,Accessories,Keyboard,3,6,10700.0
C0043,Accessories,Headphones,1,5,10625.0
C0078,Accessories,Headphones,1,5,10625.0
C0096,Accessories,Headphones,1,5,10625.0
C0175,Accessories,Headphones,1,5,10625.0
C0187,Accessories,Headphones,1,5,10625.0
C0227,Accessories,Headphones,1,5,10625.0
C0253,Accessories,Headphones,2,5,10625.0
C0300,Accessories,Headphones,1,5,10625.0
C0303,Accessories,Headphones,1,5,10625.0
C0406,Accessories,Headphones,1,5,10625.0
C0426,Accessories,Headphones,1,5,10625.0
C0432,Accessories,Headphones,2,5,10625.0
C0459,Accessories,Headphones,1,5,10625.0
C0209,Accessories,Mouse,5,14,10600.0
C0016,Accessories,Webcam,1,3,10500.0
C0064,Accessories,Keyboard,2,6,10500.0
C0084,Accessories,Webcam,2,3,10500.0
C0088,Accessories,Webcam,1,3,10500.0
C0156,Accessories,Webcam,1,3,10500.0
C0217,Accessories,Webcam,1,3,10500.0
C0241,Accessories,Webcam,1,3,10500.0
C0320,Accessories,Webcam,1,3,10500.0
C0446,Accessories,Webcam,1,3,10500.0
C0467,Accessories,Webcam,1,3,10500.0
C0483,Accessories,Webcam,1,3,10500.0
C0500,Accessories,Webcam,1,3,10500.0
C0128,Accessories,Keyboard,3,6,10400.0
C0251,Accessories,Keyboard,2,6,10300.0
C0452,Accessories,Keyboard,2,6,10200.0
C0113,Accessories,Webcam,2,3,10150.0
C0125,Accessories,Mouse,3,13,10080.0
C0226,Accessories,Mouse,3,14,10080.0
C0042,Accessories,Headphones,1,4,10000.0
C0083,Accessories,Headphones,1,4,10000.0
C0125,Accessories,Headphones,1,4,10000.0
C0157,Accessories,Keyboard,1,5,10000.0
C0210,Accessories,Headphones,1,4,10000.0
C0242,Accessories,Keyboard,1,5,10000.0
C0257,Accessories,Keyboard,1,5,10000.0
C0273,Accessories,Headphones,1,4,10000.0
C0308,Accessories,Headphones,1,4,10000.0
C0308,Accessories,Keyboard,1,5,10000.0
C0312,Accessories,Keyboard,1,5,10000.0
C0327,Accessories,Headphones,1,4,10000.0
C0333,Accessories,Keyboard,1,5,10000.0
C0339,Accessories,Keyboard,1,5,10000.0
C0382,Accessories,Keyboard,1,5,10000.0
C0402,Accessories,Keyboard,1,5,10000.0
C0486,Accessories,Keyboard,1,5,10000.0
C0012,Accessories,Webcam,1,3,9975.0
C0082,Accessories,Webcam,1,3,9975.0
C0215,Accessories,Webcam,1,3,9975.0
C0221,Accessories,Webcam,1,3,9975.0
C0223,Accessories,Webcam,1,3,9975.0
C0277,Accessories,Webcam,1,3,9975.0
C0292,Accessories,Webcam,1,3,9975.0
C0295,Accessories,Webcam,1,3,9975.0
C0330,Accessories,Webcam,1,3,9975.0
C0342,Accessories,Webcam,1,3,9975.0
C0436,Accessories,Webcam,1,3,9975.0
C0040,Accessories,Mouse,4,13,9800.0
C0174,Accessories,Keyboard,2,5,9800.0
C0222,Accessories,Webcam,2,3,9800.0
C0300,Accessories,Webcam,2,3,9800.0
C0342,Accessories,Headphones,2,4,9750.0
C0372,Accessories,Headphones,2,4,9750.0
C0478,Accessories,Headphones,2,4,9750.0
C0226,Accessories,Keyboard,2,5,9700.0
C0269,Accessories,Keyboard,2,5,9700.0
C0203,Accessories,Webcam,2,3,9625.0
C0025,Accessories,Keyboard,2,5,9600.0
C0406,Accessories,Keyboard,2,5,9600.0
C0007,Accessories,Keyboard,3,5,9500.0
C0079,Accessories,Keyboard,1,5,9500.0
C0080,Accessories,Keyboard,1,5,9500.0
C0085,Accessories,Headphones,1,4,9500.0
C0102,Accessories,Keyboard,2,5,9500.0
C0105,Accessories,Keyboard,1,5,9500.0
C0186,Accessories,Headphones,2,4,9500.0
C0287,Accessories,Headphones,2,4,9500.0
C0289,Accessories,Headphones,1,4,9500.0
C0368,Accessories,Headphones,2,4,9500.0
C0394,Accessories,Headphones,2,4,9500.0
C0404,Accessories,Headphones,1,4,9500.0
C0405,Accessories,Headphones,1,4,9500.0
C0415,Accessories,Keyboard,1,5,9500.0
C0433,Accessories,Keyboard,1,5,9500.0
C0444,Accessories,Keyboard,1,5,9500.0
C0459,Accessories,Keyboard,1,5,9500.0
C0483,Accessories,Headphones,1,4,9500.0
C0493,Accessories,Headphones,1,4,9500.0
C0017,Accessories,Webcam,1,3,9450.0
C0032,Accessories,Webcam,2,3,9450.0
C0073,Accessories,Webcam,1,3,9450.0
C0108,Accessories,Webcam,1,3,9450.0
C0133,Accessories,Webcam,2,3,9450.0
C0336,Accessories,Webcam,1,3,9450.0
C0365,Accessories,Webcam,1,3,9450.0
C0378,Accessories,Webcam,1,3,9450.0
C0430,Accessories,Webcam,1,3,9450.0
C0461,Accessories,Webcam,1,3,9450.0
C0277,Accessories,Mouse,3,13,9400.0
C0014,Accessories,Headphones,2,4,9375.0
C0479,Accessories,Mouse,5,12,9320.0
C0184,Accessories,Keyboard,2,5,9300.0
C0450,Accessories,Keyboard,2,5,9300.0
C0415,Accessories,Headphones,2,4,9250.0
C0491,Accessories,Headphones,2,4,9250.0
C0145,Accessories,Mouse,3,13,9240.0
C0469,Accessories,Mouse,3,12,9240.0
C0185,Accessories,Keyboard,2,5,9200.0
C0314,Accessories,Keyboard,2,5,9200.0
C0367,Accessories,Keyboard,2,5,9200.0
C0061,Accessories,Keyboard,2,5,9100.0
C0067,Accessories,Keyboard,2,5,9100.0
C0198,Accessories,Keyboard,2,5,9100.0
C0227,Accessories,Webcam,2,3,9100.0
C0417,Accessories,Webcam,2,3,9100.0
C0044,Accessories,Keyboard,1,5,9000.0
C0059,Accessories,Keyboard,1,5,9000.0
C0077,Accessories,Headphones,1,4,9000.0
C0095,Accessories,Headphones,1,4,9000.0
C0104,Accessories,Headphones,1,4,9000.0
C0185,Accessories,Headphones,2,4,9000.0
C0193,Accessories,Headphones,1,4,9000.0
C0214,Accessories,Keyboard,1,5,9000.0
C0221,Accessories,Headphones,1,4,9000.0
C0235,Accessories,Headphones,2,4,9000.0
C0273,Accessories,Keyboard,1,5,9000.0
C0296,Accessories,Headphones,1,4,9000.0
C0299,Accessories,Keyboard,1,5,9000.0
C0324,Accessories,Keyboard,1,5,9000.0
C0343,Accessories,Keyboard,1,5,9000.0
C0356,Accessories,Keyboard,1,5,9000.0
C0384,Accessories,Keyboard,1,5,9000.0
C0392,Accessories,Headphones,1,4,9000.0
C0423,Accessories,Keyboard,1,5,9000.0
C0435,Accessories,Keyboard,1,5,9000.0
C0436,Accessories,Mouse,3,12,9000.0
C0449,Accessories,Keyboard,1,5,9000.0
C0451,Accessories,Keyboard,1,5,9000.0
C0464,Accessories,Headphones,2,4,9000.0
C0481,Accessories,Headphones,1,4,9000.0
C0493,Accessories,Keyboard,2,5,9000.0
C0059,Accessories,Webcam,1,3,8925.0
C0170,Accessories,Webcam,1,3,8925.0
C0248,Accessories,Webcam,1,3,8925.0
C0249,Accessories,Webcam,1,3,8925.0
C0258,Accessories,Webcam,1,3,8925.0
C0445,Accessories,Webcam,1,3,8925.0
C0486,Accessories,Webcam,1,3,8925.0
C0494,Accessories,Webcam,1,3,8925.0
C0010,Accessories,Keyboard,2,5,8900.0
C0142,Accessories,Keyboard,2,5,8900.0
C0217,Accessories,Mouse,4,12,8840.0
C0207,Accessories,Mouse,3,12,8800.0
C0379,Accessories,Keyboard,2,5,8800.0
C0488,Accessories,Keyboard,2,5,8800.0
C0282,Accessories,Mouse,4,12,8760.0
C0051,Accessories,Mouse,5,12,8720.0
C0386,Accessories,Keyboard,2,5,8700.0
C0471,Accessories,Keyboard,2,5,8700.0
C0190,Accessories,Keyboard,2,5,8600.0
C0335,Accessories,Mouse,4,12,8560.0
C0004,Accessories,Keyboard,2,5,8500.0
C0025,Accessories,Headphones,1,4,8500.0
C0037,Accessories,Keyboard,1,5,8500.0
C0072,Accessories,Keyboard,2,5,8500.0
C0076,Accessories,Keyboard,1,5,8500.0
C0087,Accessories,Keyboard,1,5,8500.0
C0140,Accessories,Keyboard,1,5,8500.0
C0141,Accessories,Keyboard,1,5,8500.0
C0180,Accessories,Headphones,1,4,8500.0
C0200,Accessories,Headphones,1,4,8500.0
C0212,Accessories,Keyboard,1,5,8500.0
C0237,Accessories,Keyboard,1,5,8500.0
C0249,Accessories,Headphones,1,4,8500.0
C0259,Accessories,Headphones,1,4,8500.0
C0320,Accessories,Keyboard,1,5,8500.0
C0330,Accessories,Keyboard,1,5,8500.0
C0340,Accessories,Keyboard,1,5,8500.0
C0353,Accessories,Headphones,2,4,8500.0
C0361,Accessories,Keyboard,1,5,8500.0
C0363,Accessories,Headphones,1,4,8500.0
C0377,Accessories,Headphones,1,4,8500.0
C0410,Accessories,Headphones,1,4,8500.0
C0446,Accessories,Keyboard,1,5,8500.0
C0473,Accessories,Keyboard,1,5,8500.0
C0487,Accessories,Keyboard,1,5,8500.0
C0498,Accessories,Keyboard,1,5,8500.0
C0135,Accessories,Mouse,3,11,8480.0
C0395,Accessories,Mouse,3,11,8400.0
C0174,Accessories,Mouse,3,11,8280.0
C0446,Accessories,Mouse,5,11,8160.0
C0131,Accessories,Mouse,4,11,8120.0
C0147,Accessories,Mouse,4,11,8080.0
C0227,Accessories,Mouse,3,11,8040.0
C0315,Accessories,Mouse,3,11,8040.0
C0033,Accessories,Keyboard,1,4,8000.0
C0058,Accessories,Keyboard,2,4,8000.0
C0066,Accessories,Keyboard,1,4,8000.0
C0077,Accessories,Keyboard,1,4,8000.0
C0095,Accessories,Keyboard,1,4,8000.0
C0097,Accessories,Keyboard,1,4,8000.0
C0155,Accessories,Keyboard,1,4,8000.0
C0252,Accessories,Keyboard,1,4,8000.0
C0263,Accessories,Keyboard,1,4,8000.0
C0380,Accessories,Keyboard,1,4,8000.0
C0383,Accessories,Keyboard,1,4,8000.0
C0413,Accessories,Keyboard,2,4,8000.0
C0416,Accessories,Keyboard,1,4,8000.0
C0438,Accessories,Keyboard,1,4,8000.0
C0479,Accessories,Keyboard,1,4,8000.0
C0165,Accessories,Keyboard,2,4,7900.0
C0108,Accessories,Keyboard,2,4,7800.0
C0201,Accessories,Mouse,2,10,7800.0
C0356,Accessories,Mouse,3,11,7800.0
C0389,Accessories,Keyboard,2,4,7800.0
C0264,Accessories,Mouse,4,11,7720.0
C0117,Accessories,Keyboard,2,4,7700.0
C0354,Accessories,Keyboard,2,4,7700.0
C0046,Accessories,Keyboard,1,4,7600.0
C0203,Accessories,Keyboard,1,4,7600.0
C0295,Accessories,Mouse,3,11,7600.0
C0316,Accessories,Keyboard,1,4,7600.0
C0321,Accessories,Mouse,2,10,7600.0
C0403,Accessories,Keyboard,1,4,7600.0
C0497,Accessories,Keyboard,1,4,7600.0
C0089,Accessories,Mouse,4,10,7520.0
C0104,Accessories,Mouse,3,10,7520.0
C0017,Accessories,Headphones,1,3,7500.0
C0027,Accessories,Headphones,1,3,7500.0
C0225,Accessories,Headphones,1,3,7500.0
C0279,Accessories,Headphones,1,3,7500.0
C0302,Accessories,Headphones,1,3,7500.0
C0362,Accessories,Headphones,1,3,7500.0
C0380,Accessories,Headphones,1,3,7500.0
C0420,Accessories,Headphones,1,3,7500.0
C0461,Accessories,Mouse,4,10,7480.0
C0471,Accessories,Mouse,3,10,7440.0
C0248,Accessories,Mouse,2,10,7400.0
C0347,Accessories,Keyboard,2,4,7400.0
C0393,Accessories,Mouse,2,10,7400.0
C0486,Accessories,Mouse,3,10,7360.0
C0244,Accessories,Mouse,3,10,7320.0
C0328,Accessories,Mouse,3,10,7320.0
C0075,Accessories,Keyboard,2,4,7300.0
C0212,Accessories,Mouse,3,10,7240.0
C0006,Accessories,Keyboard,1,4,7200.0
C0023,Accessories,Keyboard,1,4,7200.0
C0045,Accessories,Keyboard,1,4,7200.0
C0146,Accessories,Keyboard,1,4,7200.0
C0164,Accessories,Keyboard,1,4,7200.0
C0197,Accessories,Keyboard,1,4,7200.0
C0233,Accessories,Keyboard,1,4,7200.0
C0252,Accessories,Mouse,2,10,7200.0
C0370,Accessories,Keyboard,1,4,7200.0
C0387,Accessories,Keyboard,1,4,7200.0
C0398,Accessories,Keyboard,1,4,7200.0
C0499,Accessories,Keyboard,1,4,7200.0
C0007,Accessories,Headphones,1,3,7125.0
C0036,Accessories,Headphones,1,3,7125.0
C0123,Accessories,Headphones,2,3,7125.0
C0150,Accessories,Headphones,1,3,7125.0
C0167,Accessories,Headphones,1,3,7125.0
C0191,Accessories,Headphones,1,3,7125.0
C0211,Accessories,Headphones,1,3,7125.0
C0335,Accessories,Headphones,2,3,7125.0
C0358,Accessories,Headphones,1,3,7125.0
C0500,Accessories,Headphones,1,3,7125.0
C0150,Accessories,Keyboard,2,4,7100.0
C0179,Accessories,Keyboard,3,4,7100.0
C0354,Accessories,Mouse,4,10,7080.0
C0046,Accessories,Webcam,1,2,7000.0
C0080,Accessories,Webcam,1,2,7000.0
C0241,Accessories,Headphones,2,3,7000.0
C0247,Accessories,Webcam,1,2,7000.0
C0271,Accessories,Webcam,1,2,7000.0
C0349,Accessories,Webcam,1,2,7000.0
C0376,Accessories,Webcam,1,2,7000.0
C0397,Accessories,Keyboard,3,4,7000.0
C0032,Accessories,Mouse,3,9,6960.0
C0186,Accessories,Mouse,3,9,6960.0
C0260,Accessories,Mouse,3,10,6920.0
C0423,Accessories,Mouse,3,10,6920.0
C0368,Accessories,Mouse,4,9,6880.0
C0324,Accessories,Headphones,2,3,6875.0
C0430,Accessories,Headphones,2,3,6875.0
C0127,Accessories,Webcam,2,2,6825.0
C0036,Accessories,Mouse,2,9,6800.0
C0068,Accessories,Keyboard,1,4,6800.0
C0087,Accessories,Mouse,2,9,6800.0
C0122,Accessories,Keyboard,1,4,6800.0
C0145,Accessories,Keyboard,1,4,6800.0
C0182,Accessories,Keyboard,1,4,6800.0
C0191,Accessories,Keyboard,1,4,6800.0
C0209,Accessories,Keyboard,1,4,6800.0
C0315,Accessories,Keyboard,1,4,6800.0
C0427,Accessories,Keyboard,1,4,6800.0
C0469,Accessories,Keyboard,1,4,6800.0
C0489,Accessories,Keyboard,1,4,6800.0
C0037,Accessories,Headphones,1,3,6750.0
C0039,Accessories,Headphones,1,3,6750.0
C0058,Accessories,Headphones,1,3,6750.0
C0113,Accessories,Headphones,1,3,6750.0
C0117,Accessories,Headphones,1,3,6750.0
C0132,Accessories,Headphones,2,3,6750.0
C0215,Accessories,Headphones,1,3,6750.0
C0237,Accessories,Headphones,1,3,6750.0
C0265,Accessories,Headphones,1,3,6750.0
C0284,Accessories,Headphones,1,3,6750.0
C0314,Accessories,Headphones,1,3,6750.0
C0381,Accessories,Headphones,1,3,6750.0
C0454,Accessories,Headphones,1,3,6750.0
C0489,Accessories,Headphones,1,3,6750.0
C0049,Accessories,Mouse,4,9,6680.0
C0135,Accessories,Webcam,1,2,6650.0
C0212,Accessories,Webcam,1,2,6650.0
C0299,Accessories,Webcam,1,2,6650.0
C0363,Accessories,Webcam,1,2,6650.0
C0366,Accessories,Webcam,2,2,6650.0
C0386,Accessories,Webcam,1,2,6650.0
C0403,Accessories,Webcam,1,2,6650.0
C0337,Accessories,Headphones,2,3,6625.0
C0042,Accessories,Mouse,3,9,6600.0
C0366,Accessories,Mouse,3,9,6520.0
C0189,Accessories,Mouse,2,9,6480.0
C0293,Accessories,Mouse,2,9,6480.0
C0294,Accessories,Mouse,2,9,6480.0
C0351,Accessories,Webcam,2,2,6475.0
C0424,Accessories,Webcam,2,2,6475.0
C0497,Accessories,Mouse,2,9,6440.0
C0026,Accessories,Headphones,1,3,6375.0
C0138,Accessories,Headphones,1,3,6375.0
C0139,Accessories,Headphones,1,3,6375.0
C0140,Accessories,Headphones,1,3,6375.0
C0207,Accessories,Headphones,1,3,6375.0
C0262,Accessories,Headphones,1,3,6375.0
C0280,Accessories,Headphones,1,3,6375.0
C0329,Accessories,Headphones,1,3,6375.0
C0357,Accessories,Headphones,1,3,6375.0
C0422,Accessories,Headphones,1,3,6375.0
C0015,Accessories,Webcam,1,2,6300.0
C0075,Accessories,Webcam,1,2,6300.0
C0137,Accessories,Webcam,1,2,6300.0
C0188,Accessories,Webcam,1,2,6300.0
C0267,Accessories,Webcam,1,2,6300.0
C0270,Accessories,Webcam,1,2,6300.0
C0315,Accessories,Webcam,1,2,6300.0
C0361,Accessories,Webcam,1,2,6300.0
C0370,Accessories,Webcam,1,2,6300.0
C0406,Accessories,Webcam,1,2,6300.0
C0435,Accessories,Webcam,1,2,6300.0
C0478,Accessories,Webcam,1,2,6300.0
C0181,Accessories,Mouse,2,9,6280.0
C0382,Accessories,Mouse,3,9,6280.0
C0411,Accessories,Mouse,2,9,6280.0
C0477,Accessories,Mouse,2,9,6280.0
C0219,Accessories,Mouse,2,8,6200.0
C0345,Accessories,Mouse,3,8,6160.0
C0437,Accessories,Mouse,3,8,6160.0
C0403,Accessories,Mouse,4,8,6120.0
C0416,Accessories,Mouse,2,9,6120.0
C0313,Accessories,Mouse,2,8,6040.0
C0005,Accessories,Keyboard,1,3,6000.0
C0115,Accessories,Keyboard,1,3,6000.0
C0127,Accessories,Keyboard,1,3,6000.0
C0154,Accessories,Keyboard,1,3,6000.0
C0216,Accessories,Keyboard,1,3,6000.0
C0283,Accessories,Keyboard,1,3,6000.0
C0303,Accessories,Keyboard,1,3,6000.0
C0331,Accessories,Keyboard,1,3,6000.0
C0348,Accessories,Keyboard,1,3,6000.0
C0462,Accessories,Keyboard,1,3,6000.0
C0466,Accessories,Mouse,3,8,6000.0
C0481,Accessories,Keyboard,1,3,6000.0
C0491,Accessories,Keyboard,1,3,6000.0
C0279,Accessories,Mouse,4,8,5960.0
C0090,Accessories,Webcam,1,2,5950.0
C0146,Accessories,Webcam,1,2,5950.0
C0193,Accessories,Webcam,1,2,5950.0
C0250,Accessories,Webcam,1,2,5950.0
C0282,Accessories,Webcam,1,2,5950.0
C0312,Accessories,Webcam,1,2,5950.0
C0023,Accessories,Mouse,2,8,5920.0
C0359,Accessories,Mouse,4,8,5920.0
C0053,Accessories,Keyboard,2,3,5900.0
C0474,Accessories,Mouse,2,8,5880.0
C0391,Accessories,Keyboard,2,3,5800.0
C0418,Accessories,Keyboard,2,3,5800.0
C0431,Accessories,Mouse,2,8,5760.0
C0062,Accessories,Keyboard,1,3,5700.0
C0073,Accessories,Keyboard,1,3,5700.0
C0093,Accessories,Keyboard,1,3,5700.0
C0143,Accessories,Keyboard,1,3,5700.0
C0304,Accessories,Keyboard,1,3,5700.0
C0310,Accessories,Keyboard,1,3,5700.0
C0390,Accessories,Keyboard,1,3,5700.0
C0408,Accessories,Keyboard,1,3,5700.0
C0439,Accessories,Keyboard,1,3,5700.0
C0107,Accessories,Keyboard,2,3,5600.0
C0231,Accessories,Mouse,2,7,5600.0
C0311,Accessories,Keyboard,2,3,5500.0
C0373,Accessories,Keyboard,2,3,5500.0
C0496,Accessories,Keyboard,2,3,5500.0
C0417,Accessories,Mouse,2,7,5480.0
C0115,Accessories,Mouse,2,7,5440.0
C0069,Accessories,Keyboard,1,3,5400.0
C0071,Accessories,Keyboard,1,3,5400.0
C0103,Accessories,Keyboard,2,3,5400.0
C0149,Accessories,Keyboard,1,3,5400.0
C0160,Accessories,Mouse,2,7,5400.0
C0175,Accessories,Keyboard,1,3,5400.0
C0211,Accessories,Keyboard,1,3,5400.0
C0220,Accessories,Keyboard,1,3,5400.0
C0223,Accessories,Keyboard,1,3,5400.0
C0297,Accessories,Keyboard,1,3,5400.0
C0337,Accessories,Keyboard,1,3,5400.0
C0381,Accessories,Keyboard,1,3,5400.0
C0455,Accessories,Keyboard,1,3,5400.0
C0052,Accessories,Mouse,2,7,5360.0
C0058,Accessories,Mouse,3,7,5320.0
C0108,Accessories,Mouse,3,7,5320.0
C0012,Accessories,Mouse,2,7,5280.0
C0272,Accessories,Mouse,3,7,5280.0
C0095,Accessories,Mouse,2,7,5240.0
C0197,Accessories,Mouse,2,7,5240.0
C0344,Accessories,Mouse,2,7,5240.0
C0111,Accessories,Keyboard,2,3,5200.0
C0341,Accessories,Mouse,2,7,5200.0
C0045,Accessories,Mouse,3,7,5160.0
C0184,Accessories,Mouse,4,7,5160.0
C0413,Accessories,Mouse,3,7,5120.0
C0057,Accessories,Keyboard,1,3,5100.0
C0284,Accessories,Keyboard,1,3,5100.0
C0289,Accessories,Keyboard,1,3,5100.0
C0302,Accessories,Keyboard,1,3,5100.0
C0484,Accessories,Keyboard,1,3,5100.0
C0014,Accessories,Mouse,2,7,5080.0
C0110,Accessories,Mouse,2,7,5080.0
C0035,Accessories,Headphones,1,2,5000.0
C0151,Accessories,Headphones,1,2,5000.0
C0179,Accessories,Mouse,2,7,5000.0
C0321,Accessories,Headphones,1,2,5000.0
C0346,Accessories,Headphones,1,2,5000.0
C0411,Accessories,Headphones,1,2,5000.0
C0486,Accessories,Headphones,1,2,5000.0
C0390,Accessories,Mouse,2,7,4960.0
C0067,Accessories,Mouse,2,7,4920.0
C0263,Accessories,Mouse,2,7,4920.0
C0414,Accessories,Mouse,3,7,4840.0
C0457,Accessories,Mouse,2,7,4840.0
C0031,Accessories,Mouse,2,6,4800.0
C0339,Accessories,Mouse,2,6,4800.0
C0062,Accessories,Mouse,2,7,4760.0
C0123,Accessories,Mouse,2,7,4760.0
C0009,Accessories,Headphones,1,2,4750.0
C0049,Accessories,Headphones,1,2,4750.0
C0056,Accessories,Headphones,2,2,4750.0
C0064,Accessories,Headphones,1,2,4750.0
C0094,Accessories,Headphones,1,2,4750.0
C0116,Accessories,Headphones,1,2,4750.0
C0236,Accessories,Headphones,1,2,4750.0
C0312,Accessories,Headphones,1,2,4750.0
C0331,Accessories,Headphones,1,2,4750.0
C0359,Accessories,Headphones,1,2,4750.0
C0471,Accessories,Headphones,1,2,4750.0
C0475,Accessories,Headphones,1,2,4750.0
C0487,Accessories,Headphones,1,2,4750.0
C0019,Accessories,Mouse,2,6,4720.0
C0253,Accessories,Mouse,2,6,4680.0
C0154,Accessories,Headphones,2,2,4625.0
C0414,Accessories,Headphones,2,2,4625.0
C0004,Accessories,Mouse,2,6,4560.0
C0199,Accessories,Mouse,2,6,4560.0
C0326,Accessories,Mouse,4,6,4560.0
C0418,Accessories,Mouse,2,6,4560.0
C0439,Accessories,Mouse,2,6,4560.0
C0285,Accessories,Mouse,2,6,4520.0
C0040,Accessories,Headphones,1,2,4500.0
C0092,Accessories,Headphones,1,2,4500.0
C0097,Accessories,Headphones,1,2,4500.0
C0122,Accessories,Headphones,1,2,4500.0
C0261,Accessories,Headphones,1,2,4500.0
C0276,Accessories,Headphones,1,2,4500.0
C0290,Accessories,Headphones,1,2,4500.0
C0373,Accessories,Headphones,2,2,4500.0
C0397,Accessories,Headphones,1,2,4500.0
C0412,Accessories,Headphones,1,2,4500.0
C0444,Accessories,Headphones,1,2,4500.0
C0448,Accessories,Headphones,1,2,4500.0
C0467,Accessories,Headphones,1,2,4500.0
C0033,Accessories,Mouse,2,6,4480.0
C0120,Accessories,Mouse,2,6,4440.0
C0085,Accessories,Mouse,2,6,4320.0
C0128,Accessories,Mouse,2,6,4320.0
C0132,Accessories,Mouse,2,6,4320.0
C0458,Accessories,Mouse,2,6,4320.0
C0032,Accessories,Headphones,1,2,4250.0
C0034,Accessories,Headphones,1,2,4250.0
C0066,Accessories,Headphones,1,2,4250.0
C0089,Accessories,Headphones,1,2,4250.0
C0168,Accessories,Headphones,1,2,4250.0
C0177,Accessories,Headphones,1,2,4250.0
C0234,Accessories,Headphones,1,2,4250.0
C0361,Accessories,Headphones,1,2,4250.0
C0379,Accessories,Headphones,1,2,4250.0
C0403,Accessories,Headphones,1,2,4250.0
C0151,Accessories,Mouse,2,6,4240.0
C0034,Accessories,Mouse,2,6,4200.0
C0346,Accessories,Mouse,2,6,4200.0
C0267,Accessories,Mouse,2,6,4160.0
C0374,Accessories,Mouse,2,6,4160.0
C0452,Accessories,Mouse,2,6,4120.0
C0013,Accessories,Mouse,1,5,4000.0
C0027,Accessories,Keyboard,1,2,4000.0
C0029,Accessories,Keyboard,1,2,4000.0
C0055,Accessories,Keyboard,1,2,4000.0
C0074,Accessories,Keyboard,1,2,4000.0
C0120,Accessories,Keyboard,1,2,4000.0
C0123,Accessories,Keyboard,1,2,4000.0
C0143,Accessories,Mouse,1,5,4000.0
C0147,Accessories,Keyboard,1,2,4000.0
C0205,Accessories,Keyboard,1,2,4000.0
C0218,Accessories,Mouse,1,5,4000.0
C0224,Accessories,Keyboard,1,2,4000.0
C0275,Accessories,Mouse,1,5,4000.0
C0280,Accessories,Keyboard,1,2,4000.0
C0322,Accessories,Mouse,1,5,4000.0
C0342,Accessories,Keyboard,1,2,4000.0
C0350,Accessories,Mouse,1,5,4000.0
C0396,Accessories,Mouse,2,5,4000.0
C0428,Accessories,Mouse,1,5,4000.0
C0430,Accessories,Mouse,1,5,4000.0
C0465,Accessories,Mouse,1,5,4000.0
C0336,Accessories,Mouse,2,5,3960.0
C0448,Accessories,Keyboard,2,2,3900.0
C0495,Accessories,Keyboard,2,2,3900.0
C0266,Accessories,Mouse,2,5,3880.0
C0444,Accessories,Mouse,2,5,3880.0
C0075,Accessories,Mouse,2,5,3840.0
C0015,Accessories,Keyboard,1,2,3800.0
C0028,Accessories,Keyboard,2,2,3800.0
C0091,Accessories,Mouse,1,5,3800.0
C0169,Accessories,Mouse,1,5,3800.0
C0187,Accessories,Mouse,1,5,3800.0
C0193,Accessories,Keyboard,1,2,3800.0
C0202,Accessories,Mouse,1,5,3800.0
C0266,Accessories,Keyboard,1,2,3800.0
C0318,Accessories,Mouse,1,5,3800.0
C0377,Accessories,Keyboard,1,2,3800.0
C0441,Accessories,Mouse,2,5,3800.0
C0443,Accessories,Mouse,1,5,3800.0
C0455,Accessories,Mouse,2,5,3800.0
C0458,Accessories,Keyboard,1,2,3800.0
C0475,Accessories,Keyboard,2,2,3800.0
C0141,Accessories,Mouse,2,5,3760.0
C0210,Accessories,Mouse,2,5,3760.0
C0198,Accessories,Mouse,2,5,3720.0
C0482,Accessories,Keyboard,2,2,3700.0
C0204,Accessories,Mouse,2,5,3680.0
C0327,Accessories,Mouse,2,5,3680.0
C0496,Accessories,Mouse,2,5,3680.0
C0182,Accessories,Mouse,2,5,3640.0
C0222,Accessories,Mouse,2,5,3640.0
C0435,Accessories,Mouse,2,5,3640.0
C0097,Accessories,Mouse,1,5,3600.0
C0098,Accessories,Keyboard,2,2,3600.0
C0159,Accessories,Mouse,3,5,3600.0
C0183,Accessories,Keyboard,1,2,3600.0
C0200,Accessories,Keyboard,1,2,3600.0
C0215,Accessories,Keyboard,1,2,3600.0
C0221,Accessories,Mouse,1,5,3600.0
C0229,Accessories,Keyboard,1,2,3600.0
C0271,Accessories,Keyboard,1,2,3600.0
C0275,Accessories,Keyboard,1,2,3600.0
C0287,Accessories,Mouse,1,5,3600.0
C0329,Accessories,Mouse,1,5,3600.0
C0332,Accessories,Mouse,1,5,3600.0
C0406,Accessories,Mouse,1,5,3600.0
C0424,Accessories,Mouse,1,5,3600.0
C0468,Accessories,Keyboard,2,2,3600.0
C0472,Accessories,Mouse,1,5,3600.0
C0154,Accessories,Mouse,2,5,3560.0
C0093,Accessories,Mouse,2,5,3520.0
C0106,Accessories,Mouse,2,5,3520.0
C0093,Accessories,Webcam,1,1,3500.0
C0207,Accessories,Webcam,1,1,3500.0
C0240,Accessories,Webcam,1,1,3500.0
C0264,Accessories,Webcam,1,1,3500.0
C0453,Accessories,Webcam,1,1,3500.0
C0480,Accessories,Webcam,1,1,3500.0
C0499,Accessories,Webcam,1,1,3500.0
C0008,Accessories,Keyboard,1,2,3400.0
C0009,Accessories,Keyboard,1,2,3400.0
C0039,Accessories,Mouse,1,5,3400.0
C0040,Accessories,Keyboard,1,2,3400.0
C0047,Accessories,Mouse,1,5,3400.0
C0056,Accessories,Mouse,1,5,3400.0
C0070,Accessories,Keyboard,1,2,3400.0
C0071,Accessories,Mouse,1,5,3400.0
C0078,Accessories,Keyboard,1,2,3400.0
C0079,Accessories,Mouse,1,5,3400.0
C0086,Accessories,Keyboard,1,2,3400.0
C0172,Accessories,Mouse,1,5,3400.0
C0177,Accessories,Keyboard,1,2,3400.0
C0186,Accessories,Keyboard,1,2,3400.0
C0193,Accessories,Mouse,1,5,3400.0
C0201,Accessories,Keyboard,1,2,3400.0
C0243,Accessories,Mouse,1,5,3400.0
C0280,Accessories,Mouse,2,5,3400.0
C0309,Accessories,Keyboard,1,2,3400.0
C0376,Accessories,Keyboard,1,2,3400.0
C0398,Accessories,Mouse,1,5,3400.0
C0405,Accessories,Mouse,1,5,3400.0
C0424,Accessories,Keyboard,1,2,3400.0
C0454,Accessories,Mouse,1,5,3400.0
C0480,Accessories,Keyboard,1,2,3400.0
C0492,Accessories,Mouse,1,5,3400.0
C0041,Accessories,Webcam,1,1,3325.0
C0043,Accessories,Webcam,1,1,3325.0
C0081,Accessories,Webcam,1,1,3325.0
C0095,Accessories,Webcam,1,1,3325.0
C0154,Accessories,Webcam,1,1,3325.0
C0168,Accessories,Webcam,1,1,3325.0
C0169,Accessories,Webcam,1,1,3325.0
C0192,Accessories,Webcam,1,1,3325.0
C0206,Accessories,Webcam,1,1,3325.0
C0426,Accessories,Webcam,1,1,3325.0
C0060,Accessories,Mouse,1,4,3200.0
C0076,Accessories,Mouse,2,4,3200.0
C0133,Accessories,Mouse,1,4,3200.0
C0200,Accessories,Mouse,1,4,3200.0
C0286,Accessories,Mouse,1,4,3200.0
C0323,Accessories,Mouse,1,4,3200.0
C0324,Accessories,Mouse,1,4,3200.0
C0394,Accessories,Mouse,1,4,3200.0
C0407,Accessories,Mouse,1,4,3200.0
C0125,Accessories,Webcam,1,1,3150.0
C0233,Accessories,Webcam,1,1,3150.0
C0256,Accessories,Webcam,1,1,3150.0
C0262,Accessories,Webcam,1,1,3150.0
C0265,Accessories,Webcam,1,1,3150.0
C0389,Accessories,Webcam,1,1,3150.0
C0398,Accessories,Webcam,1,1,3150.0
C0439,Accessories,Webcam,1,1,3150.0
C0020,Accessories,Mouse,2,4,3120.0
C0092,Accessories,Mouse,2,4,3120.0
C0214,Accessories,Mouse,2,4,3120.0
C0351,Accessories,Mouse,2,4,3080.0
C0178,Accessories,Mouse,1,4,3040.0
C0238,Accessories,Mouse,2,4,3040.0
C0258,Accessories,Mouse,1,4,3040.0
C0365,Accessories,Mouse,2,4,3040.0
C0383,Accessories,Mouse,2,4,3000.0
C0010,Accessories,Webcam,1,1,2975.0
C0061,Accessories,Webcam,1,1,2975.0
C0134,Accessories,Webcam,1,1,2975.0
C0189,Accessories,Webcam,1,1,2975.0
C0308,Accessories,Webcam,1,1,2975.0
C0345,Accessories,Webcam,1,1,2975.0
C0156,Accessories,Mouse,2,4,2960.0
C0035,Accessories,Mouse,1,4,2880.0
C0053,Accessories,Mouse,1,4,2880.0
C0137,Accessories,Mouse,2,4,2880.0
C0203,Accessories,Mouse,1,4,2880.0
C0307,Accessories,Mouse,1,4,2880.0
C0320,Accessories,Mouse,1,4,2880.0
C0410,Accessories,Mouse,1,4,2880.0
C0480,Accessories,Mouse,1,4,2880.0
C0111,Accessories,Mouse,2,4,2840.0
C0338,Accessories,Mouse,2,4,2840.0
C0434,Accessories,Mouse,2,4,2840.0
C0380,Accessories,Mouse,2,4,2760.0
C0001,Accessories,Mouse,1,4,2720.0
C0055,Accessories,Mouse,1,4,2720.0
C0068,Accessories,Mouse,1,4,2720.0
C0113,Accessories,Mouse,1,4,2720.0
C0177,Accessories,Mouse,2,4,2720.0
C0194,Accessories,Mouse,1,4,2720.0
C0296,Accessories,Mouse,1,4,2720.0
C0447,Accessories,Mouse,1,4,2720.0
C0467,Accessories,Mouse,1,4,2720.0
C0015,Accessories,Headphones,1,1,2500.0
C0069,Accessories,Headphones,1,1,2500.0
C0149,Accessories,Headphones,1,1,2500.0
C0214,Accessories,Headphones,1,1,2500.0
C0398,Accessories,Headphones,1,1,2500.0
C0474,Accessories,Headphones,1,1,2500.0
C0011,Accessories,Mouse,1,3,2400.0
C0048,Accessories,Mouse,1,3,2400.0
C0050,Accessories,Mouse,2,3,2400.0
C0099,Accessories,Mouse,1,3,2400.0
C0103,Accessories,Mouse,2,3,2400.0
C0167,Accessories,Mouse,1,3,2400.0
C0297,Accessories,Mouse,1,3,2400.0
C0358,Accessories,Mouse,2,3,2400.0
C0386,Accessories,Mouse,1,3,2400.0
C0391,Accessories,Mouse,1,3,2400.0
C0462,Accessories,Mouse,1,3,2400.0
C0052,Accessories,Headphones,1,1,2375.0
C0143,Accessories,Headphones,1,1,2375.0
C0268,Accessories,Headphones,1,1,2375.0
C0334,Accessories,Headphones,1,1,2375.0
C0345,Accessories,Headphones,1,1,2375.0
C0402,Accessories,Headphones,1,1,2375.0
C0407,Accessories,Headphones,1,1,2375.0
C0461,Accessories,Headphones,1,1,2375.0
C0472,Accessories,Headphones,1,1,2375.0
C0310,Accessories,Mouse,2,3,2360.0
C0240,Accessories,Mouse,1,3,2280.0
C0250,Accessories,Mouse,1,3,2280.0
C0281,Accessories,Mouse,1,3,2280.0
C0283,Accessories,Mouse,2,3,2280.0
C0292,Accessories,Mouse,1,3,2280.0
C0304,Accessories,Mouse,2,3,2280.0
C0333,Accessories,Mouse,1,3,2280.0
C0369,Accessories,Mouse,1,3,2280.0
C0378,Accessories,Mouse,1,3,2280.0
C0476,Accessories,Mouse,1,3,2280.0
C0490,Accessories,Mouse,2,3,2280.0
C0004,Accessories,Headphones,1,1,2250.0
C0008,Accessories,Headphones,1,1,2250.0
C0038,Accessories,Headphones,1,1,2250.0
C0041,Accessories,Headphones,1,1,2250.0
C0046,Accessories,Headphones,1,1,2250.0
C0228,Accessories,Headphones,1,1,2250.0
C0257,Accessories,Headphones,1,1,2250.0
C0307,Accessories,Headphones,1,1,2250.0
C0320,Accessories,Headphones,1,1,2250.0
C0330,Accessories,Headphones,1,1,2250.0
C0105,Accessories,Mouse,2,3,2200.0
C0185,Accessories,Mouse,2,3,2200.0
C0030,Accessories,Mouse,1,3,2160.0
C0176,Accessories,Mouse,1,3,2160.0
C0180,Accessories,Mouse,1,3,2160.0
C0183,Accessories,Mouse,1,3,2160.0
C0235,Accessories,Mouse,1,3,2160.0
C0274,Accessories,Mouse,2,3,2160.0
C0376,Accessories,Mouse,1,3,2160.0
C0478,Accessories,Mouse,1,3,2160.0
C0048,Accessories,Headphones,1,1,2125.0
C0074,Accessories,Headphones,1,1,2125.0
C0135,Accessories,Headphones,1,1,2125.0
C0202,Accessories,Headphones,1,1,2125.0
C0250,Accessories,Headphones,1,1,2125.0
C0251,Accessories,Headphones,1,1,2125.0
C0272,Accessories,Headphones,1,1,2125.0
C0325,Accessories,Headphones,1,1,2125.0
C0387,Accessories,Headphones,1,1,2125.0
C0438,Accessories,Headphones,1,1,2125.0
C0439,Accessories,Headphones,1,1,2125.0
C0463,Accessories,Headphones,1,1,2125.0
C0349,Accessories,Mouse,2,3,2120.0
C0096,Accessories,Mouse,1,3,2040.0
C0142,Accessories,Mouse,1,3,2040.0
C0162,Accessories,Mouse,1,3,2040.0
C0220,Accessories,Mouse,1,3,2040.0
C0256,Accessories,Mouse,1,3,2040.0
C0273,Accessories,Mouse,1,3,2040.0
C0343,Accessories,Mouse,1,3,2040.0
C0360,Accessories,Mouse,1,3,2040.0
C0020,Accessories,Keyboard,1,1,2000.0
C0181,Accessories,Keyboard,1,1,2000.0
C0192,Accessories,Keyboard,1,1,2000.0
C0225,Accessories,Keyboard,1,1,2000.0
C0345,Accessories,Keyboard,1,1,2000.0
C0371,Accessories,Keyboard,1,1,2000.0
C0443,Accessories,Keyboard,1,1,2000.0
C0019,Accessories,Keyboard,1,1,1900.0
C0081,Accessories,Keyboard,1,1,1900.0
C0130,Accessories,Keyboard,1,1,1900.0
C0161,Accessories,Keyboard,1,1,1900.0
C0210,Accessories,Keyboard,1,1,1900.0
C0243,Accessories,Keyboard,1,1,1900.0
C0319,Accessories,Keyboard,1,1,1900.0
C0022,Accessories,Keyboard,1,1,1800.0
C0026,Accessories,Keyboard,1,1,1800.0
C0169,Accessories,Keyboard,1,1,1800.0
C0234,Accessories,Keyboard,1,1,1800.0
C0258,Accessories,Keyboard,1,1,1800.0
C0260,Accessories,Keyboard,1,1,1800.0
C0305,Accessories,Keyboard,1,1,1800.0
C0318,Accessories,Keyboard,1,1,1800.0
C0346,Accessories,Keyboard,1,1,1800.0
C0385,Accessories,Keyboard,1,1,1800.0
C0407,Accessories,Keyboard,1,1,1800.0
C0420,Accessories,Keyboard,1,1,1800.0
C0476,Accessories,Keyboard,1,1,1800.0
C0494,Accessories,Keyboard,1,1,1800.0
C0002,Accessories,Keyboard,1,1,1700.0
C0016,Accessories,Keyboard,1,1,1700.0
C0021,Accessories,Keyboard,1,1,1700.0
C0099,Accessories,Keyboard,1,1,1700.0
C0274,Accessories,Keyboard,1,1,1700.0
C0357,Accessories,Keyboard,1,1,1700.0
C0400,Accessories,Keyboard,1,1,1700.0
C0429,Accessories,Keyboard,1,1,1700.0
C0464,Accessories,Keyboard,1,1,1700.0
C0016,Accessories,Mouse,1,2,1600.0
C0188,Accessories,Mouse,1,2,1600.0
C0208,Accessories,Mouse,1,2,1600.0
C0213,Accessories,Mouse,1,2,1600.0
C0224,Accessories,Mouse,1,2,1600.0
C0237,Accessories,Mouse,1,2,1600.0
C0298,Accessories,Mouse,1,2,1600.0
C0299,Accessories,Mouse,1,2,1600.0
C0319,Accessories,Mouse,1,2,1600.0
C0362,Accessories,Mouse,1,2,1600.0
C0372,Accessories,Mouse,1,2,1600.0
C0373,Accessories,Mouse,1,2,1600.0
C0377,Accessories,Mouse,1,2,1600.0
C0038,Accessories,Mouse,1,2,1520.0
C0084,Accessories,Mouse,1,2,1520.0
C0138,Accessories,Mouse,1,2,1520.0
C0245,Accessories,Mouse,1,2,1520.0
C0246,Accessories,Mouse,1,2,1520.0
C0290,Accessories,Mouse,1,2,1520.0
C0305,Accessories,Mouse,1,2,1520.0
C0311,Accessories,Mouse,1,2,1520.0
C0402,Accessories,Mouse,2,2,1520.0
C0353,Accessories,Mouse,2,2,1480.0
C0152,Accessories,Mouse,2,2,1440.0
C0158,Accessories,Mouse,1,2,1440.0
C0225,Accessories,Mouse,1,2,1440.0
C0228,Accessories,Mouse,1,2,1440.0
C0408,Accessories,Mouse,1,2,1440.0
C0409,Accessories,Mouse,1,2,1440.0
C0483,Accessories,Mouse,2,2,1440.0
C0116,Accessories,Mouse,1,2,1360.0
C0117,Accessories,Mouse,1,2,1360.0
C0129,Accessories,Mouse,1,2,1360.0
C0136,Accessories,Mouse,1,2,1360.0
C0278,Accessories,Mouse,1,2,1360.0
C0371,Accessories,Mouse,1,2,1360.0
C0392,Accessories,Mouse,1,2,1360.0
C0401,Accessories,Mouse,2,2,1360.0
C0460,Accessories,Mouse,1,2,1360.0
C0037,Accessories,Mouse,1,1,800.0
C0109,Accessories,Mouse,1,1,800.0
C0161,Accessories,Mouse,1,1,800.0
C0163,Accessories,Mouse,1,1,800.0
C0254,Accessories,Mouse,1,1,800.0
C0259,Accessories,Mouse,1,1,800.0
C0355,Accessories,Mouse,1,1,800.0
C0429,Accessories,Mouse,1,1,800.0
C0432,Accessories,Mouse,1,1,800.0
C0433,Accessories,Mouse,1,1,800.0
C0440,Accessories,Mouse,1,1,800.0
C0122,Accessories,Mouse,1,1,760.0
C0155,Accessories,Mouse,1,1,760.0
C0233,Accessories,Mouse,1,1,760.0
C0247,Accessories,Mouse,1,1,760.0
C0363,Accessories,Mouse,1,1,760.0
C0399,Accessories,Mouse,1,1,760.0
C0249,Accessories,Mouse,1,1,720.0
C0271,Accessories,Mouse,1,1,720.0
C0459,Accessories,Mouse,1,1,720.0
C0498,Accessories,Mouse,1,1,720.0
C0021,Accessories,Mouse,1,1,680.0
C0070,Accessories,Mouse,1,1,680.0
C0073,Accessories,Mouse,1,1,680.0
C0140,Accessories,Mouse,1,1,680.0
C0157,Accessories,Mouse,1,1,680.0
C0347,Accessories,Mouse,1,1,680.0
C0361,Accessories,Mouse,1,1,680.0
C0412,Accessories,Mouse,1,1,680.0
C0438,Accessories,Mouse,1,1,680.0
