Order_ID,Order_Date,Customer_ID,Product,Category,Region,Quantity,Unit_Price,Discount,Payment_Method,Returned,Gross_Sales,Discount_Amount,Net_Sales
O00001,2025-01-01 00:00:00.000000000,C0017,Headphones,Accessories,North,3,2500,0.0,Credit Card,No,7500,0.0,7500.0
O00002,2025-01-01 02:36:59.483896779,C0056,Monitor,Electronics,East,4,15000,0.0,Credit Card,No,60000,0.0,60000.0
O00003,2025-01-01 05:13:58.967793558,C0182,Laptop,Electronics,North,2,65000,0.05,Cash,No,130000,6500.0,123500.0
O00004,2025-01-01 07:50:58.451690338,C0144,Laptop,Electronics,East,3,65000,0.1,Debit Card,No,195000,19500.0,175500.0
O00005,2025-01-01 10:27:57.935587117,C0319,Laptop,Electronics,West,1,65000,0.0,Debit Card,No,65000,0.0,65000.0
O00006,2025-01-01 13:04:57.419483896,C0358,Keyboard,Accessories,North,2,2000,0.05,Credit Card,No,4000,200.0,3800.0
O00007,2025-01-01 15:41:56.903380676,C0003,Smartphone,Electronics,West,1,40000,0.0,Debit Card,No,40000,0.0,40000.0
O00008,2025-01-01 18:18:56.387277455,C0202,Mouse,Accessories,West,5,800,0.05,Credit Card,Yes,4000,200.0,3800.0
O00009,2025-01-01 20:55:55.871174234,C0101,Laptop,Electronics,South,1,65000,0.05,Credit Card,No,65000,3250.0,61750.0
O00010,2025-01-01 23:32:55.355071014,C0163,Monitor,Electronics,South,5,15000,0.0,Cash,No,75000,0.0,75000.0
O00011,2025-01-02 02:09:54.838967793,C0405,Monitor,Electronics,North,1,15000,0.0,Cash,Yes,15000,0.0,15000.0
O00012,2025-01-02 04:46:54.322864572,C0347,Tablet,Electronics,East,1,30000,0.1,UPI,No,30000,3000.0,27000.0
O00013,2025-01-02 07:23:53.806761352,C0334,Tablet,Electronics,West,5,30000,0.0,Cash,Yes,150000,0.0,150000.0
O00014,2025-01-02 10:00:53.290658131,C0173,Monitor,Electronics,North,3,15000,0.1,UPI,No,45000,4500.0,40500.0
O00015,2025-01-02 12:37:52.774554910,C0168,Monitor,Electronics,West,3,15000,0.1,UPI,No,45000,4500.0,40500.0
O00016,2025-01-02 15:14:52.258451690,C0235,Headphones,Accessories,East,2,2500,0.1,Cash,No,5000,500.0,4500.0
O00017,2025-01-02 17:51:51.742348469,C0045,Keyboard,Accessories,East,4,2000,0.1,Debit Card,No,8000,800.0,7200.0
O00018,2025-01-02 20:28:51.226245249,C0366,Monitor,Electronics,West,2,15000,0.05,Cash,No,30000,1500.0,28500.0
O00019,2025-01-02 23:05:50.710142028,C0418,Keyboard,Accessories,East,2,2000,0.05,Credit Card,No,4000,200.0,3800.0
O00020,2025-01-03 01:42:50.194038807,C0336,Tablet,Electronics,West,1,30000,0.15,Debit Card,No,30000,4500.0,25500.0
O00021,2025-01-03 04:19:49.677935587,C0208,Tablet,Electronics,East,4,30000,0.0,Cash,No,120000,0.0,120000.0
O00022,2025-01-03 06:56:49.161832366,C0107,Keyboard,Accessories,East,2,2000,0.05,UPI,No,4000,200.0,3800.0
O00023,2025-01-03 09:33:48.645729145,C0078,Tablet,Electronics,East,2,30000,0.0,Debit Card,No,60000,0.0,60000.0
O00024,2025-01-03 12:10:48.129625925,C0456,Monitor,Electronics,South,3,15000,0.1,Debit Card,No,45000,4500.0,40500.0
O00025,2025-01-03 14:47:47.613522704,C0437,Laptop,Electronics,South,1,65000,0.0,Cash,No,65000,0.0,65000.0
O00026,2025-01-03 17:24:47.097419483,C0109,Webcam,Accessories,East,5,3500,0.05,Credit Card,No,17500,875.0,16625.0
O00027,2025-01-03 20:01:46.581316263,C0423,Monitor,Electronics,East,5,15000,0.0,Cash,No,75000,0.0,75000.0
O00028,2025-01-03 22:38:46.065213042,C0359,Monitor,Electronics,North,1,15000,0.0,UPI,No,15000,0.0,15000.0
O00029,2025-01-04 01:15:45.549109821,C0350,Tablet,Electronics,West,4,30000,0.0,Credit Card,No,120000,0.0,120000.0
O00030,2025-01-04 03:52:45.033006601,C0458,Tablet,Electronics,West,1,30000,0.0,UPI,No,30000,0.0,30000.0
O00031,2025-01-04 06:29:44.516903380,C0031,Keyboard,Accessories,North,3,2000,0.15,Cash,No,6000,900.0,5100.0
O00032,2025-01-04 09:06:44.000800160,C0456,Smartphone,Electronics,West,5,40000,0.1,Cash,No,200000,20000.0,180000.0
O00033,2025-01-04 11:43:43.484696939,C0106,Keyboard,Accessories,West,3,2000,0.1,Cash,No,6000,600.0,5400.0
O00034,2025-01-04 14:20:42.968593718,C0178,Laptop,Electronics,East,5,65000,0.1,Debit Card,No,325000,32500.0,292500.0
O00035,2025-01-04 16:57:42.452490498,C0201,Headphones,Accessories,West,3,2500,0.05,UPI,No,7500,375.0,7125.0
O00036,2025-01-04 19:34:41.936387277,C0283,Headphones,Accessories,North,4,2500,0.15,Cash,No,10000,1500.0,8500.0
O00037,2025-01-04 22:11:41.420284056,C0251,Webcam,Accessories,South,5,3500,0.0,Credit Card,Yes,17500,0.0,17500.0
O00038,2025-01-05 00:48:40.904180836,C0285,Tablet,Electronics,North,4,30000,0.15,Debit Card,No,120000,18000.0,102000.0
O00039,2025-01-05 03:25:40.388077615,C0354,Tablet,Electronics,North,5,30000,0.0,Credit Card,No,150000,0.0,150000.0
O00040,2025-01-05 06:02:39.871974394,C0359,Mouse,Accessories,South,2,800,0.15,Cash,No,1600,240.0,1360.0
O00041,2025-01-05 08:39:39.355871174,C0107,Smartphone,Electronics,West,1,40000,0.0,Credit Card,No,40000,0.0,40000.0
O00042,2025-01-05 11:16:38.839767953,C0091,Headphones,Accessories,East,5,2500,0.05,Debit Card,No,12500,625.0,11875.0
O00043,2025-01-05 13:53:38.323664732,C0277,Headphones,Accessories,North,3,2500,0.15,Cash,No,7500,1125.0,6375.0
O00044,2025-01-05 16:30:37.807561512,C0368,Mouse,Accessories,North,3,800,0.0,UPI,No,2400,0.0,2400.0
O00045,2025-01-05 19:07:37.291458291,C0455,Monitor,Electronics,East,3,15000,0.0,Cash,No,45000,0.0,45000.0
O00046,2025-01-05 21:44:36.775355071,C0206,Webcam,Accessories,West,1,3500,0.05,Credit Card,No,3500,175.0,3325.0
O00047,2025-01-06 00:21:36.259251850,C0354,Mouse,Accessories,West,3,800,0.1,Credit Card,No,2400,240.0,2160.0
O00048,2025-01-06 02:58:35.743148629,C0252,Headphones,Accessories,North,1,2500,0.1,Cash,No,2500,250.0,2250.0
O00049,2025-01-06 05:35:35.227045409,C0115,Headphones,Accessories,East,4,2500,0.15,Debit Card,Yes,10000,1500.0,8500.0
O00050,2025-01-06 08:12:34.710942188,C0478,Laptop,Electronics,West,1,65000,0.1,UPI,No,65000,6500.0,58500.0
O00051,2025-01-06 10:49:34.194838967,C0244,Laptop,Electronics,South,5,65000,0.1,UPI,No,325000,32500.0,292500.0
O00052,2025-01-06 13:26:33.678735747,C0231,Monitor,Electronics,East,1,15000,0.05,Debit Card,No,15000,750.0,14250.0
O00053,2025-01-06 16:03:33.162632526,C0078,Smartphone,Electronics,North,1,40000,0.05,Cash,No,40000,2000.0,38000.0
O00054,2025-01-06 18:40:32.646529305,C0189,Laptop,Electronics,West,5,65000,0.1,Debit Card,No,325000,32500.0,292500.0
O00055,2025-01-06 21:17:32.130426085,C0466,Keyboard,Accessories,South,2,2000,0.0,UPI,No,4000,0.0,4000.0
O00056,2025-01-06 23:54:31.614322864,C0426,Keyboard,Accessories,West,4,2000,0.15,Cash,No,8000,1200.0,6800.0
O00057,2025-01-07 02:31:31.098219643,C0175,Smartphone,Electronics,West,5,40000,0.15,Credit Card,Yes,200000,30000.0,170000.0
O00058,2025-01-07 05:08:30.582116423,C0492,Laptop,Electronics,North,5,65000,0.15,Cash,Yes,325000,48750.0,276250.0
O00059,2025-01-07 07:45:30.066013202,C0393,Monitor,Electronics,East,5,15000,0.0,Debit Card,No,75000,0.0,75000.0
O00060,2025-01-07 10:22:29.549909982,C0309,Keyboard,Accessories,West,2,2000,0.15,Credit Card,No,4000,600.0,3400.0
O00061,2025-01-07 12:59:29.033806761,C0058,Smartphone,Electronics,North,4,40000,0.0,Debit Card,No,160000,0.0,160000.0
O00062,2025-01-07 15:36:28.517703540,C0123,Monitor,Electronics,North,1,15000,0.0,Debit Card,No,15000,0.0,15000.0
O00063,2025-01-07 18:13:28.001600320,C0425,Monitor,Electronics,West,3,15000,0.05,Credit Card,No,45000,2250.0,42750.0
O00064,2025-01-07 20:50:27.485497099,C0145,Monitor,Electronics,South,2,15000,0.15,UPI,No,30000,4500.0,25500.0
O00065,2025-01-07 23:27:26.969393878,C0170,Headphones,Accessories,North,2,2500,0.1,Cash,No,5000,500.0,4500.0
O00066,2025-01-08 02:04:26.453290658,C0328,Webcam,Accessories,North,5,3500,0.0,Cash,No,17500,0.0,17500.0
O00067,2025-01-08 04:41:25.937187437,C0161,Monitor,Electronics,North,2,15000,0.05,Cash,No,30000,1500.0,28500.0
O00068,2025-01-08 07:18:25.421084216,C0020,Smartphone,Electronics,South,3,40000,0.15,UPI,No,120000,18000.0,102000.0
O00069,2025-01-08 09:55:24.904980996,C0311,Mouse,Accessories,North,2,800,0.05,Cash,No,1600,80.0,1520.0
O00070,2025-01-08 12:32:24.388877775,C0361,Monitor,Electronics,North,4,15000,0.1,Credit Card,No,60000,6000.0,54000.0
O00071,2025-01-08 15:09:23.872774554,C0425,Monitor,Electronics,South,1,15000,0.0,Credit Card,No,15000,0.0,15000.0
O00072,2025-01-08 17:46:23.356671334,C0366,Headphones,Accessories,South,5,2500,0.1,Cash,No,12500,1250.0,11250.0
O00073,2025-01-08 20:23:22.840568113,C0462,Tablet,Electronics,North,2,30000,0.15,Debit Card,No,60000,9000.0,51000.0
O00074,2025-01-08 23:00:22.324464893,C0463,Mouse,Accessories,South,3,800,0.0,Cash,No,2400,0.0,2400.0
O00075,2025-01-09 01:37:21.808361672,C0102,Smartphone,Electronics,South,5,40000,0.15,Debit Card,No,200000,30000.0,170000.0
O00076,2025-01-09 04:14:21.292258451,C0425,Smartphone,Electronics,North,1,40000,0.15,UPI,No,40000,6000.0,34000.0
O00077,2025-01-09 06:51:20.776155231,C0114,Smartphone,Electronics,South,5,40000,0.0,Debit Card,No,200000,0.0,200000.0
O00078,2025-01-09 09:28:20.260052010,C0387,Keyboard,Accessories,South,4,2000,0.1,UPI,No,8000,800.0,7200.0
O00079,2025-01-09 12:05:19.743948789,C0435,Monitor,Electronics,North,4,15000,0.05,Cash,Yes,60000,3000.0,57000.0
O00080,2025-01-09 14:42:19.227845569,C0335,Monitor,Electronics,South,2,15000,0.1,Debit Card,No,30000,3000.0,27000.0
O00081,2025-01-09 17:19:18.711742348,C0123,Keyboard,Accessories,East,2,2000,0.0,UPI,No,4000,0.0,4000.0
O00082,2025-01-09 19:56:18.195639127,C0208,Webcam,Accessories,North,3,3500,0.1,Credit Card,No,10500,1050.0,9450.0
O00083,2025-01-09 22:33:17.679535907,C0234,Keyboard,Accessories,North,1,2000,0.1,Debit Card,No,2000,200.0,1800.0
O00084,2025-01-10 01:10:17.163432686,C0051,Mouse,Accessories,East,3,800,0.05,Debit Card,No,2400,120.0,2280.0
O00085,2025-01-10 03:47:16.647329465,C0112,Smartphone,Electronics,West,5,40000,0.05,UPI,No,200000,10000.0,190000.0
O00086,2025-01-10 06:24:16.131226245,C0421,Laptop,Electronics,West,1,65000,0.0,Credit Card,No,65000,0.0,65000.0
O00087,2025-01-10 09:01:15.615123024,C0386,Smartphone,Electronics,South,5,40000,0.0,UPI,No,200000,0.0,200000.0
O00088,2025-01-10 11:38:15.099019803,C0121,Webcam,Accessories,West,3,3500,0.1,Credit Card,No,10500,1050.0,9450.0
O00089,2025-01-10 14:15:14.582916583,C0365,Headphones,Accessories,South,2,2500,0.15,Debit Card,No,5000,750.0,4250.0
O00090,2025-01-10 16:52:14.066813362,C0123,Headphones,Accessories,North,2,2500,0.0,UPI,No,5000,0.0,5000.0
O00091,2025-01-10 19:29:13.550710142,C0451,Laptop,Electronics,East,3,65000,0.15,UPI,No,195000,29250.0,165750.0
O00092,2025-01-10 22:06:13.034606921,C0159,Monitor,Electronics,West,1,15000,0.15,UPI,No,15000,2250.0,12750.0
O00093,2025-01-11 00:43:12.518503700,C0123,Webcam,Accessories,North,4,3500,0.15,Debit Card,No,14000,2100.0,11900.0
O00094,2025-01-11 03:20:12.002400480,C0308,Webcam,Accessories,East,1,3500,0.15,UPI,No,3500,525.0,2975.0
O00095,2025-01-11 05:57:11.486297259,C0361,Webcam,Accessories,South,2,3500,0.1,Credit Card,No,7000,700.0,6300.0
O00096,2025-01-11 08:34:10.970194038,C0482,Smartphone,Electronics,West,2,40000,0.0,Debit Card,No,80000,0.0,80000.0
O00097,2025-01-11 11:11:10.454090818,C0150,Webcam,Accessories,South,2,3500,0.1,Debit Card,No,7000,700.0,6300.0
O00098,2025-01-11 13:48:09.937987597,C0474,Webcam,Accessories,East,4,3500,0.15,Credit Card,No,14000,2100.0,11900.0
O00099,2025-01-11 16:25:09.421884376,C0454,Keyboard,Accessories,West,5,2000,0.05,Debit Card,No,10000,500.0,9500.0
O00100,2025-01-11 19:02:08.905781156,C0264,Monitor,Electronics,South,1,15000,0.05,Debit Card,No,15000,750.0,14250.0
O00101,2025-01-11 21:39:08.389677935,C0456,Headphones,Accessories,South,5,2500,0.0,Credit Card,No,12500,0.0,12500.0
O00102,2025-01-12 00:16:07.873574714,C0307,Smartphone,Electronics,West,5,40000,0.0,Credit Card,No,200000,0.0,200000.0
O00103,2025-01-12 02:53:07.357471494,C0182,Mouse,Accessories,North,4,800,0.1,UPI,No,3200,320.0,2880.0
O00104,2025-01-12 05:30:06.841368273,C0016,Keyboard,Accessories,East,1,2000,0.15,Debit Card,No,2000,300.0,1700.0
O00105,2025-01-12 08:07:06.325265053,C0118,Headphones,Accessories,West,3,2500,0.1,Cash,No,7500,750.0,6750.0
O00106,2025-01-12 10:44:05.809161832,C0239,Headphones,Accessories,South,5,2500,0.1,UPI,No,12500,1250.0,11250.0
O00107,2025-01-12 13:21:05.293058611,C0355,Headphones,Accessories,West,4,2500,0.05,Credit Card,No,10000,500.0,9500.0
O00108,2025-01-12 15:58:04.776955391,C0037,Tablet,Electronics,North,5,30000,0.15,Debit Card,No,150000,22500.0,127500.0
O00109,2025-01-12 18:35:04.260852170,C0352,Keyboard,Accessories,West,2,2000,0.0,Debit Card,No,4000,0.0,4000.0
O00110,2025-01-12 21:12:03.744748949,C0192,Keyboard,Accessories,North,1,2000,0.0,Cash,No,2000,0.0,2000.0
O00111,2025-01-12 23:49:03.228645729,C0486,Mouse,Accessories,North,1,800,0.15,Credit Card,No,800,120.0,680.0
O00112,2025-01-13 02:26:02.712542508,C0142,Webcam,Accessories,East,2,3500,0.1,Credit Card,No,7000,700.0,6300.0
O00113,2025-01-13 05:03:02.196439287,C0235,Smartphone,Electronics,East,3,40000,0.0,UPI,No,120000,0.0,120000.0
O00114,2025-01-13 07:40:01.680336067,C0454,Webcam,Accessories,South,5,3500,0.05,Credit Card,No,17500,875.0,16625.0
O00115,2025-01-13 10:17:01.164232846,C0047,Monitor,Electronics,East,1,15000,0.0,Cash,No,15000,0.0,15000.0
O00116,2025-01-13 12:54:00.648129625,C0352,Tablet,Electronics,East,3,30000,0.05,Credit Card,No,90000,4500.0,85500.0
O00117,2025-01-13 15:31:00.132026405,C0037,Smartphone,Electronics,South,5,40000,0.0,Debit Card,No,200000,0.0,200000.0
O00118,2025-01-13 18:07:59.615923184,C0092,Webcam,Accessories,North,2,3500,0.05,Debit Card,No,7000,350.0,6650.0
O00119,2025-01-13 20:44:59.099819964,C0278,Keyboard,Accessories,West,2,2000,0.15,Credit Card,No,4000,600.0,3400.0
O00120,2025-01-13 23:21:58.583716743,C0061,Keyboard,Accessories,North,2,2000,0.15,Credit Card,No,4000,600.0,3400.0
O00121,2025-01-14 01:58:58.067613522,C0374,Monitor,Electronics,South,5,15000,0.15,Credit Card,No,75000,11250.0,63750.0
O00122,2025-01-14 04:35:57.551510302,C0302,Laptop,Electronics,East,3,65000,0.05,Debit Card,No,195000,9750.0,185250.0
O00123,2025-01-14 07:12:57.035407081,C0447,Monitor,Electronics,East,1,15000,0.15,Cash,No,15000,2250.0,12750.0
O00124,2025-01-14 09:49:56.519303860,C0349,Monitor,Electronics,East,3,15000,0.15,Debit Card,No,45000,6750.0,38250.0
O00125,2025-01-14 12:26:56.003200640,C0042,Tablet,Electronics,North,1,30000,0.0,Credit Card,No,30000,0.0,30000.0
O00126,2025-01-14 15:03:55.487097419,C0157,Keyboard,Accessories,North,5,2000,0.0,Credit Card,Yes,10000,0.0,10000.0
O00127,2025-01-14 17:40:54.970994198,C0103,Headphones,Accessories,West,1,2500,0.0,Debit Card,No,2500,0.0,2500.0
O00128,2025-01-14 20:17:54.454890978,C0116,Webcam,Accessories,South,2,3500,0.1,UPI,No,7000,700.0,6300.0
O00129,2025-01-14 22:54:53.938787757,C0497,Monitor,Electronics,North,2,15000,0.0,Debit Card,No,30000,0.0,30000.0
O00130,2025-01-15 01:31:53.422684536,C0037,Tablet,Electronics,South,4,30000,0.0,Debit Card,No,120000,0.0,120000.0
O00131,2025-01-15 04:08:52.906581316,C0087,Mouse,Accessories,South,5,800,0.1,Debit Card,No,4000,400.0,3600.0
O00132,2025-01-15 06:45:52.390478095,C0187,Keyboard,Accessories,West,5,2000,0.1,Cash,No,10000,1000.0,9000.0
O00133,2025-01-15 09:22:51.874374875,C0284,Keyboard,Accessories,South,3,2000,0.15,Debit Card,No,6000,900.0,5100.0
O00134,2025-01-15 11:59:51.358271654,C0496,Headphones,Accessories,North,4,2500,0.05,Debit Card,No,10000,500.0,9500.0
O00135,2025-01-15 14:36:50.842168433,C0147,Laptop,Electronics,East,2,65000,0.0,Debit Card,No,130000,0.0,130000.0
O00136,2025-01-15 17:13:50.326065213,C0132,Headphones,Accessories,North,2,2500,0.15,UPI,No,5000,750.0,4250.0
O00137,2025-01-15 19:50:49.809961992,C0112,Tablet,Electronics,East,1,30000,0.05,Cash,No,30000,1500.0,28500.0
O00138,2025-01-15 22:27:49.293858771,C0067,Webcam,Accessories,East,4,3500,0.1,UPI,No,14000,1400.0,12600.0
O00139,2025-01-16 01:04:48.777755551,C0307,Laptop,Electronics,West,5,65000,0.0,Cash,No,325000,0.0,325000.0
O00140,2025-01-16 03:41:48.261652330,C0479,Laptop,Electronics,South,4,65000,0.15,UPI,No,260000,39000.0,221000.0
O00141,2025-01-16 06:18:47.745549109,C0033,Mouse,Accessories,South,4,800,0.1,UPI,No,3200,320.0,2880.0
O00142,2025-01-16 08:55:47.229445889,C0097,Monitor,Electronics,North,4,15000,0.15,Debit Card,No,60000,9000.0,51000.0
O00143,2025-01-16 11:32:46.713342668,C0161,Headphones,Accessories,South,4,2500,0.0,Cash,No,10000,0.0,10000.0
O00144,2025-01-16 14:09:46.197239447,C0175,Laptop,Electronics,East,1,65000,0.05,Debit Card,No,65000,3250.0,61750.0
O00145,2025-01-16 16:46:45.681136227,C0001,Mouse,Accessories,East,4,800,0.15,Credit Card,No,3200,480.0,2720.0
O00146,2025-01-16 19:23:45.165033006,C0286,Webcam,Accessories,West,4,3500,0.05,Debit Card,No,14000,700.0,13300.0
O00147,2025-01-16 22:00:44.648929786,C0390,Tablet,Electronics,South,5,30000,0.15,Cash,No,150000,22500.0,127500.0
O00148,2025-01-17 00:37:44.132826565,C0013,Tablet,Electronics,West,5,30000,0.05,UPI,No,150000,7500.0,142500.0
O00149,2025-01-17 03:14:43.616723344,C0479,Tablet,Electronics,East,5,30000,0.1,UPI,No,150000,15000.0,135000.0
O00150,2025-01-17 05:51:43.100620124,C0447,Headphones,Accessories,West,3,2500,0.0,Debit Card,No,7500,0.0,7500.0
O00151,2025-01-17 08:28:42.584516903,C0041,Tablet,Electronics,North,5,30000,0.1,Debit Card,No,150000,15000.0,135000.0
O00152,2025-01-17 11:05:42.068413682,C0293,Headphones,Accessories,South,4,2500,0.15,Debit Card,No,10000,1500.0,8500.0
O00153,2025-01-17 13:42:41.552310462,C0410,Keyboard,Accessories,West,3,2000,0.1,Cash,No,6000,600.0,5400.0
O00154,2025-01-17 16:19:41.036207241,C0181,Smartphone,Electronics,East,3,40000,0.0,UPI,No,120000,0.0,120000.0
O00155,2025-01-17 18:56:40.520104020,C0432,Keyboard,Accessories,East,5,2000,0.15,Debit Card,No,10000,1500.0,8500.0
O00156,2025-01-17 21:33:40.004000800,C0473,Webcam,Accessories,North,5,3500,0.15,UPI,No,17500,2625.0,14875.0
O00157,2025-01-18 00:10:39.487897579,C0049,Webcam,Accessories,East,4,3500,0.15,Debit Card,No,14000,2100.0,11900.0
O00158,2025-01-18 02:47:38.971794358,C0303,Webcam,Accessories,North,1,3500,0.1,Cash,No,3500,350.0,3150.0
O00159,2025-01-18 05:24:38.455691138,C0003,Monitor,Electronics,South,2,15000,0.0,Debit Card,No,30000,0.0,30000.0
O00160,2025-01-18 08:01:37.939587917,C0410,Smartphone,Electronics,North,5,40000,0.0,Debit Card,No,200000,0.0,200000.0
O00161,2025-01-18 10:38:37.423484697,C0131,Mouse,Accessories,North,3,800,0.1,Debit Card,No,2400,240.0,2160.0
O00162,2025-01-18 13:15:36.907381476,C0484,Webcam,Accessories,East,5,3500,0.1,Debit Card,No,17500,1750.0,15750.0
O00163,2025-01-18 15:52:36.391278255,C0070,Mouse,Accessories,East,1,800,0.15,Cash,Yes,800,120.0,680.0
O00164,2025-01-18 18:29:35.875175035,C0078,Tablet,Electronics,East,5,30000,0.0,Credit Card,No,150000,0.0,150000.0
O00165,2025-01-18 21:06:35.359071814,C0311,Keyboard,Accessories,East,2,2000,0.05,UPI,No,4000,200.0,3800.0
O00166,2025-01-18 23:43:34.842968593,C0238,Headphones,Accessories,South,5,2500,0.0,Cash,No,12500,0.0,12500.0
O00167,2025-01-19 02:20:34.326865373,C0192,Laptop,Electronics,South,3,65000,0.15,Cash,No,195000,29250.0,165750.0
O00168,2025-01-19 04:57:33.810762152,C0299,Smartphone,Electronics,East,2,40000,0.05,Credit Card,No,80000,4000.0,76000.0
O00169,2025-01-19 07:34:33.294658931,C0386,Mouse,Accessories,North,3,800,0.0,UPI,No,2400,0.0,2400.0
O00170,2025-01-19 10:11:32.778555711,C0297,Laptop,Electronics,South,5,65000,0.0,Cash,No,325000,0.0,325000.0
O00171,2025-01-19 12:48:32.262452490,C0046,Monitor,Electronics,East,3,15000,0.15,Cash,No,45000,6750.0,38250.0
O00172,2025-01-19 15:25:31.746349269,C0458,Smartphone,Electronics,East,4,40000,0.15,Cash,No,160000,24000.0,136000.0
O00173,2025-01-19 18:02:31.230246049,C0274,Headphones,Accessories,East,4,2500,0.0,Cash,No,10000,0.0,10000.0
O00174,2025-01-19 20:39:30.714142828,C0141,Webcam,Accessories,North,4,3500,0.15,Debit Card,No,14000,2100.0,11900.0
O00175,2025-01-19 23:16:30.198039607,C0264,Smartphone,Electronics,North,3,40000,0.0,Debit Card,Yes,120000,0.0,120000.0
O00176,2025-01-20 01:53:29.681936387,C0134,Headphones,Accessories,South,3,2500,0.0,Debit Card,No,7500,0.0,7500.0
O00177,2025-01-20 04:30:29.165833166,C0015,Webcam,Accessories,West,2,3500,0.1,Credit Card,No,7000,700.0,6300.0
O00178,2025-01-20 07:07:28.649729946,C0439,Laptop,Electronics,West,3,65000,0.0,Credit Card,No,195000,0.0,195000.0
O00179,2025-01-20 09:44:28.133626725,C0217,Mouse,Accessories,North,2,800,0.1,Debit Card,No,1600,160.0,1440.0
O00180,2025-01-20 12:21:27.617523504,C0377,Tablet,Electronics,North,3,30000,0.1,Cash,No,90000,9000.0,81000.0
O00181,2025-01-20 14:58:27.101420284,C0034,Monitor,Electronics,East,2,15000,0.05,UPI,No,30000,1500.0,28500.0
O00182,2025-01-20 17:35:26.585317063,C0446,Mouse,Accessories,North,4,800,0.1,Credit Card,No,3200,320.0,2880.0
O00183,2025-01-20 20:12:26.069213842,C0494,Monitor,Electronics,North,3,15000,0.1,Credit Card,No,45000,4500.0,40500.0
O00184,2025-01-20 22:49:25.553110622,C0023,Headphones,Accessories,West,4,2500,0.15,Debit Card,No,10000,1500.0,8500.0
O00185,2025-01-21 01:26:25.037007401,C0413,Mouse,Accessories,West,2,800,0.0,UPI,No,1600,0.0,1600.0
O00186,2025-01-21 04:03:24.520904180,C0219,Headphones,Accessories,South,2,2500,0.0,UPI,No,5000,0.0,5000.0
O00187,2025-01-21 06:40:24.004800960,C0089,Laptop,Electronics,East,2,65000,0.15,Cash,No,130000,19500.0,110500.0
O00188,2025-01-21 09:17:23.488697739,C0136,Headphones,Accessories,North,5,2500,0.1,Cash,No,12500,1250.0,11250.0
O00189,2025-01-21 11:54:22.972594518,C0091,Monitor,Electronics,West,4,15000,0.0,UPI,No,60000,0.0,60000.0
O00190,2025-01-21 14:31:22.456491298,C0390,Monitor,Electronics,South,1,15000,0.05,Credit Card,No,15000,750.0,14250.0
O00191,2025-01-21 17:08:21.940388077,C0335,Laptop,Electronics,North,5,65000,0.0,Cash,No,325000,0.0,325000.0
O00192,2025-01-21 19:45:21.424284857,C0159,Headphones,Accessories,South,3,2500,0.1,Debit Card,No,7500,750.0,6750.0
O00193,2025-01-21 22:22:20.908181636,C0152,Keyboard,Accessories,West,4,2000,0.0,Cash,No,8000,0.0,8000.0
O00194,2025-01-22 00:59:20.392078415,C0001,Webcam,Accessories,East,3,3500,0.0,Credit Card,No,10500,0.0,10500.0
O00195,2025-01-22 03:36:19.875975195,C0180,Tablet,Electronics,North,3,30000,0.1,Cash,No,90000,9000.0,81000.0
O00196,2025-01-22 06:13:19.359871974,C0028,Laptop,Electronics,North,3,65000,0.1,Debit Card,No,195000,19500.0,175500.0
O00197,2025-01-22 08:50:18.843768753,C0208,Mouse,Accessories,South,2,800,0.0,Debit Card,No,1600,0.0,1600.0
O00198,2025-01-22 11:27:18.327665533,C0056,Keyboard,Accessories,West,4,2000,0.0,Debit Card,No,8000,0.0,8000.0
O00199,2025-01-22 14:04:17.811562312,C0252,Keyboard,Accessories,West,4,2000,0.0,Debit Card,No,8000,0.0,8000.0
O00200,2025-01-22 16:41:17.295459091,C0345,Mouse,Accessories,West,3,800,0.0,Debit Card,No,2400,0.0,2400.0
O00201,2025-01-22 19:18:16.779355871,C0388,Monitor,Electronics,North,2,15000,0.1,Cash,No,30000,3000.0,27000.0
O00202,2025-01-22 21:55:16.263252650,C0430,Headphones,Accessories,North,2,2500,0.05,Debit Card,No,5000,250.0,4750.0
O00203,2025-01-23 00:32:15.747149429,C0116,Tablet,Electronics,South,1,30000,0.05,Cash,No,30000,1500.0,28500.0
O00204,2025-01-23 03:09:15.231046209,C0188,Monitor,Electronics,East,4,15000,0.05,Credit Card,No,60000,3000.0,57000.0
O00205,2025-01-23 05:46:14.714942988,C0403,Monitor,Electronics,South,1,15000,0.0,Cash,No,15000,0.0,15000.0
O00206,2025-01-23 08:23:14.198839767,C0144,Webcam,Accessories,East,4,3500,0.05,Debit Card,No,14000,700.0,13300.0
O00207,2025-01-23 11:00:13.682736547,C0462,Headphones,Accessories,North,5,2500,0.1,Debit Card,No,12500,1250.0,11250.0
O00208,2025-01-23 13:37:13.166633326,C0154,Keyboard,Accessories,North,3,2000,0.0,Cash,No,6000,0.0,6000.0
O00209,2025-01-23 16:14:12.650530106,C0377,Tablet,Electronics,North,3,30000,0.0,Cash,Yes,90000,0.0,90000.0
O00210,2025-01-23 18:51:12.134426885,C0291,Webcam,Accessories,West,4,3500,0.05,Cash,No,14000,700.0,13300.0
O00211,2025-01-23 21:28:11.618323664,C0484,Webcam,Accessories,East,4,3500,0.15,Credit Card,No,14000,2100.0,11900.0
O00212,2025-01-24 00:05:11.102220444,C0068,Headphones,Accessories,South,3,2500,0.1,Cash,No,7500,750.0,6750.0
O00213,2025-01-24 02:42:10.586117223,C0096,Monitor,Electronics,East,5,15000,0.15,Cash,No,75000,11250.0,63750.0
O00214,2025-01-24 05:19:10.070014002,C0076,Webcam,Accessories,East,5,3500,0.05,Cash,No,17500,875.0,16625.0
O00215,2025-01-24 07:56:09.553910782,C0399,Smartphone,Electronics,South,1,40000,0.15,Cash,No,40000,6000.0,34000.0
O00216,2025-01-24 10:33:09.037807561,C0118,Webcam,Accessories,East,5,3500,0.15,Credit Card,No,17500,2625.0,14875.0
O00217,2025-01-24 13:10:08.521704340,C0219,Smartphone,Electronics,South,1,40000,0.1,UPI,Yes,40000,4000.0,36000.0
O00218,2025-01-24 15:47:08.005601120,C0176,Laptop,Electronics,West,4,65000,0.15,Credit Card,No,260000,39000.0,221000.0
O00219,2025-01-24 18:24:07.489497899,C0356,Headphones,Accessories,East,5,2500,0.0,Credit Card,No,12500,0.0,12500.0
O00220,2025-01-24 21:01:06.973394678,C0258,Monitor,Electronics,East,1,15000,0.15,UPI,No,15000,2250.0,12750.0
O00221,2025-01-24 23:38:06.457291458,C0212,Tablet,Electronics,East,4,30000,0.0,Credit Card,No,120000,0.0,120000.0
O00222,2025-01-25 02:15:05.941188237,C0340,Headphones,Accessories,West,5,2500,0.05,Debit Card,No,12500,625.0,11875.0
O00223,2025-01-25 04:52:05.425085017,C0334,Webcam,Accessories,East,5,3500,0.05,Credit Card,No,17500,875.0,16625.0
O00224,2025-01-25 07:29:04.908981796,C0184,Headphones,Accessories,East,3,2500,0.15,Cash,No,7500,1125.0,6375.0
O00225,2025-01-25 10:06:04.392878575,C0226,Keyboard,Accessories,South,1,2000,0.15,Debit Card,No,2000,300.0,1700.0
O00226,2025-01-25 12:43:03.876775355,C0406,Headphones,Accessories,East,5,2500,0.15,Credit Card,No,12500,1875.0,10625.0
O00227,2025-01-25 15:20:03.360672134,C0423,Monitor,Electronics,West,1,15000,0.15,Credit Card,No,15000,2250.0,12750.0
O00228,2025-01-25 17:57:02.844568913,C0473,Laptop,Electronics,North,4,65000,0.05,Credit Card,No,260000,13000.0,247000.0
O00229,2025-01-25 20:34:02.328465693,C0045,Smartphone,Electronics,East,3,40000,0.15,Debit Card,No,120000,18000.0,102000.0
O00230,2025-01-25 23:11:01.812362472,C0146,Tablet,Electronics,East,4,30000,0.15,Debit Card,No,120000,18000.0,102000.0
O00231,2025-01-26 01:48:01.296259251,C0233,Tablet,Electronics,North,3,30000,0.0,Cash,No,90000,0.0,90000.0
O00232,2025-01-26 04:25:00.780156031,C0429,Laptop,Electronics,East,3,65000,0.0,Cash,No,195000,0.0,195000.0
O00233,2025-01-26 07:02:00.264052810,C0347,Keyboard,Accessories,West,3,2000,0.1,UPI,No,6000,600.0,5400.0
O00234,2025-01-26 09:38:59.747949589,C0292,Mouse,Accessories,South,3,800,0.05,Credit Card,No,2400,120.0,2280.0
O00235,2025-01-26 12:15:59.231846369,C0340,Monitor,Electronics,South,1,15000,0.05,Credit Card,No,15000,750.0,14250.0
O00236,2025-01-26 14:52:58.715743148,C0012,Headphones,Accessories,South,3,2500,0.0,Credit Card,No,7500,0.0,7500.0
O00237,2025-01-26 17:29:58.199639928,C0286,Webcam,Accessories,North,1,3500,0.15,Cash,No,3500,525.0,2975.0
O00238,2025-01-26 20:06:57.683536707,C0392,Mouse,Accessories,West,2,800,0.15,UPI,No,1600,240.0,1360.0
O00239,2025-01-26 22:43:57.167433486,C0111,Laptop,Electronics,South,1,65000,0.05,Debit Card,No,65000,3250.0,61750.0
O00240,2025-01-27 01:20:56.651330266,C0310,Mouse,Accessories,East,1,800,0.05,Debit Card,No,800,40.0,760.0
O00241,2025-01-27 03:57:56.135227045,C0461,Keyboard,Accessories,West,1,2000,0.15,UPI,Yes,2000,300.0,1700.0
O00242,2025-01-27 06:34:55.619123824,C0421,Smartphone,Electronics,North,4,40000,0.15,Credit Card,No,160000,24000.0,136000.0
O00243,2025-01-27 09:11:55.103020604,C0036,Mouse,Accessories,North,5,800,0.1,Credit Card,No,4000,400.0,3600.0
O00244,2025-01-27 11:48:54.586917383,C0248,Smartphone,Electronics,West,5,40000,0.1,UPI,No,200000,20000.0,180000.0
O00245,2025-01-27 14:25:54.070814162,C0099,Keyboard,Accessories,South,1,2000,0.15,Cash,No,2000,300.0,1700.0
O00246,2025-01-27 17:02:53.554710942,C0411,Smartphone,Electronics,East,5,40000,0.1,Cash,No,200000,20000.0,180000.0
O00247,2025-01-27 19:39:53.038607721,C0343,Monitor,Electronics,East,5,15000,0.0,Cash,Yes,75000,0.0,75000.0
O00248,2025-01-27 22:16:52.522504501,C0046,Smartphone,Electronics,South,3,40000,0.1,Debit Card,No,120000,12000.0,108000.0
O00249,2025-01-28 00:53:52.006401280,C0184,Laptop,Electronics,South,4,65000,0.05,Cash,No,260000,13000.0,247000.0
O00250,2025-01-28 03:30:51.490298059,C0152,Laptop,Electronics,East,3,65000,0.05,Debit Card,No,195000,9750.0,185250.0
O00251,2025-01-28 06:07:50.974194839,C0197,Keyboard,Accessories,West,4,2000,0.1,Cash,No,8000,800.0,7200.0
O00252,2025-01-28 08:44:50.458091618,C0007,Keyboard,Accessories,East,2,2000,0.0,Credit Card,No,4000,0.0,4000.0
O00253,2025-01-28 11:21:49.941988397,C0339,Monitor,Electronics,North,3,15000,0.05,Debit Card,No,45000,2250.0,42750.0
O00254,2025-01-28 13:58:49.425885177,C0086,Monitor,Electronics,South,4,15000,0.15,Debit Card,No,60000,9000.0,51000.0
O00255,2025-01-28 16:35:48.909781956,C0119,Monitor,Electronics,West,4,15000,0.1,Debit Card,No,60000,6000.0,54000.0
O00256,2025-01-28 19:12:48.393678735,C0138,Webcam,Accessories,South,4,3500,0.15,Credit Card,No,14000,2100.0,11900.0
O00257,2025-01-28 21:49:47.877575515,C0489,Webcam,Accessories,South,3,3500,0.05,Cash,No,10500,525.0,9975.0
O00258,2025-01-29 00:26:47.361472294,C0497,Mouse,Accessories,East,4,800,0.05,Debit Card,No,3200,160.0,3040.0
O00259,2025-01-29 03:03:46.845369073,C0456,Laptop,Electronics,South,5,65000,0.1,UPI,No,325000,32500.0,292500.0
O00260,2025-01-29 05:40:46.329265853,C0320,Keyboard,Accessories,West,5,2000,0.15,Debit Card,No,10000,1500.0,8500.0
O00261,2025-01-29 08:17:45.813162632,C0233,Keyboard,Accessories,West,4,2000,0.1,Cash,No,8000,800.0,7200.0
O00262,2025-01-29 10:54:45.297059412,C0298,Monitor,Electronics,North,2,15000,0.15,Debit Card,No,30000,4500.0,25500.0
O00263,2025-01-29 13:31:44.780956191,C0023,Monitor,Electronics,North,4,15000,0.1,UPI,Yes,60000,6000.0,54000.0
O00264,2025-01-29 16:08:44.264852970,C0016,Smartphone,Electronics,South,5,40000,0.1,Cash,No,200000,20000.0,180000.0
O00265,2025-01-29 18:45:43.748749750,C0410,Laptop,Electronics,North,1,65000,0.15,Debit Card,Yes,65000,9750.0,55250.0
O00266,2025-01-29 21:22:43.232646529,C0129,Monitor,Electronics,West,5,15000,0.15,UPI,Yes,75000,11250.0,63750.0
O00267,2025-01-29 23:59:42.716543308,C0411,Monitor,Electronics,North,1,15000,0.1,Cash,No,15000,1500.0,13500.0
O00268,2025-01-30 02:36:42.200440088,C0273,Webcam,Accessories,West,2,3500,0.0,Cash,Yes,7000,0.0,7000.0
O00269,2025-01-30 05:13:41.684336867,C0177,Smartphone,Electronics,South,5,40000,0.15,UPI,No,200000,30000.0,170000.0
O00270,2025-01-30 07:50:41.168233646,C0255,Keyboard,Accessories,East,4,2000,0.1,UPI,Yes,8000,800.0,7200.0
O00271,2025-01-30 10:27:40.652130426,C0171,Headphones,Accessories,North,5,2500,0.1,UPI,No,12500,1250.0,11250.0
O00272,2025-01-30 13:04:40.136027205,C0336,Mouse,Accessories,East,4,800,0.0,UPI,No,3200,0.0,3200.0
O00273,2025-01-30 15:41:39.619923984,C0467,Webcam,Accessories,West,3,3500,0.0,Credit Card,No,10500,0.0,10500.0
O00274,2025-01-30 18:18:39.103820764,C0460,Smartphone,Electronics,North,2,40000,0.15,Debit Card,Yes,80000,12000.0,68000.0
O00275,2025-01-30 20:55:38.587717543,C0345,Mouse,Accessories,East,3,800,0.0,Debit Card,No,2400,0.0,2400.0
O00276,2025-01-30 23:32:38.071614323,C0067,Webcam,Accessories,South,5,3500,0.1,Credit Card,No,17500,1750.0,15750.0
O00277,2025-01-31 02:09:37.555511102,C0325,Monitor,Electronics,West,3,15000,0.1,Debit Card,Yes,45000,4500.0,40500.0
O00278,2025-01-31 04:46:37.039407881,C0100,Monitor,Electronics,East,3,15000,0.05,Credit Card,No,45000,2250.0,42750.0
O00279,2025-01-31 07:23:36.523304661,C0237,Laptop,Electronics,East,3,65000,0.1,UPI,No,195000,19500.0,175500.0
O00280,2025-01-31 10:00:36.007201440,C0223,Headphones,Accessories,West,4,2500,0.0,Cash,No,10000,0.0,10000.0
O00281,2025-01-31 12:37:35.491098219,C0184,Webcam,Accessories,South,3,3500,0.1,Credit Card,No,10500,1050.0,9450.0
O00282,2025-01-31 15:14:34.974994999,C0164,Laptop,Electronics,West,4,65000,0.05,Debit Card,No,260000,13000.0,247000.0
O00283,2025-01-31 17:51:34.458891778,C0112,Headphones,Accessories,South,2,2500,0.05,Credit Card,No,5000,250.0,4750.0
O00284,2025-01-31 20:28:33.942788557,C0307,Mouse,Accessories,South,4,800,0.1,Credit Card,No,3200,320.0,2880.0
O00285,2025-01-31 23:05:33.426685337,C0081,Smartphone,Electronics,North,1,40000,0.1,UPI,No,40000,4000.0,36000.0
O00286,2025-02-01 01:42:32.910582116,C0350,Laptop,Electronics,North,1,65000,0.1,UPI,No,65000,6500.0,58500.0
O00287,2025-02-01 04:19:32.394478895,C0374,Webcam,Accessories,East,4,3500,0.15,Cash,No,14000,2100.0,11900.0
O00288,2025-02-01 06:56:31.878375675,C0343,Headphones,Accessories,West,4,2500,0.05,Cash,No,10000,500.0,9500.0
O00289,2025-02-01 09:33:31.362272454,C0159,Webcam,Accessories,West,4,3500,0.1,Credit Card,Yes,14000,1400.0,12600.0
O00290,2025-02-01 12:10:30.846169233,C0368,Tablet,Electronics,South,3,30000,0.15,Debit Card,No,90000,13500.0,76500.0
O00291,2025-02-01 14:47:30.330066013,C0298,Headphones,Accessories,West,3,2500,0.05,Credit Card,Yes,7500,375.0,7125.0
O00292,2025-02-01 17:24:29.813962792,C0473,Monitor,Electronics,West,5,15000,0.15,Cash,No,75000,11250.0,63750.0
O00293,2025-02-01 20:01:29.297859572,C0413,Smartphone,Electronics,West,1,40000,0.0,Debit Card,No,40000,0.0,40000.0
O00294,2025-02-01 22:38:28.781756351,C0457,Tablet,Electronics,East,4,30000,0.15,Credit Card,No,120000,18000.0,102000.0
O00295,2025-02-02 01:15:28.265653130,C0329,Tablet,Electronics,North,2,30000,0.15,UPI,No,60000,9000.0,51000.0
O00296,2025-02-02 03:52:27.749549910,C0488,Monitor,Electronics,North,5,15000,0.05,Debit Card,No,75000,3750.0,71250.0
O00297,2025-02-02 06:29:27.233446689,C0344,Webcam,Accessories,West,3,3500,0.15,Cash,No,10500,1575.0,8925.0
O00298,2025-02-02 09:06:26.717343468,C0032,Monitor,Electronics,South,5,15000,0.15,UPI,No,75000,11250.0,63750.0
O00299,2025-02-02 11:43:26.201240248,C0149,Headphones,Accessories,South,1,2500,0.0,Cash,No,2500,0.0,2500.0
O00300,2025-02-02 14:20:25.685137027,C0465,Laptop,Electronics,South,2,65000,0.1,UPI,No,130000,13000.0,117000.0
O00301,2025-02-02 16:57:25.169033806,C0194,Monitor,Electronics,North,5,15000,0.0,UPI,No,75000,0.0,75000.0
O00302,2025-02-02 19:34:24.652930586,C0334,Monitor,Electronics,North,2,15000,0.0,Credit Card,No,30000,0.0,30000.0
O00303,2025-02-02 22:11:24.136827365,C0013,Webcam,Accessories,South,5,3500,0.0,Credit Card,No,17500,0.0,17500.0
O00304,2025-02-03 00:48:23.620724144,C0107,Webcam,Accessories,West,3,3500,0.15,UPI,No,10500,1575.0,8925.0
O00305,2025-02-03 03:25:23.104620924,C0226,Smartphone,Electronics,North,1,40000,0.15,Debit Card,No,40000,6000.0,34000.0
O00306,2025-02-03 06:02:22.588517703,C0374,Headphones,Accessories,North,5,2500,0.05,UPI,No,12500,625.0,11875.0
O00307,2025-02-03 08:39:22.072414483,C0398,Keyboard,Accessories,South,4,2000,0.1,Credit Card,No,8000,800.0,7200.0
O00308,2025-02-03 11:16:21.556311262,C0327,Smartphone,Electronics,North,3,40000,0.1,Debit Card,No,120000,12000.0,108000.0
O00309,2025-02-03 13:53:21.040208041,C0058,Webcam,Accessories,East,2,3500,0.15,Cash,No,7000,1050.0,5950.0
O00310,2025-02-03 16:30:20.524104821,C0481,Headphones,Accessories,South,4,2500,0.1,Debit Card,No,10000,1000.0,9000.0
O00311,2025-02-03 19:07:20.008001600,C0264,Smartphone,Electronics,East,4,40000,0.05,Credit Card,No,160000,8000.0,152000.0
O00312,2025-02-03 21:44:19.491898379,C0138,Keyboard,Accessories,West,5,2000,0.0,Credit Card,No,10000,0.0,10000.0
O00313,2025-02-04 00:21:18.975795159,C0335,Headphones,Accessories,West,2,2500,0.05,Debit Card,No,5000,250.0,4750.0
O00314,2025-02-04 02:58:18.459691938,C0450,Webcam,Accessories,East,5,3500,0.05,UPI,No,17500,875.0,16625.0
O00315,2025-02-04 05:35:17.943588717,C0398,Webcam,Accessories,North,1,3500,0.1,Credit Card,No,3500,350.0,3150.0
O00316,2025-02-04 08:12:17.427485497,C0109,Laptop,Electronics,East,4,65000,0.0,Cash,No,260000,0.0,260000.0
O00317,2025-02-04 10:49:16.911382276,C0429,Monitor,Electronics,North,4,15000,0.0,Debit Card,No,60000,0.0,60000.0
O00318,2025-02-04 13:26:16.395279055,C0467,Smartphone,Electronics,West,2,40000,0.05,Credit Card,No,80000,4000.0,76000.0
O00319,2025-02-04 16:03:15.879175835,C0439,Laptop,Electronics,East,3,65000,0.1,Credit Card,No,195000,19500.0,175500.0
O00320,2025-02-04 18:40:15.363072614,C0312,Headphones,Accessories,North,2,2500,0.05,Credit Card,No,5000,250.0,4750.0
O00321,2025-02-04 21:17:14.846969394,C0145,Headphones,Accessories,East,2,2500,0.0,Credit Card,No,5000,0.0,5000.0
O00322,2025-02-04 23:54:14.330866173,C0149,Smartphone,Electronics,North,1,40000,0.1,Credit Card,No,40000,4000.0,36000.0
O00323,2025-02-05 02:31:13.814762952,C0267,Webcam,Accessories,West,2,3500,0.1,Debit Card,No,7000,700.0,6300.0
O00324,2025-02-05 05:08:13.298659732,C0080,Tablet,Electronics,West,2,30000,0.15,Credit Card,Yes,60000,9000.0,51000.0
O00325,2025-02-05 07:45:12.782556511,C0425,Laptop,Electronics,North,2,65000,0.05,UPI,No,130000,6500.0,123500.0
O00326,2025-02-05 10:22:12.266453290,C0122,Webcam,Accessories,West,3,3500,0.0,Debit Card,No,10500,0.0,10500.0
O00327,2025-02-05 12:59:11.750350070,C0080,Laptop,Electronics,East,4,65000,0.0,Credit Card,No,260000,0.0,260000.0
O00328,2025-02-05 15:36:11.234246849,C0315,Smartphone,Electronics,North,1,40000,0.15,Credit Card,No,40000,6000.0,34000.0
O00329,2025-02-05 18:13:10.718143628,C0219,Mouse,Accessories,West,3,800,0.0,Cash,No,2400,0.0,2400.0
O00330,2025-02-05 20:50:10.202040408,C0471,Keyboard,Accessories,North,2,2000,0.1,UPI,No,4000,400.0,3600.0
O00331,2025-02-05 23:27:09.685937187,C0004,Laptop,Electronics,South,3,65000,0.05,Debit Card,No,195000,9750.0,185250.0
O00332,2025-02-06 02:04:09.169833966,C0442,Tablet,Electronics,East,5,30000,0.0,UPI,No,150000,0.0,150000.0
O00333,2025-02-06 04:41:08.653730746,C0221,Smartphone,Electronics,East,2,40000,0.1,UPI,No,80000,8000.0,72000.0
O00334,2025-02-06 07:18:08.137627525,C0327,Monitor,Electronics,North,3,15000,0.1,Cash,No,45000,4500.0,40500.0
O00335,2025-02-06 09:55:07.621524304,C0115,Mouse,Accessories,North,2,800,0.1,Debit Card,No,1600,160.0,1440.0
O00336,2025-02-06 12:32:07.105421084,C0261,Smartphone,Electronics,North,2,40000,0.05,Credit Card,No,80000,4000.0,76000.0
O00337,2025-02-06 15:09:06.589317863,C0451,Keyboard,Accessories,West,5,2000,0.1,UPI,No,10000,1000.0,9000.0
O00338,2025-02-06 17:46:06.073214643,C0279,Mouse,Accessories,North,1,800,0.15,Debit Card,No,800,120.0,680.0
O00339,2025-02-06 20:23:05.557111422,C0447,Keyboard,Accessories,West,2,2000,0.1,Credit Card,No,4000,400.0,3600.0
O00340,2025-02-06 23:00:05.041008201,C0081,Tablet,Electronics,North,2,30000,0.0,UPI,No,60000,0.0,60000.0
O00341,2025-02-07 01:37:04.524904981,C0305,Monitor,Electronics,North,5,15000,0.0,UPI,No,75000,0.0,75000.0
O00342,2025-02-07 04:14:04.008801760,C0404,Monitor,Electronics,North,4,15000,0.15,Cash,No,60000,9000.0,51000.0
O00343,2025-02-07 06:51:03.492698539,C0208,Webcam,Accessories,South,1,3500,0.0,Debit Card,No,3500,0.0,3500.0
O00344,2025-02-07 09:28:02.976595319,C0493,Tablet,Electronics,North,5,30000,0.05,Credit Card,No,150000,7500.0,142500.0
O00345,2025-02-07 12:05:02.460492098,C0471,Tablet,Electronics,East,2,30000,0.05,Credit Card,No,60000,3000.0,57000.0
O00346,2025-02-07 14:42:01.944388877,C0203,Webcam,Accessories,North,1,3500,0.05,UPI,No,3500,175.0,3325.0
O00347,2025-02-07 17:19:01.428285657,C0072,Tablet,Electronics,North,1,30000,0.15,Credit Card,No,30000,4500.0,25500.0
O00348,2025-02-07 19:56:00.912182436,C0008,Keyboard,Accessories,South,2,2000,0.15,Cash,No,4000,600.0,3400.0
O00349,2025-02-07 22:33:00.396079215,C0201,Monitor,Electronics,South,1,15000,0.05,Credit Card,No,15000,750.0,14250.0
O00350,2025-02-08 01:09:59.879975995,C0489,Monitor,Electronics,South,3,15000,0.1,Debit Card,Yes,45000,4500.0,40500.0
O00351,2025-02-08 03:46:59.363872774,C0460,Headphones,Accessories,South,4,2500,0.05,Credit Card,No,10000,500.0,9500.0
O00352,2025-02-08 06:23:58.847769554,C0403,Monitor,Electronics,West,2,15000,0.0,Credit Card,No,30000,0.0,30000.0
O00353,2025-02-08 09:00:58.331666333,C0335,Laptop,Electronics,North,3,65000,0.0,Cash,No,195000,0.0,195000.0
O00354,2025-02-08 11:37:57.815563112,C0194,Monitor,Electronics,West,4,15000,0.05,Credit Card,No,60000,3000.0,57000.0
O00355,2025-02-08 14:14:57.299459892,C0278,Headphones,Accessories,East,4,2500,0.05,UPI,No,10000,500.0,9500.0
O00356,2025-02-08 16:51:56.783356671,C0015,Tablet,Electronics,East,2,30000,0.0,Credit Card,No,60000,0.0,60000.0
O00357,2025-02-08 19:28:56.267253450,C0292,Laptop,Electronics,West,4,65000,0.05,Cash,No,260000,13000.0,247000.0
O00358,2025-02-08 22:05:55.751150230,C0062,Smartphone,Electronics,South,2,40000,0.1,UPI,No,80000,8000.0,72000.0
O00359,2025-02-09 00:42:55.235047009,C0003,Headphones,Accessories,South,3,2500,0.15,Debit Card,No,7500,1125.0,6375.0
O00360,2025-02-09 03:19:54.718943788,C0249,Tablet,Electronics,South,2,30000,0.1,UPI,No,60000,6000.0,54000.0
O00361,2025-02-09 05:56:54.202840568,C0470,Tablet,Electronics,South,3,30000,0.1,Debit Card,No,90000,9000.0,81000.0
O00362,2025-02-09 08:33:53.686737347,C0197,Mouse,Accessories,East,3,800,0.15,Cash,No,2400,360.0,2040.0
O00363,2025-02-09 11:10:53.170634126,C0236,Headphones,Accessories,East,2,2500,0.05,Cash,No,5000,250.0,4750.0
O00364,2025-02-09 13:47:52.654530906,C0071,Smartphone,Electronics,South,2,40000,0.15,Cash,No,80000,12000.0,68000.0
O00365,2025-02-09 16:24:52.138427685,C0482,Keyboard,Accessories,East,1,2000,0.1,UPI,No,2000,200.0,1800.0
O00366,2025-02-09 19:01:51.622324464,C0175,Keyboard,Accessories,East,3,2000,0.1,Cash,No,6000,600.0,5400.0
O00367,2025-02-09 21:38:51.106221244,C0039,Mouse,Accessories,West,5,800,0.15,UPI,No,4000,600.0,3400.0
O00368,2025-02-10 00:15:50.590118023,C0159,Laptop,Electronics,West,4,65000,0.0,UPI,No,260000,0.0,260000.0
O00369,2025-02-10 02:52:50.074014803,C0430,Smartphone,Electronics,West,4,40000,0.0,UPI,No,160000,0.0,160000.0
O00370,2025-02-10 05:29:49.557911582,C0326,Smartphone,Electronics,South,5,40000,0.05,Debit Card,No,200000,10000.0,190000.0
O00371,2025-02-10 08:06:49.041808361,C0463,Mouse,Accessories,South,3,800,0.05,Debit Card,No,2400,120.0,2280.0
O00372,2025-02-10 10:43:48.525705141,C0060,Mouse,Accessories,North,4,800,0.0,UPI,No,3200,0.0,3200.0
O00373,2025-02-10 13:20:48.009601920,C0017,Webcam,Accessories,East,3,3500,0.1,UPI,No,10500,1050.0,9450.0
O00374,2025-02-10 15:57:47.493498699,C0380,Headphones,Accessories,West,3,2500,0.0,Cash,No,7500,0.0,7500.0
O00375,2025-02-10 18:34:46.977395479,C0156,Laptop,Electronics,South,2,65000,0.05,Cash,No,130000,6500.0,123500.0
O00376,2025-02-10 21:11:46.461292258,C0378,Monitor,Electronics,North,1,15000,0.15,Credit Card,No,15000,2250.0,12750.0
O00377,2025-02-10 23:48:45.945189037,C0452,Mouse,Accessories,East,5,800,0.15,Cash,No,4000,600.0,3400.0
O00378,2025-02-11 02:25:45.429085817,C0043,Keyboard,Accessories,South,3,2000,0.05,Credit Card,No,6000,300.0,5700.0
O00379,2025-02-11 05:02:44.912982596,C0351,Laptop,Electronics,West,5,65000,0.15,UPI,No,325000,48750.0,276250.0
O00380,2025-02-11 07:39:44.396879375,C0211,Tablet,Electronics,North,2,30000,0.05,Debit Card,No,60000,3000.0,57000.0
O00381,2025-02-11 10:16:43.880776155,C0218,Tablet,Electronics,North,5,30000,0.05,Debit Card,No,150000,7500.0,142500.0
O00382,2025-02-11 12:53:43.364672934,C0362,Mouse,Accessories,North,2,800,0.0,Cash,No,1600,0.0,1600.0
O00383,2025-02-11 15:30:42.848569714,C0227,Mouse,Accessories,North,4,800,0.15,UPI,No,3200,480.0,2720.0
O00384,2025-02-11 18:07:42.332466493,C0010,Keyboard,Accessories,South,4,2000,0.1,Debit Card,No,8000,800.0,7200.0
O00385,2025-02-11 20:44:41.816363272,C0260,Mouse,Accessories,South,5,800,0.15,Debit Card,No,4000,600.0,3400.0
O00386,2025-02-11 23:21:41.300260052,C0056,Tablet,Electronics,North,5,30000,0.0,Credit Card,No,150000,0.0,150000.0
O00387,2025-02-12 01:58:40.784156831,C0184,Mouse,Accessories,South,2,800,0.0,UPI,No,1600,0.0,1600.0
O00388,2025-02-12 04:35:40.268053610,C0372,Headphones,Accessories,South,2,2500,0.05,Cash,No,5000,250.0,4750.0
O00389,2025-02-12 07:12:39.751950390,C0064,Headphones,Accessories,East,2,2500,0.05,Cash,No,5000,250.0,4750.0
O00390,2025-02-12 09:49:39.235847169,C0161,Mouse,Accessories,West,1,800,0.0,UPI,No,800,0.0,800.0
O00391,2025-02-12 12:26:38.719743948,C0067,Laptop,Electronics,North,2,65000,0.0,UPI,No,130000,0.0,130000.0
O00392,2025-02-12 15:03:38.203640728,C0278,Tablet,Electronics,North,5,30000,0.05,Debit Card,No,150000,7500.0,142500.0
O00393,2025-02-12 17:40:37.687537507,C0380,Laptop,Electronics,North,3,65000,0.1,Credit Card,No,195000,19500.0,175500.0
O00394,2025-02-12 20:17:37.171434286,C0434,Mouse,Accessories,West,1,800,0.15,UPI,No,800,120.0,680.0
O00395,2025-02-12 22:54:36.655331066,C0082,Webcam,Accessories,West,3,3500,0.05,UPI,No,10500,525.0,9975.0
O00396,2025-02-13 01:31:36.139227845,C0055,Tablet,Electronics,North,1,30000,0.0,Debit Card,No,30000,0.0,30000.0
O00397,2025-02-13 04:08:35.623124625,C0195,Monitor,Electronics,North,1,15000,0.1,Debit Card,No,15000,1500.0,13500.0
O00398,2025-02-13 06:45:35.107021404,C0186,Webcam,Accessories,North,2,3500,0.15,Debit Card,No,7000,1050.0,5950.0
O00399,2025-02-13 09:22:34.590918183,C0372,Tablet,Electronics,North,3,30000,0.05,UPI,No,90000,4500.0,85500.0
O00400,2025-02-13 11:59:34.074814963,C0220,Headphones,Accessories,East,1,2500,0.1,UPI,No,2500,250.0,2250.0
O00401,2025-02-13 14:36:33.558711742,C0223,Webcam,Accessories,South,3,3500,0.05,Debit Card,No,10500,525.0,9975.0
O00402,2025-02-13 17:13:33.042608521,C0019,Tablet,Electronics,South,3,30000,0.05,Credit Card,No,90000,4500.0,85500.0
O00403,2025-02-13 19:50:32.526505301,C0278,Webcam,Accessories,North,1,3500,0.15,Credit Card,No,3500,525.0,2975.0
O00404,2025-02-13 22:27:32.010402080,C0476,Mouse,Accessories,East,3,800,0.05,Debit Card,Yes,2400,120.0,2280.0
O00405,2025-02-14 01:04:31.494298859,C0240,Smartphone,Electronics,South,1,40000,0.1,Debit Card,No,40000,4000.0,36000.0
O00406,2025-02-14 03:41:30.978195639,C0016,Headphones,Accessories,South,3,2500,0.1,Debit Card,No,7500,750.0,6750.0
O00407,2025-02-14 06:18:30.462092418,C0277,Monitor,Electronics,North,2,15000,0.1,UPI,No,30000,3000.0,27000.0
O00408,2025-02-14 08:55:29.945989197,C0203,Laptop,Electronics,West,2,65000,0.05,Cash,No,130000,6500.0,123500.0
O00409,2025-02-14 11:32:29.429885977,C0458,Laptop,Electronics,West,5,65000,0.15,Debit Card,No,325000,48750.0,276250.0
O00410,2025-02-14 14:09:28.913782756,C0120,Keyboard,Accessories,North,2,2000,0.0,Cash,Yes,4000,0.0,4000.0
O00411,2025-02-14 16:46:28.397679535,C0153,Webcam,Accessories,West,5,3500,0.05,UPI,No,17500,875.0,16625.0
O00412,2025-02-14 19:23:27.881576315,C0222,Webcam,Accessories,West,1,3500,0.1,Credit Card,No,3500,350.0,3150.0
O00413,2025-02-14 22:00:27.365473094,C0424,Headphones,Accessories,West,5,2500,0.1,UPI,No,12500,1250.0,11250.0
O00414,2025-02-15 00:37:26.849369874,C0322,Smartphone,Electronics,West,1,40000,0.15,Debit Card,No,40000,6000.0,34000.0
O00415,2025-02-15 03:14:26.333266653,C0325,Smartphone,Electronics,East,5,40000,0.0,Credit Card,No,200000,0.0,200000.0
O00416,2025-02-15 05:51:25.817163432,C0418,Smartphone,Electronics,North,1,40000,0.1,UPI,No,40000,4000.0,36000.0
O00417,2025-02-15 08:28:25.301060212,C0010,Laptop,Electronics,South,5,65000,0.1,Credit Card,No,325000,32500.0,292500.0
O00418,2025-02-15 11:05:24.784956991,C0002,Smartphone,Electronics,West,3,40000,0.15,Debit Card,No,120000,18000.0,102000.0
O00419,2025-02-15 13:42:24.268853770,C0422,Tablet,Electronics,North,4,30000,0.0,Credit Card,No,120000,0.0,120000.0
O00420,2025-02-15 16:19:23.752750550,C0050,Laptop,Electronics,West,5,65000,0.05,Cash,No,325000,16250.0,308750.0
O00421,2025-02-15 18:56:23.236647329,C0171,Headphones,Accessories,West,2,2500,0.15,Credit Card,No,5000,750.0,4250.0
O00422,2025-02-15 21:33:22.720544108,C0255,Webcam,Accessories,West,2,3500,0.0,Credit Card,No,7000,0.0,7000.0
O00423,2025-02-16 00:10:22.204440888,C0003,Webcam,Accessories,East,2,3500,0.1,UPI,No,7000,700.0,6300.0
O00424,2025-02-16 02:47:21.688337667,C0439,Webcam,Accessories,West,1,3500,0.1,Debit Card,No,3500,350.0,3150.0
O00425,2025-02-16 05:24:21.172234446,C0108,Tablet,Electronics,South,2,30000,0.05,Debit Card,No,60000,3000.0,57000.0
O00426,2025-02-16 08:01:20.656131226,C0429,Tablet,Electronics,West,4,30000,0.15,Debit Card,No,120000,18000.0,102000.0
O00427,2025-02-16 10:38:20.140028005,C0176,Monitor,Electronics,East,2,15000,0.1,Debit Card,No,30000,3000.0,27000.0
O00428,2025-02-16 13:15:19.623924785,C0373,Headphones,Accessories,East,1,2500,0.05,Debit Card,No,2500,125.0,2375.0
O00429,2025-02-16 15:52:19.107821564,C0324,Monitor,Electronics,South,3,15000,0.15,UPI,No,45000,6750.0,38250.0
O00430,2025-02-16 18:29:18.591718343,C0478,Tablet,Electronics,South,4,30000,0.05,Credit Card,No,120000,6000.0,114000.0
O00431,2025-02-16 21:06:18.075615123,C0039,Laptop,Electronics,South,3,65000,0.0,Credit Card,No,195000,0.0,195000.0
O00432,2025-02-16 23:43:17.559511902,C0236,Tablet,Electronics,East,4,30000,0.05,Credit Card,No,120000,6000.0,114000.0
O00433,2025-02-17 02:20:17.043408681,C0143,Keyboard,Accessories,West,3,2000,0.05,Debit Card,No,6000,300.0,5700.0
O00434,2025-02-17 04:57:16.527305461,C0437,Smartphone,Electronics,South,1,40000,0.05,Debit Card,No,40000,2000.0,38000.0
O00435,2025-02-17 07:34:16.011202240,C0408,Laptop,Electronics,South,5,65000,0.1,UPI,No,325000,32500.0,292500.0
O00436,2025-02-17 10:11:15.495099019,C0492,Webcam,Accessories,West,2,3500,0.1,Credit Card,No,7000,700.0,6300.0
O00437,2025-02-17 12:48:14.978995799,C0361,Tablet,Electronics,North,5,30000,0.1,Credit Card,No,150000,15000.0,135000.0
O00438,2025-02-17 15:25:14.462892578,C0050,Smartphone,Electronics,North,4,40000,0.05,Credit Card,No,160000,8000.0,152000.0
O00439,2025-02-17 18:02:13.946789357,C0342,Tablet,Electronics,East,2,30000,0.1,Cash,No,60000,6000.0,54000.0
O00440,2025-02-17 20:39:13.430686137,C0452,Mouse,Accessories,South,1,800,0.1,Debit Card,Yes,800,80.0,720.0
O00441,2025-02-17 23:16:12.914582916,C0014,Keyboard,Accessories,East,5,2000,0.05,Debit Card,No,10000,500.0,9500.0
O00442,2025-02-18 01:53:12.398479696,C0061,Laptop,Electronics,East,3,65000,0.05,UPI,No,195000,9750.0,185250.0
O00443,2025-02-18 04:30:11.882376475,C0417,Webcam,Accessories,West,2,3500,0.15,Credit Card,No,7000,1050.0,5950.0
O00444,2025-02-18 07:07:11.366273254,C0121,Monitor,Electronics,East,1,15000,0.15,Cash,No,15000,2250.0,12750.0
O00445,2025-02-18 09:44:10.850170034,C0133,Laptop,Electronics,North,1,65000,0.0,Cash,No,65000,0.0,65000.0
O00446,2025-02-18 12:21:10.334066813,C0052,Laptop,Electronics,East,4,65000,0.1,Cash,No,260000,26000.0,234000.0
O00447,2025-02-18 14:58:09.817963592,C0476,Monitor,Electronics,North,5,15000,0.0,Debit Card,No,75000,0.0,75000.0
O00448,2025-02-18 17:35:09.301860372,C0266,Tablet,Electronics,South,1,30000,0.0,Cash,No,30000,0.0,30000.0
O00449,2025-02-18 20:12:08.785757151,C0001,Webcam,Accessories,South,4,3500,0.1,Credit Card,No,14000,1400.0,12600.0
O00450,2025-02-18 22:49:08.269653930,C0489,Monitor,Electronics,South,2,15000,0.15,UPI,No,30000,4500.0,25500.0
O00451,2025-02-19 01:26:07.753550710,C0433,Smartphone,Electronics,West,4,40000,0.0,Debit Card,No,160000,0.0,160000.0
O00452,2025-02-19 04:03:07.237447489,C0477,Smartphone,Electronics,North,5,40000,0.15,Cash,No,200000,30000.0,170000.0
O00453,2025-02-19 06:40:06.721344268,C0434,Mouse,Accessories,East,3,800,0.1,UPI,No,2400,240.0,2160.0
O00454,2025-02-19 09:17:06.205241048,C0459,Mouse,Accessories,East,1,800,0.1,UPI,No,800,80.0,720.0
O00455,2025-02-19 11:54:05.689137827,C0084,Webcam,Accessories,West,1,3500,0.0,Cash,No,3500,0.0,3500.0
O00456,2025-02-19 14:31:05.173034606,C0106,Monitor,Electronics,South,5,15000,0.1,Cash,No,75000,7500.0,67500.0
O00457,2025-02-19 17:08:04.656931386,C0149,Laptop,Electronics,South,5,65000,0.15,Debit Card,Yes,325000,48750.0,276250.0
O00458,2025-02-19 19:45:04.140828165,C0179,Keyboard,Accessories,East,1,2000,0.1,UPI,No,2000,200.0,1800.0
O00459,2025-02-19 22:22:03.624724945,C0357,Keyboard,Accessories,West,1,2000,0.15,Debit Card,No,2000,300.0,1700.0
O00460,2025-02-20 00:59:03.108621724,C0345,Monitor,Electronics,East,4,15000,0.1,Credit Card,No,60000,6000.0,54000.0
O00461,2025-02-20 03:36:02.592518503,C0248,Monitor,Electronics,South,3,15000,0.05,Debit Card,No,45000,2250.0,42750.0
O00462,2025-02-20 06:13:02.076415283,C0371,Webcam,Accessories,West,3,3500,0.1,Cash,No,10500,1050.0,9450.0
O00463,2025-02-20 08:50:01.560312062,C0161,Laptop,Electronics,South,1,65000,0.05,Cash,Yes,65000,3250.0,61750.0
O00464,2025-02-20 11:27:01.044208841,C0227,Laptop,Electronics,West,1,65000,0.15,Credit Card,Yes,65000,9750.0,55250.0
O00465,2025-02-20 14:04:00.528105621,C0023,Monitor,Electronics,South,5,15000,0.1,Cash,No,75000,7500.0,67500.0
O00466,2025-02-20 16:41:00.012002400,C0495,Webcam,Accessories,West,2,3500,0.05,Cash,No,7000,350.0,6650.0
O00467,2025-02-20 19:17:59.495899179,C0466,Headphones,Accessories,East,4,2500,0.05,Credit Card,No,10000,500.0,9500.0
O00468,2025-02-20 21:54:58.979795959,C0283,Headphones,Accessories,East,3,2500,0.05,Cash,No,7500,375.0,7125.0
O00469,2025-02-21 00:31:58.463692738,C0098,Laptop,Electronics,East,5,65000,0.1,Credit Card,No,325000,32500.0,292500.0
O00470,2025-02-21 03:08:57.947589517,C0351,Smartphone,Electronics,North,4,40000,0.0,UPI,No,160000,0.0,160000.0
O00471,2025-02-21 05:45:57.431486297,C0381,Laptop,Electronics,North,1,65000,0.15,Cash,No,65000,9750.0,55250.0
O00472,2025-02-21 08:22:56.915383076,C0105,Headphones,Accessories,West,4,2500,0.1,UPI,No,10000,1000.0,9000.0
O00473,2025-02-21 10:59:56.399279856,C0339,Laptop,Electronics,East,4,65000,0.05,UPI,No,260000,13000.0,247000.0
O00474,2025-02-21 13:36:55.883176635,C0011,Keyboard,Accessories,North,2,2000,0.15,Debit Card,No,4000,600.0,3400.0
O00475,2025-02-21 16:13:55.367073414,C0129,Laptop,Electronics,West,4,65000,0.05,Credit Card,No,260000,13000.0,247000.0
O00476,2025-02-21 18:50:54.850970194,C0332,Monitor,Electronics,West,1,15000,0.0,Cash,No,15000,0.0,15000.0
O00477,2025-02-21 21:27:54.334866973,C0320,Smartphone,Electronics,South,3,40000,0.0,UPI,No,120000,0.0,120000.0
O00478,2025-02-22 00:04:53.818763752,C0177,Laptop,Electronics,South,5,65000,0.0,Credit Card,No,325000,0.0,325000.0
O00479,2025-02-22 02:41:53.302660532,C0343,Headphones,Accessories,East,1,2500,0.0,Credit Card,No,2500,0.0,2500.0
O00480,2025-02-22 05:18:52.786557311,C0383,Tablet,Electronics,North,5,30000,0.15,Cash,No,150000,22500.0,127500.0
O00481,2025-02-22 07:55:52.270454091,C0162,Mouse,Accessories,South,3,800,0.15,Debit Card,No,2400,360.0,2040.0
O00482,2025-02-22 10:32:51.754350870,C0122,Keyboard,Accessories,North,4,2000,0.15,Credit Card,No,8000,1200.0,6800.0
O00483,2025-02-22 13:09:51.238247649,C0458,Smartphone,Electronics,South,4,40000,0.05,UPI,No,160000,8000.0,152000.0
O00484,2025-02-22 15:46:50.722144429,C0101,Headphones,Accessories,West,5,2500,0.0,Cash,No,12500,0.0,12500.0
O00485,2025-02-22 18:23:50.206041208,C0356,Mouse,Accessories,East,5,800,0.1,Cash,No,4000,400.0,3600.0
O00486,2025-02-22 21:00:49.689937987,C0248,Headphones,Accessories,East,4,2500,0.15,Debit Card,Yes,10000,1500.0,8500.0
O00487,2025-02-22 23:37:49.173834767,C0243,Tablet,Electronics,West,2,30000,0.05,Cash,No,60000,3000.0,57000.0
O00488,2025-02-23 02:14:48.657731546,C0371,Smartphone,Electronics,West,1,40000,0.15,Cash,No,40000,6000.0,34000.0
O00489,2025-02-23 04:51:48.141628325,C0259,Monitor,Electronics,West,1,15000,0.1,UPI,No,15000,1500.0,13500.0
O00490,2025-02-23 07:28:47.625525105,C0015,Headphones,Accessories,South,1,2500,0.0,Debit Card,No,2500,0.0,2500.0
O00491,2025-02-23 10:05:47.109421884,C0051,Mouse,Accessories,South,1,800,0.05,Credit Card,No,800,40.0,760.0
O00492,2025-02-23 12:42:46.593318664,C0089,Mouse,Accessories,West,3,800,0.0,Cash,No,2400,0.0,2400.0
O00493,2025-02-23 15:19:46.077215443,C0056,Smartphone,Electronics,South,3,40000,0.05,Credit Card,Yes,120000,6000.0,114000.0
O00494,2025-02-23 17:56:45.561112222,C0303,Webcam,Accessories,East,3,3500,0.0,UPI,No,10500,0.0,10500.0
O00495,2025-02-23 20:33:45.045009002,C0182,Headphones,Accessories,South,5,2500,0.05,Cash,No,12500,625.0,11875.0
O00496,2025-02-23 23:10:44.528905781,C0313,Keyboard,Accessories,East,4,2000,0.0,Debit Card,No,8000,0.0,8000.0
O00497,2025-02-24 01:47:44.012802560,C0140,Tablet,Electronics,North,5,30000,0.05,Credit Card,No,150000,7500.0,142500.0
O00498,2025-02-24 04:24:43.496699340,C0050,Headphones,Accessories,North,4,2500,0.15,Credit Card,No,10000,1500.0,8500.0
O00499,2025-02-24 07:01:42.980596119,C0355,Keyboard,Accessories,West,4,2000,0.0,Cash,No,8000,0.0,8000.0
O00500,2025-02-24 09:38:42.464492898,C0135,Laptop,Electronics,North,2,65000,0.1,Debit Card,No,130000,13000.0,117000.0
O00501,2025-02-24 12:15:41.948389678,C0226,Tablet,Electronics,West,4,30000,0.05,Credit Card,No,120000,6000.0,114000.0
O00502,2025-02-24 14:52:41.432286457,C0186,Mouse,Accessories,East,5,800,0.0,Cash,Yes,4000,0.0,4000.0
O00503,2025-02-24 17:29:40.916183236,C0176,Smartphone,Electronics,North,4,40000,0.0,Cash,No,160000,0.0,160000.0
O00504,2025-02-24 20:06:40.400080016,C0355,Mouse,Accessories,East,1,800,0.0,Debit Card,No,800,0.0,800.0
O00505,2025-02-24 22:43:39.883976795,C0286,Keyboard,Accessories,South,4,2000,0.15,Cash,No,8000,1200.0,6800.0
O00506,2025-02-25 01:20:39.367873575,C0346,Tablet,Electronics,South,4,30000,0.0,Cash,No,120000,0.0,120000.0
O00507,2025-02-25 03:57:38.851770354,C0254,Headphones,Accessories,South,5,2500,0.1,UPI,No,12500,1250.0,11250.0
O00508,2025-02-25 06:34:38.335667133,C0023,Webcam,Accessories,South,3,3500,0.15,Credit Card,No,10500,1575.0,8925.0
O00509,2025-02-25 09:11:37.819563913,C0405,Tablet,Electronics,South,1,30000,0.1,Debit Card,No,30000,3000.0,27000.0
O00510,2025-02-25 11:48:37.303460692,C0275,Monitor,Electronics,East,3,15000,0.05,Credit Card,No,45000,2250.0,42750.0
O00511,2025-02-25 14:25:36.787357471,C0246,Keyboard,Accessories,North,5,2000,0.1,Cash,No,10000,1000.0,9000.0
O00512,2025-02-25 17:02:36.271254251,C0003,Tablet,Electronics,South,2,30000,0.15,Debit Card,No,60000,9000.0,51000.0
O00513,2025-02-25 19:39:35.755151030,C0377,Tablet,Electronics,South,3,30000,0.0,Debit Card,No,90000,0.0,90000.0
O00514,2025-02-25 22:16:35.239047809,C0411,Tablet,Electronics,West,4,30000,0.1,Credit Card,No,120000,12000.0,108000.0
O00515,2025-02-26 00:53:34.722944589,C0034,Webcam,Accessories,North,4,3500,0.15,Cash,No,14000,2100.0,11900.0
O00516,2025-02-26 03:30:34.206841368,C0166,Tablet,Electronics,East,2,30000,0.15,UPI,No,60000,9000.0,51000.0
O00517,2025-02-26 06:07:33.690738147,C0465,Headphones,Accessories,South,5,2500,0.1,Debit Card,No,12500,1250.0,11250.0
O00518,2025-02-26 08:44:33.174634927,C0194,Laptop,Electronics,South,4,65000,0.0,Cash,No,260000,0.0,260000.0
O00519,2025-02-26 11:21:32.658531706,C0405,Keyboard,Accessories,West,2,2000,0.0,Cash,No,4000,0.0,4000.0
O00520,2025-02-26 13:58:32.142428485,C0432,Keyboard,Accessories,North,5,2000,0.05,Credit Card,No,10000,500.0,9500.0
O00521,2025-02-26 16:35:31.626325265,C0036,Tablet,Electronics,North,5,30000,0.15,Debit Card,No,150000,22500.0,127500.0
O00522,2025-02-26 19:12:31.110222044,C0058,Webcam,Accessories,North,2,3500,0.15,Debit Card,No,7000,1050.0,5950.0
O00523,2025-02-26 21:49:30.594118824,C0446,Keyboard,Accessories,West,5,2000,0.15,Debit Card,No,10000,1500.0,8500.0
O00524,2025-02-27 00:26:30.078015603,C0461,Webcam,Accessories,West,3,3500,0.1,Debit Card,No,10500,1050.0,9450.0
O00525,2025-02-27 03:03:29.561912382,C0423,Mouse,Accessories,South,3,800,0.15,Debit Card,No,2400,360.0,2040.0
O00526,2025-02-27 05:40:29.045809162,C0392,Laptop,Electronics,North,5,65000,0.05,Cash,No,325000,16250.0,308750.0
O00527,2025-02-27 08:17:28.529705941,C0035,Tablet,Electronics,South,3,30000,0.05,Cash,No,90000,4500.0,85500.0
O00528,2025-02-27 10:54:28.013602720,C0428,Monitor,Electronics,North,5,15000,0.0,Cash,No,75000,0.0,75000.0
O00529,2025-02-27 13:31:27.497499500,C0196,Webcam,Accessories,East,4,3500,0.05,Debit Card,No,14000,700.0,13300.0
O00530,2025-02-27 16:08:26.981396279,C0080,Keyboard,Accessories,South,5,2000,0.05,Credit Card,No,10000,500.0,9500.0
O00531,2025-02-27 18:45:26.465293058,C0456,Tablet,Electronics,North,1,30000,0.05,Credit Card,No,30000,1500.0,28500.0
O00532,2025-02-27 21:22:25.949189838,C0383,Tablet,Electronics,East,1,30000,0.15,UPI,No,30000,4500.0,25500.0
O00533,2025-02-27 23:59:25.433086617,C0281,Headphones,Accessories,West,1,2500,0.1,UPI,Yes,2500,250.0,2250.0
O00534,2025-02-28 02:36:24.916983396,C0126,Smartphone,Electronics,West,2,40000,0.0,Debit Card,No,80000,0.0,80000.0
O00535,2025-02-28 05:13:24.400880176,C0150,Webcam,Accessories,West,5,3500,0.1,UPI,No,17500,1750.0,15750.0
O00536,2025-02-28 07:50:23.884776955,C0188,Tablet,Electronics,North,1,30000,0.15,Debit Card,No,30000,4500.0,25500.0
O00537,2025-02-28 10:27:23.368673735,C0064,Tablet,Electronics,South,2,30000,0.0,Cash,No,60000,0.0,60000.0
O00538,2025-02-28 13:04:22.852570514,C0111,Headphones,Accessories,South,5,2500,0.05,UPI,No,12500,625.0,11875.0
O00539,2025-02-28 15:41:22.336467293,C0413,Laptop,Electronics,North,3,65000,0.0,Credit Card,No,195000,0.0,195000.0
O00540,2025-02-28 18:18:21.820364073,C0172,Mouse,Accessories,West,5,800,0.15,UPI,No,4000,600.0,3400.0
O00541,2025-02-28 20:55:21.304260852,C0424,Mouse,Accessories,East,5,800,0.1,Cash,No,4000,400.0,3600.0
O00542,2025-02-28 23:32:20.788157631,C0026,Monitor,Electronics,North,5,15000,0.0,Cash,No,75000,0.0,75000.0
O00543,2025-03-01 02:09:20.272054411,C0132,Mouse,Accessories,North,5,800,0.1,Debit Card,No,4000,400.0,3600.0
O00544,2025-03-01 04:46:19.755951190,C0474,Keyboard,Accessories,West,5,2000,0.05,Debit Card,No,10000,500.0,9500.0
O00545,2025-03-01 07:23:19.239847969,C0003,Tablet,Electronics,South,3,30000,0.0,UPI,No,90000,0.0,90000.0
O00546,2025-03-01 10:00:18.723744749,C0054,Monitor,Electronics,South,3,15000,0.1,Debit Card,No,45000,4500.0,40500.0
O00547,2025-03-01 12:37:18.207641528,C0359,Mouse,Accessories,North,2,800,0.0,Credit Card,No,1600,0.0,1600.0
O00548,2025-03-01 15:14:17.691538307,C0358,Keyboard,Accessories,West,2,2000,0.1,Cash,No,4000,400.0,3600.0
O00549,2025-03-01 17:51:17.175435087,C0295,Headphones,Accessories,East,2,2500,0.0,Credit Card,No,5000,0.0,5000.0
O00550,2025-03-01 20:28:16.659331866,C0405,Webcam,Accessories,West,2,3500,0.0,UPI,No,7000,0.0,7000.0
O00551,2025-03-01 23:05:16.143228646,C0002,Webcam,Accessories,South,2,3500,0.05,Cash,No,7000,350.0,6650.0
O00552,2025-03-02 01:42:15.627125425,C0141,Mouse,Accessories,East,2,800,0.15,Cash,No,1600,240.0,1360.0
O00553,2025-03-02 04:19:15.111022204,C0272,Webcam,Accessories,West,5,3500,0.0,Cash,No,17500,0.0,17500.0
O00554,2025-03-02 06:56:14.594918984,C0458,Tablet,Electronics,North,4,30000,0.05,Cash,No,120000,6000.0,114000.0
O00555,2025-03-02 09:33:14.078815763,C0265,Laptop,Electronics,North,2,65000,0.1,Debit Card,No,130000,13000.0,117000.0
O00556,2025-03-02 12:10:13.562712542,C0346,Keyboard,Accessories,East,1,2000,0.1,Cash,No,2000,200.0,1800.0
O00557,2025-03-02 14:47:13.046609322,C0043,Headphones,Accessories,South,5,2500,0.15,Cash,No,12500,1875.0,10625.0
O00558,2025-03-02 17:24:12.530506101,C0010,Smartphone,Electronics,North,5,40000,0.05,Credit Card,No,200000,10000.0,190000.0
O00559,2025-03-02 20:01:12.014402880,C0107,Webcam,Accessories,South,4,3500,0.15,Debit Card,No,14000,2100.0,11900.0
O00560,2025-03-02 22:38:11.498299660,C0154,Tablet,Electronics,West,3,30000,0.1,Cash,No,90000,9000.0,81000.0
O00561,2025-03-03 01:15:10.982196439,C0311,Keyboard,Accessories,North,1,2000,0.15,UPI,Yes,2000,300.0,1700.0
O00562,2025-03-03 03:52:10.466093218,C0431,Mouse,Accessories,North,4,800,0.05,UPI,No,3200,160.0,3040.0
O00563,2025-03-03 06:29:09.949989998,C0324,Smartphone,Electronics,East,1,40000,0.15,UPI,No,40000,6000.0,34000.0
O00564,2025-03-03 09:06:09.433886777,C0051,Smartphone,Electronics,South,5,40000,0.1,Cash,No,200000,20000.0,180000.0
O00565,2025-03-03 11:43:08.917783556,C0031,Tablet,Electronics,North,5,30000,0.15,UPI,No,150000,22500.0,127500.0
O00566,2025-03-03 14:20:08.401680336,C0001,Tablet,Electronics,North,2,30000,0.05,Cash,No,60000,3000.0,57000.0
O00567,2025-03-03 16:57:07.885577115,C0441,Headphones,Accessories,North,1,2500,0.15,Credit Card,No,2500,375.0,2125.0
O00568,2025-03-03 19:34:07.369473895,C0348,Smartphone,Electronics,South,5,40000,0.05,UPI,No,200000,10000.0,190000.0
O00569,2025-03-03 22:11:06.853370674,C0375,Laptop,Electronics,West,5,65000,0.0,UPI,No,325000,0.0,325000.0
O00570,2025-03-04 00:48:06.337267453,C0177,Keyboard,Accessories,East,2,2000,0.15,UPI,No,4000,600.0,3400.0
O00571,2025-03-04 03:25:05.821164233,C0441,Keyboard,Accessories,North,5,2000,0.0,Credit Card,No,10000,0.0,10000.0
O00572,2025-03-04 06:02:05.305061012,C0194,Tablet,Electronics,North,5,30000,0.05,Debit Card,No,150000,7500.0,142500.0
O00573,2025-03-04 08:39:04.788957791,C0323,Headphones,Accessories,South,3,2500,0.0,Credit Card,No,7500,0.0,7500.0
O00574,2025-03-04 11:16:04.272854571,C0187,Laptop,Electronics,North,3,65000,0.05,Debit Card,No,195000,9750.0,185250.0
O00575,2025-03-04 13:53:03.756751350,C0221,Mouse,Accessories,East,5,800,0.1,UPI,No,4000,400.0,3600.0
O00576,2025-03-04 16:30:03.240648129,C0220,Tablet,Electronics,West,1,30000,0.15,Credit Card,No,30000,4500.0,25500.0
O00577,2025-03-04 19:07:02.724544909,C0131,Mouse,Accessories,North,1,800,0.0,Cash,No,800,0.0,800.0
O00578,2025-03-04 21:44:02.208441688,C0497,Mouse,Accessories,North,5,800,0.15,UPI,No,4000,600.0,3400.0
O00579,2025-03-05 00:21:01.692338467,C0319,Mouse,Accessories,West,2,800,0.0,UPI,No,1600,0.0,1600.0
O00580,2025-03-05 02:58:01.176235247,C0085,Keyboard,Accessories,West,3,2000,0.0,Credit Card,No,6000,0.0,6000.0
O00581,2025-03-05 05:35:00.660132026,C0341,Headphones,Accessories,South,5,2500,0.05,Cash,No,12500,625.0,11875.0
O00582,2025-03-05 08:12:00.144028806,C0301,Tablet,Electronics,East,4,30000,0.05,Credit Card,No,120000,6000.0,114000.0
O00583,2025-03-05 10:48:59.627925585,C0108,Keyboard,Accessories,West,1,2000,0.1,Cash,No,2000,200.0,1800.0
O00584,2025-03-05 13:25:59.111822364,C0488,Keyboard,Accessories,North,1,2000,0.0,Credit Card,No,2000,0.0,2000.0
O00585,2025-03-05 16:02:58.595719144,C0327,Monitor,Electronics,East,2,15000,0.0,Cash,No,30000,0.0,30000.0
O00586,2025-03-05 18:39:58.079615923,C0109,Smartphone,Electronics,East,4,40000,0.05,Credit Card,No,160000,8000.0,152000.0
O00587,2025-03-05 21:16:57.563512702,C0118,Webcam,Accessories,West,2,3500,0.1,UPI,No,7000,700.0,6300.0
O00588,2025-03-05 23:53:57.047409482,C0224,Headphones,Accessories,South,2,2500,0.0,Cash,No,5000,0.0,5000.0
O00589,2025-03-06 02:30:56.531306261,C0454,Webcam,Accessories,East,1,3500,0.15,Debit Card,No,3500,525.0,2975.0
O00590,2025-03-06 05:07:56.015203040,C0387,Webcam,Accessories,North,5,3500,0.05,Cash,No,17500,875.0,16625.0
O00591,2025-03-06 07:44:55.499099820,C0371,Keyboard,Accessories,West,1,2000,0.0,UPI,No,2000,0.0,2000.0
O00592,2025-03-06 10:21:54.982996599,C0207,Mouse,Accessories,North,4,800,0.1,Cash,No,3200,320.0,2880.0
O00593,2025-03-06 12:58:54.466893378,C0477,Smartphone,Electronics,West,1,40000,0.15,Cash,No,40000,6000.0,34000.0
O00594,2025-03-06 15:35:53.950790158,C0441,Keyboard,Accessories,East,2,2000,0.0,UPI,No,4000,0.0,4000.0
O00595,2025-03-06 18:12:53.434686937,C0089,Mouse,Accessories,South,2,800,0.15,UPI,Yes,1600,240.0,1360.0
O00596,2025-03-06 20:49:52.918583717,C0380,Mouse,Accessories,West,1,800,0.1,Debit Card,No,800,80.0,720.0
O00597,2025-03-06 23:26:52.402480496,C0414,Mouse,Accessories,South,1,800,0.15,Debit Card,No,800,120.0,680.0
O00598,2025-03-07 02:03:51.886377275,C0220,Headphones,Accessories,North,3,2500,0.0,Cash,No,7500,0.0,7500.0
O00599,2025-03-07 04:40:51.370274055,C0202,Monitor,Electronics,West,3,15000,0.0,Debit Card,Yes,45000,0.0,45000.0
O00600,2025-03-07 07:17:50.854170834,C0012,Smartphone,Electronics,North,5,40000,0.15,Credit Card,No,200000,30000.0,170000.0
O00601,2025-03-07 09:54:50.338067613,C0316,Webcam,Accessories,South,5,3500,0.1,Debit Card,No,17500,1750.0,15750.0
O00602,2025-03-07 12:31:49.821964393,C0365,Headphones,Accessories,West,5,2500,0.1,Cash,No,12500,1250.0,11250.0
O00603,2025-03-07 15:08:49.305861172,C0184,Monitor,Electronics,East,2,15000,0.1,Cash,No,30000,3000.0,27000.0
O00604,2025-03-07 17:45:48.789757951,C0467,Smartphone,Electronics,South,4,40000,0.05,UPI,No,160000,8000.0,152000.0
O00605,2025-03-07 20:22:48.273654731,C0486,Headphones,Accessories,East,2,2500,0.0,UPI,Yes,5000,0.0,5000.0
O00606,2025-03-07 22:59:47.757551510,C0272,Tablet,Electronics,North,2,30000,0.15,Credit Card,No,60000,9000.0,51000.0
O00607,2025-03-08 01:36:47.241448289,C0483,Smartphone,Electronics,South,1,40000,0.05,UPI,No,40000,2000.0,38000.0
O00608,2025-03-08 04:13:46.725345069,C0229,Keyboard,Accessories,West,2,2000,0.1,Cash,No,4000,400.0,3600.0
O00609,2025-03-08 06:50:46.209241848,C0135,Mouse,Accessories,South,2,800,0.0,UPI,No,1600,0.0,1600.0
O00610,2025-03-08 09:27:45.693138627,C0277,Tablet,Electronics,West,2,30000,0.1,Cash,No,60000,6000.0,54000.0
O00611,2025-03-08 12:04:45.177035407,C0266,Monitor,Electronics,East,3,15000,0.05,Debit Card,No,45000,2250.0,42750.0
O00612,2025-03-08 14:41:44.660932186,C0075,Headphones,Accessories,West,5,2500,0.1,Debit Card,No,12500,1250.0,11250.0
O00613,2025-03-08 17:18:44.144828966,C0029,Laptop,Electronics,South,3,65000,0.15,Credit Card,No,195000,29250.0,165750.0
O00614,2025-03-08 19:55:43.628725745,C0110,Monitor,Electronics,South,4,15000,0.15,Credit Card,No,60000,9000.0,51000.0
O00615,2025-03-08 22:32:43.112622524,C0119,Headphones,Accessories,North,5,2500,0.15,Debit Card,No,12500,1875.0,10625.0
O00616,2025-03-09 01:09:42.596519304,C0376,Laptop,Electronics,North,1,65000,0.1,Credit Card,No,65000,6500.0,58500.0
O00617,2025-03-09 03:46:42.080416083,C0195,Headphones,Accessories,North,4,2500,0.05,Cash,No,10000,500.0,9500.0
O00618,2025-03-09 06:23:41.564312862,C0152,Tablet,Electronics,South,3,30000,0.0,UPI,No,90000,0.0,90000.0
O00619,2025-03-09 09:00:41.048209642,C0369,Headphones,Accessories,East,5,2500,0.0,Credit Card,No,12500,0.0,12500.0
O00620,2025-03-09 11:37:40.532106421,C0327,Monitor,Electronics,South,3,15000,0.15,Cash,No,45000,6750.0,38250.0
O00621,2025-03-09 14:14:40.016003200,C0163,Laptop,Electronics,East,3,65000,0.15,Credit Card,No,195000,29250.0,165750.0
O00622,2025-03-09 16:51:39.499899980,C0162,Monitor,Electronics,South,2,15000,0.0,Debit Card,No,30000,0.0,30000.0
O00623,2025-03-09 19:28:38.983796759,C0450,Smartphone,Electronics,North,5,40000,0.1,Debit Card,No,200000,20000.0,180000.0
O00624,2025-03-09 22:05:38.467693538,C0191,Webcam,Accessories,North,1,3500,0.05,Debit Card,Yes,3500,175.0,3325.0
O00625,2025-03-10 00:42:37.951590318,C0164,Keyboard,Accessories,East,4,2000,0.1,Debit Card,No,8000,800.0,7200.0
O00626,2025-03-10 03:19:37.435487097,C0215,Monitor,Electronics,North,4,15000,0.05,Cash,No,60000,3000.0,57000.0
O00627,2025-03-10 05:56:36.919383877,C0103,Headphones,Accessories,North,2,2500,0.05,Debit Card,No,5000,250.0,4750.0
O00628,2025-03-10 08:33:36.403280656,C0480,Mouse,Accessories,East,4,800,0.1,Credit Card,No,3200,320.0,2880.0
O00629,2025-03-10 11:10:35.887177435,C0355,Smartphone,Electronics,North,5,40000,0.15,Debit Card,Yes,200000,30000.0,170000.0
O00630,2025-03-10 13:47:35.371074215,C0313,Webcam,Accessories,East,4,3500,0.0,Debit Card,No,14000,0.0,14000.0
O00631,2025-03-10 16:24:34.854970994,C0397,Keyboard,Accessories,South,2,2000,0.15,UPI,No,4000,600.0,3400.0
O00632,2025-03-10 19:01:34.338867773,C0350,Headphones,Accessories,East,3,2500,0.05,Cash,No,7500,375.0,7125.0
O00633,2025-03-10 21:38:33.822764553,C0174,Headphones,Accessories,South,1,2500,0.1,UPI,No,2500,250.0,2250.0
O00634,2025-03-11 00:15:33.306661332,C0060,Laptop,Electronics,South,2,65000,0.1,Debit Card,No,130000,13000.0,117000.0
O00635,2025-03-11 02:52:32.790558111,C0144,Headphones,Accessories,East,1,2500,0.05,UPI,No,2500,125.0,2375.0
O00636,2025-03-11 05:29:32.274454891,C0033,Headphones,Accessories,North,4,2500,0.15,Cash,No,10000,1500.0,8500.0
O00637,2025-03-11 08:06:31.758351670,C0074,Keyboard,Accessories,West,2,2000,0.0,Debit Card,Yes,4000,0.0,4000.0
O00638,2025-03-11 10:43:31.242248449,C0164,Headphones,Accessories,South,5,2500,0.0,UPI,No,12500,0.0,12500.0
O00639,2025-03-11 13:20:30.726145229,C0422,Smartphone,Electronics,West,2,40000,0.1,UPI,No,80000,8000.0,72000.0
O00640,2025-03-11 15:57:30.210042008,C0115,Laptop,Electronics,North,1,65000,0.05,UPI,No,65000,3250.0,61750.0
O00641,2025-03-11 18:34:29.693938788,C0373,Keyboard,Accessories,East,2,2000,0.05,UPI,No,4000,200.0,3800.0
O00642,2025-03-11 21:11:29.177835567,C0020,Webcam,Accessories,East,4,3500,0.05,UPI,No,14000,700.0,13300.0
O00643,2025-03-11 23:48:28.661732346,C0018,Headphones,Accessories,East,4,2500,0.15,UPI,No,10000,1500.0,8500.0
O00644,2025-03-12 02:25:28.145629126,C0081,Keyboard,Accessories,East,1,2000,0.05,Credit Card,No,2000,100.0,1900.0
O00645,2025-03-12 05:02:27.629525905,C0105,Monitor,Electronics,East,4,15000,0.15,UPI,No,60000,9000.0,51000.0
O00646,2025-03-12 07:39:27.113422684,C0273,Laptop,Electronics,North,1,65000,0.0,UPI,No,65000,0.0,65000.0
O00647,2025-03-12 10:16:26.597319464,C0284,Headphones,Accessories,East,3,2500,0.1,Credit Card,Yes,7500,750.0,6750.0
O00648,2025-03-12 12:53:26.081216243,C0118,Headphones,Accessories,South,2,2500,0.05,Debit Card,No,5000,250.0,4750.0
O00649,2025-03-12 15:30:25.565113022,C0371,Tablet,Electronics,South,3,30000,0.05,Debit Card,No,90000,4500.0,85500.0
O00650,2025-03-12 18:07:25.049009802,C0374,Keyboard,Accessories,West,5,2000,0.15,Debit Card,No,10000,1500.0,8500.0
O00651,2025-03-12 20:44:24.532906581,C0395,Monitor,Electronics,North,5,15000,0.0,Debit Card,No,75000,0.0,75000.0
O00652,2025-03-12 23:21:24.016803360,C0288,Keyboard,Accessories,South,4,2000,0.05,Debit Card,Yes,8000,400.0,7600.0
O00653,2025-03-13 01:58:23.500700140,C0249,Monitor,Electronics,North,1,15000,0.05,Cash,No,15000,750.0,14250.0
O00654,2025-03-13 04:35:22.984596919,C0500,Laptop,Electronics,South,5,65000,0.05,Debit Card,No,325000,16250.0,308750.0
O00655,2025-03-13 07:12:22.468493698,C0469,Keyboard,Accessories,East,4,2000,0.15,UPI,No,8000,1200.0,6800.0
O00656,2025-03-13 09:49:21.952390478,C0195,Laptop,Electronics,West,5,65000,0.15,Debit Card,No,325000,48750.0,276250.0
O00657,2025-03-13 12:26:21.436287257,C0369,Mouse,Accessories,West,3,800,0.05,Cash,No,2400,120.0,2280.0
O00658,2025-03-13 15:03:20.920184037,C0289,Laptop,Electronics,South,2,65000,0.0,UPI,No,130000,0.0,130000.0
O00659,2025-03-13 17:40:20.404080816,C0219,Tablet,Electronics,East,4,30000,0.0,Debit Card,No,120000,0.0,120000.0
O00660,2025-03-13 20:17:19.887977595,C0180,Tablet,Electronics,West,1,30000,0.0,Cash,No,30000,0.0,30000.0
O00661,2025-03-13 22:54:19.371874375,C0461,Keyboard,Accessories,North,4,2000,0.0,Cash,No,8000,0.0,8000.0
O00662,2025-03-14 01:31:18.855771154,C0102,Keyboard,Accessories,South,4,2000,0.05,Credit Card,No,8000,400.0,7600.0
O00663,2025-03-14 04:08:18.339667933,C0403,Mouse,Accessories,East,1,800,0.15,Credit Card,No,800,120.0,680.0
O00664,2025-03-14 06:45:17.823564713,C0232,Headphones,Accessories,West,4,2500,0.1,Debit Card,Yes,10000,1000.0,9000.0
O00665,2025-03-14 09:22:17.307461492,C0056,Smartphone,Electronics,East,1,40000,0.15,Credit Card,No,40000,6000.0,34000.0
O00666,2025-03-14 11:59:16.791358271,C0102,Headphones,Accessories,North,4,2500,0.0,Debit Card,No,10000,0.0,10000.0
O00667,2025-03-14 14:36:16.275255051,C0331,Tablet,Electronics,East,3,30000,0.05,Debit Card,No,90000,4500.0,85500.0
O00668,2025-03-14 17:13:15.759151830,C0114,Smartphone,Electronics,West,2,40000,0.05,Debit Card,No,80000,4000.0,76000.0
O00669,2025-03-14 19:50:15.243048609,C0004,Keyboard,Accessories,West,1,2000,0.15,UPI,No,2000,300.0,1700.0
O00670,2025-03-14 22:27:14.726945389,C0199,Headphones,Accessories,South,2,2500,0.15,UPI,No,5000,750.0,4250.0
O00671,2025-03-15 01:04:14.210842168,C0018,Webcam,Accessories,South,5,3500,0.05,Cash,No,17500,875.0,16625.0
O00672,2025-03-15 03:41:13.694738948,C0163,Monitor,Electronics,South,5,15000,0.15,UPI,No,75000,11250.0,63750.0
O00673,2025-03-15 06:18:13.178635727,C0346,Webcam,Accessories,South,5,3500,0.05,UPI,No,17500,875.0,16625.0
O00674,2025-03-15 08:55:12.662532506,C0428,Webcam,Accessories,East,4,3500,0.1,Credit Card,No,14000,1400.0,12600.0
O00675,2025-03-15 11:32:12.146429286,C0395,Mouse,Accessories,West,2,800,0.05,Cash,No,1600,80.0,1520.0
O00676,2025-03-15 14:09:11.630326065,C0055,Tablet,Electronics,South,5,30000,0.0,Cash,No,150000,0.0,150000.0
O00677,2025-03-15 16:46:11.114222844,C0456,Smartphone,Electronics,South,5,40000,0.1,Credit Card,No,200000,20000.0,180000.0
O00678,2025-03-15 19:23:10.598119624,C0340,Keyboard,Accessories,South,5,2000,0.15,UPI,Yes,10000,1500.0,8500.0
O00679,2025-03-15 22:00:10.082016403,C0424,Headphones,Accessories,West,1,2500,0.1,UPI,No,2500,250.0,2250.0
O00680,2025-03-16 00:37:09.565913182,C0470,Webcam,Accessories,West,4,3500,0.1,Credit Card,No,14000,1400.0,12600.0
O00681,2025-03-16 03:14:09.049809962,C0208,Laptop,Electronics,East,5,65000,0.1,Cash,No,325000,32500.0,292500.0
O00682,2025-03-16 05:51:08.533706741,C0084,Laptop,Electronics,West,3,65000,0.05,UPI,No,195000,9750.0,185250.0
O00683,2025-03-16 08:28:08.017603520,C0380,Tablet,Electronics,West,2,30000,0.0,Debit Card,No,60000,0.0,60000.0
O00684,2025-03-16 11:05:07.501500300,C0297,Laptop,Electronics,West,4,65000,0.05,Credit Card,No,260000,13000.0,247000.0
O00685,2025-03-16 13:42:06.985397079,C0044,Keyboard,Accessories,West,5,2000,0.1,UPI,No,10000,1000.0,9000.0
O00686,2025-03-16 16:19:06.469293858,C0192,Tablet,Electronics,West,4,30000,0.05,UPI,No,120000,6000.0,114000.0
O00687,2025-03-16 18:56:05.953190638,C0056,Mouse,Accessories,North,5,800,0.15,UPI,No,4000,600.0,3400.0
O00688,2025-03-16 21:33:05.437087417,C0321,Webcam,Accessories,East,3,3500,0.1,UPI,No,10500,1050.0,9450.0
O00689,2025-03-17 00:10:04.920984197,C0044,Smartphone,Electronics,South,5,40000,0.05,Debit Card,No,200000,10000.0,190000.0
O00690,2025-03-17 02:47:04.404880976,C0464,Tablet,Electronics,East,1,30000,0.05,Credit Card,No,30000,1500.0,28500.0
O00691,2025-03-17 05:24:03.888777755,C0280,Smartphone,Electronics,East,5,40000,0.15,Debit Card,Yes,200000,30000.0,170000.0
O00692,2025-03-17 08:01:03.372674535,C0018,Laptop,Electronics,East,3,65000,0.1,Cash,No,195000,19500.0,175500.0
O00693,2025-03-17 10:38:02.856571314,C0026,Laptop,Electronics,South,2,65000,0.15,Credit Card,No,130000,19500.0,110500.0
O00694,2025-03-17 13:15:02.340468093,C0116,Headphones,Accessories,West,2,2500,0.05,Credit Card,No,5000,250.0,4750.0
O00695,2025-03-17 15:52:01.824364873,C0070,Smartphone,Electronics,West,4,40000,0.1,Cash,No,160000,16000.0,144000.0
O00696,2025-03-17 18:29:01.308261652,C0287,Headphones,Accessories,West,1,2500,0.05,Credit Card,No,2500,125.0,2375.0
O00697,2025-03-17 21:06:00.792158431,C0200,Keyboard,Accessories,South,2,2000,0.1,Debit Card,No,4000,400.0,3600.0
O00698,2025-03-17 23:43:00.276055211,C0201,Mouse,Accessories,West,5,800,0.0,Credit Card,Yes,4000,0.0,4000.0
O00699,2025-03-18 02:19:59.759951990,C0326,Mouse,Accessories,North,2,800,0.0,UPI,No,1600,0.0,1600.0
O00700,2025-03-18 04:56:59.243848769,C0348,Keyboard,Accessories,South,3,2000,0.0,Cash,No,6000,0.0,6000.0
O00701,2025-03-18 07:33:58.727745549,C0153,Tablet,Electronics,North,5,30000,0.05,UPI,No,150000,7500.0,142500.0
O00702,2025-03-18 10:10:58.211642328,C0302,Laptop,Electronics,North,3,65000,0.15,Cash,No,195000,29250.0,165750.0
O00703,2025-03-18 12:47:57.695539108,C0227,Tablet,Electronics,South,2,30000,0.05,UPI,Yes,60000,3000.0,57000.0
O00704,2025-03-18 15:24:57.179435887,C0067,Mouse,Accessories,West,2,800,0.05,Cash,No,1600,80.0,1520.0
O00705,2025-03-18 18:01:56.663332666,C0228,Webcam,Accessories,South,1,3500,0.1,Cash,No,3500,350.0,3150.0
O00706,2025-03-18 20:38:56.147229446,C0201,Smartphone,Electronics,South,3,40000,0.1,Cash,No,120000,12000.0,108000.0
O00707,2025-03-18 23:15:55.631126225,C0140,Smartphone,Electronics,West,2,40000,0.15,Credit Card,No,80000,12000.0,68000.0
O00708,2025-03-19 01:52:55.115023004,C0226,Smartphone,Electronics,East,5,40000,0.15,Debit Card,No,200000,30000.0,170000.0
O00709,2025-03-19 04:29:54.598919784,C0092,Smartphone,Electronics,West,4,40000,0.1,Cash,No,160000,16000.0,144000.0
O00710,2025-03-19 07:06:54.082816563,C0335,Mouse,Accessories,North,5,800,0.15,Credit Card,Yes,4000,600.0,3400.0
O00711,2025-03-19 09:43:53.566713342,C0118,Webcam,Accessories,East,2,3500,0.1,Credit Card,No,7000,700.0,6300.0
O00712,2025-03-19 12:20:53.050610122,C0296,Keyboard,Accessories,South,5,2000,0.1,Cash,No,10000,1000.0,9000.0
O00713,2025-03-19 14:57:52.534506901,C0038,Mouse,Accessories,South,2,800,0.05,Cash,Yes,1600,80.0,1520.0
O00714,2025-03-19 17:34:52.018403680,C0442,Monitor,Electronics,East,5,15000,0.1,Debit Card,No,75000,7500.0,67500.0
O00715,2025-03-19 20:11:51.502300460,C0079,Keyboard,Accessories,East,5,2000,0.05,Cash,No,10000,500.0,9500.0
O00716,2025-03-19 22:48:50.986197239,C0450,Keyboard,Accessories,East,1,2000,0.15,UPI,No,2000,300.0,1700.0
O00717,2025-03-20 01:25:50.470094019,C0101,Monitor,Electronics,North,5,15000,0.05,UPI,No,75000,3750.0,71250.0
O00718,2025-03-20 04:02:49.953990798,C0110,Smartphone,Electronics,West,5,40000,0.0,Credit Card,No,200000,0.0,200000.0
O00719,2025-03-20 06:39:49.437887577,C0394,Smartphone,Electronics,East,2,40000,0.0,UPI,No,80000,0.0,80000.0
O00720,2025-03-20 09:16:48.921784357,C0274,Webcam,Accessories,West,1,3500,0.0,UPI,No,3500,0.0,3500.0
O00721,2025-03-20 11:53:48.405681136,C0042,Headphones,Accessories,North,4,2500,0.0,Cash,No,10000,0.0,10000.0
O00722,2025-03-20 14:30:47.889577915,C0216,Smartphone,Electronics,South,1,40000,0.15,Debit Card,No,40000,6000.0,34000.0
O00723,2025-03-20 17:07:47.373474695,C0046,Webcam,Accessories,North,2,3500,0.0,UPI,Yes,7000,0.0,7000.0
O00724,2025-03-20 19:44:46.857371474,C0419,Laptop,Electronics,West,3,65000,0.05,UPI,No,195000,9750.0,185250.0
O00725,2025-03-20 22:21:46.341268253,C0356,Keyboard,Accessories,North,5,2000,0.1,Cash,No,10000,1000.0,9000.0
O00726,2025-03-21 00:58:45.825165033,C0391,Keyboard,Accessories,North,1,2000,0.0,UPI,No,2000,0.0,2000.0
O00727,2025-03-21 03:35:45.309061812,C0389,Monitor,Electronics,South,4,15000,0.1,Cash,No,60000,6000.0,54000.0
O00728,2025-03-21 06:12:44.792958591,C0043,Monitor,Electronics,South,4,15000,0.1,UPI,No,60000,6000.0,54000.0
O00729,2025-03-21 08:49:44.276855371,C0169,Keyboard,Accessories,East,1,2000,0.1,Debit Card,No,2000,200.0,1800.0
O00730,2025-03-21 11:26:43.760752150,C0495,Laptop,Electronics,North,3,65000,0.1,Debit Card,No,195000,19500.0,175500.0
O00731,2025-03-21 14:03:43.244648929,C0467,Monitor,Electronics,West,5,15000,0.0,Debit Card,No,75000,0.0,75000.0
O00732,2025-03-21 16:40:42.728545709,C0302,Webcam,Accessories,North,3,3500,0.15,Debit Card,No,10500,1575.0,8925.0
O00733,2025-03-21 19:17:42.212442488,C0289,Monitor,Electronics,South,4,15000,0.15,Debit Card,Yes,60000,9000.0,51000.0
O00734,2025-03-21 21:54:41.696339268,C0473,Keyboard,Accessories,East,5,2000,0.15,Cash,No,10000,1500.0,8500.0
O00735,2025-03-22 00:31:41.180236047,C0145,Laptop,Electronics,East,4,65000,0.15,Credit Card,No,260000,39000.0,221000.0
O00736,2025-03-22 03:08:40.664132826,C0457,Tablet,Electronics,East,1,30000,0.0,UPI,No,30000,0.0,30000.0
O00737,2025-03-22 05:45:40.148029606,C0250,Monitor,Electronics,North,4,15000,0.15,Debit Card,No,60000,9000.0,51000.0
O00738,2025-03-22 08:22:39.631926385,C0437,Tablet,Electronics,East,1,30000,0.05,Debit Card,Yes,30000,1500.0,28500.0
O00739,2025-03-22 10:59:39.115823164,C0330,Tablet,Electronics,East,2,30000,0.05,Debit Card,No,60000,3000.0,57000.0
O00740,2025-03-22 13:36:38.599719944,C0195,Tablet,Electronics,North,4,30000,0.05,Debit Card,No,120000,6000.0,114000.0
O00741,2025-03-22 16:13:38.083616723,C0416,Webcam,Accessories,West,2,3500,0.0,Credit Card,No,7000,0.0,7000.0
O00742,2025-03-22 18:50:37.567513502,C0221,Laptop,Electronics,East,4,65000,0.15,Cash,No,260000,39000.0,221000.0
O00743,2025-03-22 21:27:37.051410282,C0415,Headphones,Accessories,North,2,2500,0.0,Credit Card,No,5000,0.0,5000.0
O00744,2025-03-23 00:04:36.535307061,C0391,Monitor,Electronics,South,2,15000,0.05,Cash,No,30000,1500.0,28500.0
O00745,2025-03-23 02:41:36.019203840,C0352,Keyboard,Accessories,West,4,2000,0.05,UPI,No,8000,400.0,7600.0
O00746,2025-03-23 05:18:35.503100620,C0325,Keyboard,Accessories,South,4,2000,0.15,Credit Card,No,8000,1200.0,6800.0
O00747,2025-03-23 07:55:34.986997399,C0036,Webcam,Accessories,West,1,3500,0.0,Cash,No,3500,0.0,3500.0
O00748,2025-03-23 10:32:34.470894179,C0338,Monitor,Electronics,East,5,15000,0.1,Credit Card,No,75000,7500.0,67500.0
O00749,2025-03-23 13:09:33.954790958,C0260,Mouse,Accessories,South,4,800,0.15,UPI,No,3200,480.0,2720.0
O00750,2025-03-23 15:46:33.438687737,C0132,Mouse,Accessories,West,1,800,0.1,Credit Card,Yes,800,80.0,720.0
O00751,2025-03-23 18:23:32.922584517,C0441,Laptop,Electronics,West,5,65000,0.15,Credit Card,No,325000,48750.0,276250.0
O00752,2025-03-23 21:00:32.406481296,C0494,Tablet,Electronics,West,2,30000,0.1,Cash,No,60000,6000.0,54000.0
O00753,2025-03-23 23:37:31.890378075,C0162,Smartphone,Electronics,North,5,40000,0.15,Credit Card,No,200000,30000.0,170000.0
O00754,2025-03-24 02:14:31.374274855,C0432,Mouse,Accessories,South,1,800,0.0,Credit Card,No,800,0.0,800.0
O00755,2025-03-24 04:51:30.858171634,C0163,Mouse,Accessories,North,1,800,0.0,UPI,No,800,0.0,800.0
O00756,2025-03-24 07:28:30.342068413,C0471,Keyboard,Accessories,West,3,2000,0.15,UPI,No,6000,900.0,5100.0
O00757,2025-03-24 10:05:29.825965193,C0224,Monitor,Electronics,West,2,15000,0.1,UPI,No,30000,3000.0,27000.0
O00758,2025-03-24 12:42:29.309861972,C0244,Laptop,Electronics,West,2,65000,0.05,Credit Card,No,130000,6500.0,123500.0
O00759,2025-03-24 15:19:28.793758751,C0444,Mouse,Accessories,West,3,800,0.05,UPI,No,2400,120.0,2280.0
O00760,2025-03-24 17:56:28.277655531,C0116,Laptop,Electronics,South,1,65000,0.15,Debit Card,No,65000,9750.0,55250.0
O00761,2025-03-24 20:33:27.761552310,C0319,Smartphone,Electronics,North,1,40000,0.15,Debit Card,No,40000,6000.0,34000.0
O00762,2025-03-24 23:10:27.245449090,C0312,Smartphone,Electronics,South,5,40000,0.0,Debit Card,No,200000,0.0,200000.0
O00763,2025-03-25 01:47:26.729345869,C0437,Tablet,Electronics,North,4,30000,0.1,Debit Card,No,120000,12000.0,108000.0
O00764,2025-03-25 04:24:26.213242648,C0159,Laptop,Electronics,West,3,65000,0.0,UPI,No,195000,0.0,195000.0
O00765,2025-03-25 07:01:25.697139428,C0224,Tablet,Electronics,North,3,30000,0.15,Credit Card,No,90000,13500.0,76500.0
O00766,2025-03-25 09:38:25.181036207,C0282,Mouse,Accessories,West,3,800,0.05,Credit Card,No,2400,120.0,2280.0
O00767,2025-03-25 12:15:24.664932986,C0082,Headphones,Accessories,South,4,2500,0.15,Credit Card,No,10000,1500.0,8500.0
O00768,2025-03-25 14:52:24.148829766,C0127,Tablet,Electronics,East,5,30000,0.05,UPI,No,150000,7500.0,142500.0
O00769,2025-03-25 17:29:23.632726545,C0272,Mouse,Accessories,West,5,800,0.05,UPI,No,4000,200.0,3800.0
O00770,2025-03-25 20:06:23.116623324,C0475,Keyboard,Accessories,West,1,2000,0.0,Credit Card,No,2000,0.0,2000.0
O00771,2025-03-25 22:43:22.600520104,C0051,Monitor,Electronics,West,5,15000,0.0,Debit Card,No,75000,0.0,75000.0
O00772,2025-03-26 01:20:22.084416883,C0224,Smartphone,Electronics,North,1,40000,0.15,Debit Card,No,40000,6000.0,34000.0
O00773,2025-03-26 03:57:21.568313662,C0388,Laptop,Electronics,West,4,65000,0.0,UPI,No,260000,0.0,260000.0
O00774,2025-03-26 06:34:21.052210442,C0150,Smartphone,Electronics,North,5,40000,0.1,UPI,No,200000,20000.0,180000.0
O00775,2025-03-26 09:11:20.536107221,C0163,Headphones,Accessories,North,4,2500,0.15,Cash,No,10000,1500.0,8500.0
O00776,2025-03-26 11:48:20.020004000,C0187,Monitor,Electronics,North,4,15000,0.1,Debit Card,No,60000,6000.0,54000.0
O00777,2025-03-26 14:25:19.503900780,C0273,Headphones,Accessories,West,4,2500,0.0,Debit Card,No,10000,0.0,10000.0
O00778,2025-03-26 17:02:18.987797559,C0113,Webcam,Accessories,North,2,3500,0.0,Credit Card,No,7000,0.0,7000.0
O00779,2025-03-26 19:39:18.471694339,C0486,Mouse,Accessories,East,5,800,0.05,UPI,No,4000,200.0,3800.0
O00780,2025-03-26 22:16:17.955591118,C0122,Monitor,Electronics,North,3,15000,0.15,UPI,No,45000,6750.0,38250.0
O00781,2025-03-27 00:53:17.439487897,C0436,Monitor,Electronics,East,2,15000,0.1,Credit Card,No,30000,3000.0,27000.0
O00782,2025-03-27 03:30:16.923384677,C0387,Headphones,Accessories,South,1,2500,0.15,Credit Card,No,2500,375.0,2125.0
O00783,2025-03-27 06:07:16.407281456,C0367,Smartphone,Electronics,South,1,40000,0.15,Credit Card,No,40000,6000.0,34000.0
O00784,2025-03-27 08:44:15.891178235,C0270,Keyboard,Accessories,South,5,2000,0.0,UPI,No,10000,0.0,10000.0
O00785,2025-03-27 11:21:15.375075015,C0417,Webcam,Accessories,West,1,3500,0.1,Credit Card,No,3500,350.0,3150.0
O00786,2025-03-27 13:58:14.858971794,C0425,Headphones,Accessories,North,4,2500,0.1,Cash,No,10000,1000.0,9000.0
O00787,2025-03-27 16:35:14.342868573,C0300,Smartphone,Electronics,South,4,40000,0.0,Debit Card,Yes,160000,0.0,160000.0
O00788,2025-03-27 19:12:13.826765353,C0335,Mouse,Accessories,North,1,800,0.05,Credit Card,No,800,40.0,760.0
O00789,2025-03-27 21:49:13.310662132,C0174,Webcam,Accessories,South,2,3500,0.1,UPI,No,7000,700.0,6300.0
O00790,2025-03-28 00:26:12.794558911,C0075,Headphones,Accessories,East,1,2500,0.05,UPI,No,2500,125.0,2375.0
O00791,2025-03-28 03:03:12.278455691,C0078,Headphones,Accessories,West,5,2500,0.15,Debit Card,No,12500,1875.0,10625.0
O00792,2025-03-28 05:40:11.762352470,C0360,Monitor,Electronics,North,2,15000,0.05,Credit Card,No,30000,1500.0,28500.0
O00793,2025-03-28 08:17:11.246249250,C0190,Webcam,Accessories,East,3,3500,0.0,Debit Card,No,10500,0.0,10500.0
O00794,2025-03-28 10:54:10.730146029,C0305,Keyboard,Accessories,East,1,2000,0.1,UPI,No,2000,200.0,1800.0
O00795,2025-03-28 13:31:10.214042808,C0307,Tablet,Electronics,East,4,30000,0.1,Debit Card,No,120000,12000.0,108000.0
O00796,2025-03-28 16:08:09.697939588,C0437,Monitor,Electronics,West,4,15000,0.15,Debit Card,No,60000,9000.0,51000.0
O00797,2025-03-28 18:45:09.181836367,C0365,Keyboard,Accessories,West,1,2000,0.05,UPI,No,2000,100.0,1900.0
O00798,2025-03-28 21:22:08.665733146,C0377,Tablet,Electronics,South,3,30000,0.05,Cash,No,90000,4500.0,85500.0
O00799,2025-03-28 23:59:08.149629926,C0474,Headphones,Accessories,East,1,2500,0.0,UPI,No,2500,0.0,2500.0
O00800,2025-03-29 02:36:07.633526705,C0413,Mouse,Accessories,North,2,800,0.15,Debit Card,No,1600,240.0,1360.0
O00801,2025-03-29 05:13:07.117423484,C0405,Keyboard,Accessories,West,5,2000,0.0,Credit Card,No,10000,0.0,10000.0
O00802,2025-03-29 07:50:06.601320264,C0300,Headphones,Accessories,South,5,2500,0.15,UPI,No,12500,1875.0,10625.0
O00803,2025-03-29 10:27:06.085217043,C0262,Smartphone,Electronics,North,1,40000,0.15,UPI,No,40000,6000.0,34000.0
O00804,2025-03-29 13:04:05.569113822,C0264,Mouse,Accessories,West,1,800,0.1,Cash,No,800,80.0,720.0
O00805,2025-03-29 15:41:05.053010602,C0176,Smartphone,Electronics,West,5,40000,0.05,Debit Card,No,200000,10000.0,190000.0
O00806,2025-03-29 18:18:04.536907381,C0099,Smartphone,Electronics,West,3,40000,0.15,UPI,No,120000,18000.0,102000.0
O00807,2025-03-29 20:55:04.020804161,C0230,Headphones,Accessories,West,4,2500,0.15,UPI,No,10000,1500.0,8500.0
O00808,2025-03-29 23:32:03.504700940,C0190,Smartphone,Electronics,South,5,40000,0.0,Cash,Yes,200000,0.0,200000.0
O00809,2025-03-30 02:09:02.988597719,C0383,Tablet,Electronics,East,4,30000,0.15,Credit Card,No,120000,18000.0,102000.0
O00810,2025-03-30 04:46:02.472494499,C0366,Webcam,Accessories,West,1,3500,0.0,Credit Card,No,3500,0.0,3500.0
O00811,2025-03-30 07:23:01.956391278,C0433,Monitor,Electronics,South,5,15000,0.1,Cash,No,75000,7500.0,67500.0
O00812,2025-03-30 10:00:01.440288057,C0029,Smartphone,Electronics,South,4,40000,0.05,Cash,No,160000,8000.0,152000.0
O00813,2025-03-30 12:37:00.924184837,C0164,Laptop,Electronics,East,4,65000,0.1,Cash,No,260000,26000.0,234000.0
O00814,2025-03-30 15:14:00.408081616,C0053,Smartphone,Electronics,West,4,40000,0.0,Credit Card,No,160000,0.0,160000.0
O00815,2025-03-30 17:50:59.891978395,C0185,Monitor,Electronics,East,5,15000,0.15,UPI,No,75000,11250.0,63750.0
O00816,2025-03-30 20:27:59.375875175,C0407,Monitor,Electronics,North,3,15000,0.15,Cash,No,45000,6750.0,38250.0
O00817,2025-03-30 23:04:58.859771954,C0037,Webcam,Accessories,North,5,3500,0.0,UPI,No,17500,0.0,17500.0
O00818,2025-03-31 01:41:58.343668733,C0194,Headphones,Accessories,West,4,2500,0.0,Cash,No,10000,0.0,10000.0
O00819,2025-03-31 04:18:57.827565513,C0012,Mouse,Accessories,North,4,800,0.1,Credit Card,No,3200,320.0,2880.0
O00820,2025-03-31 06:55:57.311462292,C0317,Keyboard,Accessories,West,3,2000,0.05,Cash,No,6000,300.0,5700.0
O00821,2025-03-31 09:32:56.795359071,C0471,Headphones,Accessories,West,2,2500,0.05,Cash,No,5000,250.0,4750.0
O00822,2025-03-31 12:09:56.279255851,C0391,Tablet,Electronics,East,3,30000,0.0,UPI,No,90000,0.0,90000.0
O00823,2025-03-31 14:46:55.763152630,C0453,Webcam,Accessories,North,1,3500,0.0,Credit Card,No,3500,0.0,3500.0
O00824,2025-03-31 17:23:55.247049410,C0170,Webcam,Accessories,East,3,3500,0.15,Debit Card,No,10500,1575.0,8925.0
O00825,2025-03-31 20:00:54.730946189,C0090,Laptop,Electronics,West,2,65000,0.05,Debit Card,Yes,130000,6500.0,123500.0
O00826,2025-03-31 22:37:54.214842968,C0050,Laptop,Electronics,West,5,65000,0.0,Credit Card,No,325000,0.0,325000.0
O00827,2025-04-01 01:14:53.698739748,C0378,Headphones,Accessories,West,1,2500,0.0,UPI,No,2500,0.0,2500.0
O00828,2025-04-01 03:51:53.182636527,C0252,Headphones,Accessories,East,3,2500,0.15,Debit Card,No,7500,1125.0,6375.0
O00829,2025-04-01 06:28:52.666533306,C0162,Laptop,Electronics,West,4,65000,0.15,UPI,No,260000,39000.0,221000.0
O00830,2025-04-01 09:05:52.150430086,C0083,Monitor,Electronics,North,5,15000,0.15,Debit Card,No,75000,11250.0,63750.0
O00831,2025-04-01 11:42:51.634326865,C0182,Tablet,Electronics,West,2,30000,0.15,Debit Card,No,60000,9000.0,51000.0
O00832,2025-04-01 14:19:51.118223644,C0415,Headphones,Accessories,East,2,2500,0.15,Cash,No,5000,750.0,4250.0
O00833,2025-04-01 16:56:50.602120424,C0240,Laptop,Electronics,South,3,65000,0.1,Cash,No,195000,19500.0,175500.0
O00834,2025-04-01 19:33:50.086017203,C0154,Smartphone,Electronics,East,1,40000,0.1,Credit Card,No,40000,4000.0,36000.0
O00835,2025-04-01 22:10:49.569913982,C0015,Keyboard,Accessories,South,2,2000,0.05,Cash,No,4000,200.0,3800.0
O00836,2025-04-02 00:47:49.053810762,C0362,Headphones,Accessories,West,3,2500,0.0,UPI,No,7500,0.0,7500.0
O00837,2025-04-02 03:24:48.537707541,C0454,Keyboard,Accessories,East,5,2000,0.1,Debit Card,No,10000,1000.0,9000.0
O00838,2025-04-02 06:01:48.021604321,C0056,Laptop,Electronics,North,3,65000,0.15,Cash,No,195000,29250.0,165750.0
O00839,2025-04-02 08:38:47.505501100,C0473,Monitor,Electronics,West,1,15000,0.1,Cash,No,15000,1500.0,13500.0
O00840,2025-04-02 11:15:46.989397879,C0250,Laptop,Electronics,West,4,65000,0.1,UPI,No,260000,26000.0,234000.0
O00841,2025-04-02 13:52:46.473294659,C0075,Keyboard,Accessories,West,3,2000,0.1,Cash,Yes,6000,600.0,5400.0
O00842,2025-04-02 16:29:45.957191438,C0478,Tablet,Electronics,West,2,30000,0.0,Debit Card,No,60000,0.0,60000.0
O00843,2025-04-02 19:06:45.441088217,C0366,Smartphone,Electronics,North,1,40000,0.0,Debit Card,No,40000,0.0,40000.0
O00844,2025-04-02 21:43:44.924984997,C0491,Headphones,Accessories,East,1,2500,0.15,Cash,Yes,2500,375.0,2125.0
O00845,2025-04-03 00:20:44.408881776,C0412,Tablet,Electronics,South,1,30000,0.05,Cash,No,30000,1500.0,28500.0
O00846,2025-04-03 02:57:43.892778555,C0315,Mouse,Accessories,East,4,800,0.15,Cash,No,3200,480.0,2720.0
O00847,2025-04-03 05:34:43.376675335,C0113,Headphones,Accessories,South,3,2500,0.1,Debit Card,No,7500,750.0,6750.0
O00848,2025-04-03 08:11:42.860572114,C0497,Keyboard,Accessories,North,4,2000,0.05,UPI,No,8000,400.0,7600.0
O00849,2025-04-03 10:48:42.344468893,C0138,Monitor,Electronics,East,4,15000,0.15,Debit Card,No,60000,9000.0,51000.0
O00850,2025-04-03 13:25:41.828365673,C0352,Webcam,Accessories,West,4,3500,0.15,UPI,No,14000,2100.0,11900.0
O00851,2025-04-03 16:02:41.312262452,C0463,Mouse,Accessories,East,5,800,0.15,UPI,No,4000,600.0,3400.0
O00852,2025-04-03 18:39:40.796159232,C0333,Keyboard,Accessories,West,5,2000,0.0,UPI,No,10000,0.0,10000.0
O00853,2025-04-03 21:16:40.280056011,C0048,Headphones,Accessories,West,1,2500,0.15,Credit Card,No,2500,375.0,2125.0
O00854,2025-04-03 23:53:39.763952790,C0017,Monitor,Electronics,South,2,15000,0.0,UPI,No,30000,0.0,30000.0
O00855,2025-04-04 02:30:39.247849570,C0009,Webcam,Accessories,East,5,3500,0.05,Credit Card,No,17500,875.0,16625.0
O00856,2025-04-04 05:07:38.731746349,C0228,Webcam,Accessories,North,4,3500,0.0,Debit Card,No,14000,0.0,14000.0
O00857,2025-04-04 07:44:38.215643128,C0452,Headphones,Accessories,South,5,2500,0.1,Cash,No,12500,1250.0,11250.0
O00858,2025-04-04 10:21:37.699539908,C0478,Laptop,Electronics,North,5,65000,0.05,UPI,No,325000,16250.0,308750.0
O00859,2025-04-04 12:58:37.183436687,C0370,Headphones,Accessories,West,1,2500,0.0,UPI,No,2500,0.0,2500.0
O00860,2025-04-04 15:35:36.667333466,C0158,Mouse,Accessories,North,2,800,0.1,Debit Card,No,1600,160.0,1440.0
O00861,2025-04-04 18:12:36.151230246,C0392,Monitor,Electronics,South,4,15000,0.15,Credit Card,No,60000,9000.0,51000.0
O00862,2025-04-04 20:49:35.635127025,C0474,Mouse,Accessories,North,5,800,0.1,Debit Card,No,4000,400.0,3600.0
O00863,2025-04-04 23:26:35.119023804,C0416,Keyboard,Accessories,North,4,2000,0.0,Cash,No,8000,0.0,8000.0
O00864,2025-04-05 02:03:34.602920584,C0456,Webcam,Accessories,North,5,3500,0.05,Cash,No,17500,875.0,16625.0
O00865,2025-04-05 04:40:34.086817363,C0016,Laptop,Electronics,North,3,65000,0.0,UPI,No,195000,0.0,195000.0
O00866,2025-04-05 07:17:33.570714142,C0253,Monitor,Electronics,West,4,15000,0.0,Credit Card,No,60000,0.0,60000.0
O00867,2025-04-05 09:54:33.054610922,C0380,Mouse,Accessories,North,3,800,0.15,Debit Card,No,2400,360.0,2040.0
O00868,2025-04-05 12:31:32.538507701,C0140,Mouse,Accessories,West,1,800,0.15,Credit Card,No,800,120.0,680.0
O00869,2025-04-05 15:08:32.022404481,C0246,Keyboard,Accessories,South,4,2000,0.05,Cash,No,8000,400.0,7600.0
O00870,2025-04-05 17:45:31.506301260,C0076,Laptop,Electronics,East,2,65000,0.05,Debit Card,No,130000,6500.0,123500.0
O00871,2025-04-05 20:22:30.990198039,C0041,Keyboard,Accessories,West,5,2000,0.05,Debit Card,No,10000,500.0,9500.0
O00872,2025-04-05 22:59:30.474094819,C0466,Mouse,Accessories,South,3,800,0.0,Credit Card,No,2400,0.0,2400.0
O00873,2025-04-06 01:36:29.957991598,C0283,Keyboard,Accessories,North,3,2000,0.0,Credit Card,No,6000,0.0,6000.0
O00874,2025-04-06 04:13:29.441888377,C0334,Monitor,Electronics,East,4,15000,0.1,UPI,No,60000,6000.0,54000.0
O00875,2025-04-06 06:50:28.925785157,C0030,Mouse,Accessories,South,3,800,0.1,Debit Card,No,2400,240.0,2160.0
O00876,2025-04-06 09:27:28.409681936,C0416,Laptop,Electronics,South,2,65000,0.1,Credit Card,Yes,130000,13000.0,117000.0
O00877,2025-04-06 12:04:27.893578715,C0476,Monitor,Electronics,North,1,15000,0.05,UPI,No,15000,750.0,14250.0
O00878,2025-04-06 14:41:27.377475495,C0364,Headphones,Accessories,South,4,2500,0.1,UPI,No,10000,1000.0,9000.0
O00879,2025-04-06 17:18:26.861372274,C0129,Smartphone,Electronics,South,3,40000,0.0,Credit Card,No,120000,0.0,120000.0
O00880,2025-04-06 19:55:26.345269053,C0493,Keyboard,Accessories,East,4,2000,0.1,Debit Card,No,8000,800.0,7200.0
O00881,2025-04-06 22:32:25.829165833,C0130,Smartphone,Electronics,East,1,40000,0.1,Credit Card,No,40000,4000.0,36000.0
O00882,2025-04-07 01:09:25.313062612,C0300,Monitor,Electronics,West,3,15000,0.05,Credit Card,No,45000,2250.0,42750.0
O00883,2025-04-07 03:46:24.796959392,C0422,Headphones,Accessories,West,3,2500,0.15,Cash,No,7500,1125.0,6375.0
O00884,2025-04-07 06:23:24.280856171,C0211,Laptop,Electronics,South,1,65000,0.0,Credit Card,No,65000,0.0,65000.0
O00885,2025-04-07 09:00:23.764752950,C0286,Laptop,Electronics,East,4,65000,0.0,Cash,No,260000,0.0,260000.0
O00886,2025-04-07 11:37:23.248649730,C0196,Keyboard,Accessories,South,2,2000,0.15,UPI,No,4000,600.0,3400.0
O00887,2025-04-07 14:14:22.732546509,C0463,Webcam,Accessories,North,4,3500,0.05,Debit Card,No,14000,700.0,13300.0
O00888,2025-04-07 16:51:22.216443288,C0023,Webcam,Accessories,East,1,3500,0.05,Cash,No,3500,175.0,3325.0
O00889,2025-04-07 19:28:21.700340068,C0477,Keyboard,Accessories,East,5,2000,0.05,Debit Card,No,10000,500.0,9500.0
O00890,2025-04-07 22:05:21.184236847,C0223,Monitor,Electronics,South,5,15000,0.15,UPI,No,75000,11250.0,63750.0
O00891,2025-04-08 00:42:20.668133626,C0364,Tablet,Electronics,South,5,30000,0.1,Cash,No,150000,15000.0,135000.0
O00892,2025-04-08 03:19:20.152030406,C0171,Headphones,Accessories,West,5,2500,0.05,Cash,No,12500,625.0,11875.0
O00893,2025-04-08 05:56:19.635927185,C0272,Mouse,Accessories,South,1,800,0.1,UPI,No,800,80.0,720.0
O00894,2025-04-08 08:33:19.119823964,C0044,Smartphone,Electronics,South,2,40000,0.1,Debit Card,No,80000,8000.0,72000.0
O00895,2025-04-08 11:10:18.603720744,C0300,Tablet,Electronics,East,2,30000,0.0,Credit Card,No,60000,0.0,60000.0
O00896,2025-04-08 13:47:18.087617523,C0014,Keyboard,Accessories,West,4,2000,0.05,UPI,No,8000,400.0,7600.0
O00897,2025-04-08 16:24:17.571514302,C0491,Tablet,Electronics,East,3,30000,0.0,Debit Card,No,90000,0.0,90000.0
O00898,2025-04-08 19:01:17.055411082,C0376,Headphones,Accessories,East,5,2500,0.1,Credit Card,No,12500,1250.0,11250.0
O00899,2025-04-08 21:38:16.539307861,C0049,Keyboard,Accessories,West,4,2000,0.05,Credit Card,No,8000,400.0,7600.0
O00900,2025-04-09 00:15:16.023204641,C0236,Keyboard,Accessories,East,5,2000,0.15,Cash,No,10000,1500.0,8500.0
O00901,2025-04-09 02:52:15.507101420,C0390,Webcam,Accessories,North,2,3500,0.0,Cash,No,7000,0.0,7000.0
O00902,2025-04-09 05:29:14.990998199,C0244,Keyboard,Accessories,South,5,2000,0.15,Credit Card,No,10000,1500.0,8500.0
O00903,2025-04-09 08:06:14.474894979,C0321,Laptop,Electronics,North,3,65000,0.05,Credit Card,No,195000,9750.0,185250.0
O00904,2025-04-09 10:43:13.958791758,C0105,Smartphone,Electronics,West,3,40000,0.15,UPI,No,120000,18000.0,102000.0
O00905,2025-04-09 13:20:13.442688537,C0417,Mouse,Accessories,North,4,800,0.0,Debit Card,No,3200,0.0,3200.0
O00906,2025-04-09 15:57:12.926585317,C0411,Headphones,Accessories,North,2,2500,0.0,Credit Card,No,5000,0.0,5000.0
O00907,2025-04-09 18:34:12.410482096,C0409,Laptop,Electronics,North,3,65000,0.0,UPI,No,195000,0.0,195000.0
O00908,2025-04-09 21:11:11.894378875,C0130,Monitor,Electronics,West,3,15000,0.15,Credit Card,No,45000,6750.0,38250.0
O00909,2025-04-09 23:48:11.378275655,C0004,Mouse,Accessories,East,5,800,0.05,UPI,No,4000,200.0,3800.0
O00910,2025-04-10 02:25:10.862172434,C0292,Monitor,Electronics,South,4,15000,0.0,Cash,No,60000,0.0,60000.0
O00911,2025-04-10 05:02:10.346069213,C0246,Laptop,Electronics,West,4,65000,0.0,Credit Card,No,260000,0.0,260000.0
O00912,2025-04-10 07:39:09.829965993,C0094,Smartphone,Electronics,West,5,40000,0.15,UPI,No,200000,30000.0,170000.0
O00913,2025-04-10 10:16:09.313862772,C0264,Tablet,Electronics,North,3,30000,0.05,Debit Card,No,90000,4500.0,85500.0
O00914,2025-04-10 12:53:08.797759552,C0209,Laptop,Electronics,North,4,65000,0.0,Debit Card,No,260000,0.0,260000.0
O00915,2025-04-10 15:30:08.281656331,C0291,Webcam,Accessories,North,3,3500,0.1,Debit Card,No,10500,1050.0,9450.0
O00916,2025-04-10 18:07:07.765553110,C0224,Headphones,Accessories,West,4,2500,0.15,UPI,No,10000,1500.0,8500.0
O00917,2025-04-10 20:44:07.249449890,C0382,Mouse,Accessories,West,4,800,0.15,Debit Card,No,3200,480.0,2720.0
O00918,2025-04-10 23:21:06.733346669,C0147,Tablet,Electronics,East,5,30000,0.0,UPI,No,150000,0.0,150000.0
O00919,2025-04-11 01:58:06.217243448,C0319,Smartphone,Electronics,West,3,40000,0.1,Cash,No,120000,12000.0,108000.0
O00920,2025-04-11 04:35:05.701140228,C0236,Monitor,Electronics,South,2,15000,0.1,Debit Card,No,30000,3000.0,27000.0
O00921,2025-04-11 07:12:05.185037007,C0227,Headphones,Accessories,East,5,2500,0.15,UPI,No,12500,1875.0,10625.0
O00922,2025-04-11 09:49:04.668933786,C0244,Smartphone,Electronics,West,3,40000,0.1,Credit Card,No,120000,12000.0,108000.0
O00923,2025-04-11 12:26:04.152830566,C0277,Mouse,Accessories,East,3,800,0.0,Cash,No,2400,0.0,2400.0
O00924,2025-04-11 15:03:03.636727345,C0049,Headphones,Accessories,South,2,2500,0.05,UPI,No,5000,250.0,4750.0
O00925,2025-04-11 17:40:03.120624124,C0408,Webcam,Accessories,North,2,3500,0.1,Debit Card,No,7000,700.0,6300.0
O00926,2025-04-11 20:17:02.604520904,C0331,Headphones,Accessories,South,2,2500,0.05,Debit Card,No,5000,250.0,4750.0
O00927,2025-04-11 22:54:02.088417683,C0204,Keyboard,Accessories,East,4,2000,0.0,Cash,No,8000,0.0,8000.0
O00928,2025-04-12 01:31:01.572314463,C0206,Headphones,Accessories,West,5,2500,0.1,Credit Card,No,12500,1250.0,11250.0
O00929,2025-04-12 04:08:01.056211242,C0072,Keyboard,Accessories,West,3,2000,0.15,Cash,No,6000,900.0,5100.0
O00930,2025-04-12 06:45:00.540108021,C0146,Headphones,Accessories,East,1,2500,0.0,Credit Card,No,2500,0.0,2500.0
O00931,2025-04-12 09:22:00.024004801,C0007,Monitor,Electronics,West,3,15000,0.0,UPI,No,45000,0.0,45000.0
O00932,2025-04-12 11:58:59.507901580,C0023,Headphones,Accessories,North,5,2500,0.0,Cash,No,12500,0.0,12500.0
O00933,2025-04-12 14:35:58.991798359,C0184,Smartphone,Electronics,South,5,40000,0.15,Debit Card,No,200000,30000.0,170000.0
O00934,2025-04-12 17:12:58.475695139,C0461,Smartphone,Electronics,South,3,40000,0.1,Cash,No,120000,12000.0,108000.0
O00935,2025-04-12 19:49:57.959591918,C0311,Smartphone,Electronics,West,2,40000,0.15,Cash,No,80000,12000.0,68000.0
O00936,2025-04-12 22:26:57.443488697,C0232,Headphones,Accessories,South,2,2500,0.1,Debit Card,No,5000,500.0,4500.0
O00937,2025-04-13 01:03:56.927385477,C0192,Tablet,Electronics,South,3,30000,0.15,Credit Card,No,90000,13500.0,76500.0
O00938,2025-04-13 03:40:56.411282256,C0143,Tablet,Electronics,West,3,30000,0.15,UPI,No,90000,13500.0,76500.0
O00939,2025-04-13 06:17:55.895179035,C0408,Webcam,Accessories,South,3,3500,0.05,Debit Card,No,10500,525.0,9975.0
O00940,2025-04-13 08:54:55.379075815,C0302,Keyboard,Accessories,North,3,2000,0.15,Credit Card,No,6000,900.0,5100.0
O00941,2025-04-13 11:31:54.862972594,C0396,Mouse,Accessories,West,2,800,0.0,Debit Card,No,1600,0.0,1600.0
O00942,2025-04-13 14:08:54.346869373,C0189,Laptop,Electronics,West,1,65000,0.1,UPI,No,65000,6500.0,58500.0
O00943,2025-04-13 16:45:53.830766153,C0496,Smartphone,Electronics,East,1,40000,0.15,UPI,No,40000,6000.0,34000.0
O00944,2025-04-13 19:22:53.314662932,C0255,Smartphone,Electronics,East,1,40000,0.15,Cash,No,40000,6000.0,34000.0
O00945,2025-04-13 21:59:52.798559712,C0169,Monitor,Electronics,East,1,15000,0.0,Credit Card,No,15000,0.0,15000.0
O00946,2025-04-14 00:36:52.282456491,C0025,Smartphone,Electronics,North,4,40000,0.0,UPI,No,160000,0.0,160000.0
O00947,2025-04-14 03:13:51.766353270,C0181,Keyboard,Accessories,East,1,2000,0.0,Cash,No,2000,0.0,2000.0
O00948,2025-04-14 05:50:51.250250050,C0234,Laptop,Electronics,North,5,65000,0.05,UPI,No,325000,16250.0,308750.0
O00949,2025-04-14 08:27:50.734146829,C0353,Headphones,Accessories,East,2,2500,0.15,Debit Card,No,5000,750.0,4250.0
O00950,2025-04-14 11:04:50.218043608,C0012,Webcam,Accessories,West,3,3500,0.05,Credit Card,No,10500,525.0,9975.0
O00951,2025-04-14 13:41:49.701940388,C0351,Laptop,Electronics,South,1,65000,0.05,UPI,No,65000,3250.0,61750.0
O00952,2025-04-14 16:18:49.185837167,C0296,Webcam,Accessories,South,5,3500,0.15,Cash,No,17500,2625.0,14875.0
O00953,2025-04-14 18:55:48.669733946,C0111,Keyboard,Accessories,South,2,2000,0.15,Debit Card,No,4000,600.0,3400.0
O00954,2025-04-14 21:32:48.153630726,C0418,Laptop,Electronics,West,2,65000,0.15,Credit Card,No,130000,19500.0,110500.0
O00955,2025-04-15 00:09:47.637527505,C0287,Mouse,Accessories,North,5,800,0.1,Cash,No,4000,400.0,3600.0
O00956,2025-04-15 02:46:47.121424284,C0045,Mouse,Accessories,South,2,800,0.15,Debit Card,No,1600,240.0,1360.0
O00957,2025-04-15 05:23:46.605321064,C0419,Headphones,Accessories,North,3,2500,0.05,UPI,No,7500,375.0,7125.0
O00958,2025-04-15 08:00:46.089217844,C0114,Mouse,Accessories,West,5,800,0.0,Debit Card,No,4000,0.0,4000.0
O00959,2025-04-15 10:37:45.573114622,C0446,Mouse,Accessories,East,1,800,0.0,UPI,No,800,0.0,800.0
O00960,2025-04-15 13:14:45.057011402,C0341,Monitor,Electronics,East,1,15000,0.1,Cash,No,15000,1500.0,13500.0
O00961,2025-04-15 15:51:44.540908182,C0159,Keyboard,Accessories,East,2,2000,0.15,Cash,No,4000,600.0,3400.0
O00962,2025-04-15 18:28:44.024804960,C0455,Monitor,Electronics,West,5,15000,0.1,UPI,No,75000,7500.0,67500.0
O00963,2025-04-15 21:05:43.508701740,C0385,Monitor,Electronics,South,2,15000,0.0,UPI,No,30000,0.0,30000.0
O00964,2025-04-15 23:42:42.992598520,C0416,Headphones,Accessories,North,5,2500,0.0,Cash,No,12500,0.0,12500.0
O00965,2025-04-16 02:19:42.476495298,C0051,Mouse,Accessories,South,2,800,0.0,Cash,No,1600,0.0,1600.0
O00966,2025-04-16 04:56:41.960392078,C0402,Keyboard,Accessories,North,5,2000,0.0,Credit Card,No,10000,0.0,10000.0
O00967,2025-04-16 07:33:41.444288858,C0294,Smartphone,Electronics,South,4,40000,0.05,Debit Card,No,160000,8000.0,152000.0
O00968,2025-04-16 10:10:40.928185636,C0239,Webcam,Accessories,North,3,3500,0.1,UPI,No,10500,1050.0,9450.0
O00969,2025-04-16 12:47:40.412082416,C0006,Webcam,Accessories,South,4,3500,0.15,UPI,No,14000,2100.0,11900.0
O00970,2025-04-16 15:24:39.895979196,C0428,Keyboard,Accessories,East,2,2000,0.0,UPI,No,4000,0.0,4000.0
O00971,2025-04-16 18:01:39.379875974,C0359,Monitor,Electronics,South,5,15000,0.05,Cash,No,75000,3750.0,71250.0
O00972,2025-04-16 20:38:38.863772754,C0210,Mouse,Accessories,West,3,800,0.0,Debit Card,No,2400,0.0,2400.0
O00973,2025-04-16 23:15:38.347669534,C0355,Headphones,Accessories,East,1,2500,0.0,UPI,No,2500,0.0,2500.0
O00974,2025-04-17 01:52:37.831566312,C0288,Headphones,Accessories,South,4,2500,0.1,Cash,No,10000,1000.0,9000.0
O00975,2025-04-17 04:29:37.315463092,C0056,Tablet,Electronics,South,2,30000,0.1,Credit Card,No,60000,6000.0,54000.0
O00976,2025-04-17 07:06:36.799359872,C0118,Smartphone,Electronics,North,2,40000,0.1,UPI,No,80000,8000.0,72000.0
O00977,2025-04-17 09:43:36.283256650,C0475,Keyboard,Accessories,North,1,2000,0.1,Debit Card,No,2000,200.0,1800.0
O00978,2025-04-17 12:20:35.767153430,C0091,Keyboard,Accessories,South,4,2000,0.05,Credit Card,No,8000,400.0,7600.0
O00979,2025-04-17 14:57:35.251050210,C0496,Mouse,Accessories,North,3,800,0.1,Credit Card,No,2400,240.0,2160.0
O00980,2025-04-17 17:34:34.734946990,C0198,Keyboard,Accessories,East,4,2000,0.1,Debit Card,No,8000,800.0,7200.0
O00981,2025-04-17 20:11:34.218843768,C0142,Tablet,Electronics,North,4,30000,0.0,Debit Card,No,120000,0.0,120000.0
O00982,2025-04-17 22:48:33.702740548,C0019,Tablet,Electronics,West,5,30000,0.1,Credit Card,No,150000,15000.0,135000.0
O00983,2025-04-18 01:25:33.186637328,C0105,Webcam,Accessories,North,4,3500,0.05,UPI,No,14000,700.0,13300.0
O00984,2025-04-18 04:02:32.670534106,C0041,Smartphone,Electronics,South,1,40000,0.0,Debit Card,Yes,40000,0.0,40000.0
O00985,2025-04-18 06:39:32.154430886,C0378,Headphones,Accessories,West,4,2500,0.0,Debit Card,No,10000,0.0,10000.0
O00986,2025-04-18 09:16:31.638327666,C0053,Webcam,Accessories,South,5,3500,0.0,Cash,No,17500,0.0,17500.0
O00987,2025-04-18 11:53:31.122224444,C0481,Tablet,Electronics,North,1,30000,0.0,Credit Card,No,30000,0.0,30000.0
O00988,2025-04-18 14:30:30.606121224,C0279,Mouse,Accessories,East,4,800,0.05,UPI,No,3200,160.0,3040.0
O00989,2025-04-18 17:07:30.090018004,C0275,Laptop,Electronics,East,5,65000,0.1,UPI,No,325000,32500.0,292500.0
O00990,2025-04-18 19:44:29.573914782,C0073,Mouse,Accessories,East,1,800,0.15,Debit Card,No,800,120.0,680.0
O00991,2025-04-18 22:21:29.057811562,C0207,Headphones,Accessories,South,3,2500,0.15,UPI,No,7500,1125.0,6375.0
O00992,2025-04-19 00:58:28.541708342,C0155,Mouse,Accessories,South,1,800,0.05,UPI,No,800,40.0,760.0
O00993,2025-04-19 03:35:28.025605120,C0059,Monitor,Electronics,North,5,15000,0.1,UPI,No,75000,7500.0,67500.0
O00994,2025-04-19 06:12:27.509501900,C0068,Smartphone,Electronics,East,3,40000,0.0,Credit Card,No,120000,0.0,120000.0
O00995,2025-04-19 08:49:26.993398680,C0380,Keyboard,Accessories,West,4,2000,0.0,Debit Card,No,8000,0.0,8000.0
O00996,2025-04-19 11:26:26.477295458,C0065,Headphones,Accessories,East,2,2500,0.1,Credit Card,No,5000,500.0,4500.0
O00997,2025-04-19 14:03:25.961192238,C0310,Webcam,Accessories,East,2,3500,0.05,Cash,No,7000,350.0,6650.0
O00998,2025-04-19 16:40:25.445089018,C0034,Mouse,Accessories,East,3,800,0.15,Cash,No,2400,360.0,2040.0
O00999,2025-04-19 19:17:24.928985796,C0369,Smartphone,Electronics,South,2,40000,0.0,Debit Card,No,80000,0.0,80000.0
O01000,2025-04-19 21:54:24.412882576,C0283,Mouse,Accessories,West,1,800,0.15,UPI,No,800,120.0,680.0
O01001,2025-04-20 00:31:23.896779356,C0137,Mouse,Accessories,North,2,800,0.15,Cash,No,1600,240.0,1360.0
O01002,2025-04-20 03:08:23.380676134,C0117,Smartphone,Electronics,South,3,40000,0.0,UPI,No,120000,0.0,120000.0
O01003,2025-04-20 05:45:22.864572914,C0484,Keyboard,Accessories,East,3,2000,0.15,Debit Card,No,6000,900.0,5100.0
O01004,2025-04-20 08:22:22.348469694,C0045,Mouse,Accessories,North,2,800,0.05,UPI,Yes,1600,80.0,1520.0
O01005,2025-04-20 10:59:21.832366472,C0197,Monitor,Electronics,West,4,15000,0.0,Debit Card,No,60000,0.0,60000.0
O01006,2025-04-20 13:36:21.316263252,C0091,Keyboard,Accessories,South,2,2000,0.05,Credit Card,Yes,4000,200.0,3800.0
O01007,2025-04-20 16:13:20.800160032,C0089,Keyboard,Accessories,South,5,2000,0.0,UPI,No,10000,0.0,10000.0
O01008,2025-04-20 18:50:20.284056810,C0187,Webcam,Accessories,North,3,3500,0.05,Credit Card,No,10500,525.0,9975.0
O01009,2025-04-20 21:27:19.767953590,C0482,Tablet,Electronics,West,2,30000,0.0,Credit Card,No,60000,0.0,60000.0
O01010,2025-04-21 00:04:19.251850370,C0298,Keyboard,Accessories,East,5,2000,0.0,Credit Card,No,10000,0.0,10000.0
O01011,2025-04-21 02:41:18.735747150,C0108,Smartphone,Electronics,South,5,40000,0.05,Debit Card,No,200000,10000.0,190000.0
O01012,2025-04-21 05:18:18.219643928,C0373,Keyboard,Accessories,West,1,2000,0.15,Debit Card,No,2000,300.0,1700.0
O01013,2025-04-21 07:55:17.703540708,C0373,Mouse,Accessories,North,2,800,0.0,Cash,No,1600,0.0,1600.0
O01014,2025-04-21 10:32:17.187437488,C0338,Webcam,Accessories,South,1,3500,0.0,Credit Card,No,3500,0.0,3500.0
O01015,2025-04-21 13:09:16.671334266,C0148,Laptop,Electronics,North,5,65000,0.0,Credit Card,No,325000,0.0,325000.0
O01016,2025-04-21 15:46:16.155231046,C0279,Monitor,Electronics,South,5,15000,0.1,Credit Card,No,75000,7500.0,67500.0
O01017,2025-04-21 18:23:15.639127826,C0118,Mouse,Accessories,North,1,800,0.05,Cash,No,800,40.0,760.0
O01018,2025-04-21 21:00:15.123024604,C0369,Headphones,Accessories,North,1,2500,0.0,Debit Card,No,2500,0.0,2500.0
O01019,2025-04-21 23:37:14.606921384,C0242,Monitor,Electronics,North,4,15000,0.1,UPI,No,60000,6000.0,54000.0
O01020,2025-04-22 02:14:14.090818164,C0492,Tablet,Electronics,North,5,30000,0.1,Credit Card,No,150000,15000.0,135000.0
O01021,2025-04-22 04:51:13.574714942,C0219,Headphones,Accessories,North,2,2500,0.0,Credit Card,No,5000,0.0,5000.0
O01022,2025-04-22 07:28:13.058611722,C0135,Monitor,Electronics,West,5,15000,0.05,UPI,No,75000,3750.0,71250.0
O01023,2025-04-22 10:05:12.542508502,C0150,Keyboard,Accessories,South,3,2000,0.15,Cash,No,6000,900.0,5100.0
O01024,2025-04-22 12:42:12.026405280,C0302,Webcam,Accessories,West,3,3500,0.0,UPI,No,10500,0.0,10500.0
O01025,2025-04-22 15:19:11.510302060,C0023,Headphones,Accessories,West,3,2500,0.1,Cash,No,7500,750.0,6750.0
O01026,2025-04-22 17:56:10.994198840,C0323,Smartphone,Electronics,West,1,40000,0.15,UPI,No,40000,6000.0,34000.0
O01027,2025-04-22 20:33:10.478095618,C0034,Headphones,Accessories,West,2,2500,0.15,Credit Card,No,5000,750.0,4250.0
O01028,2025-04-22 23:10:09.961992398,C0180,Laptop,Electronics,West,4,65000,0.1,UPI,No,260000,26000.0,234000.0
O01029,2025-04-23 01:47:09.445889178,C0245,Mouse,Accessories,South,2,800,0.05,Credit Card,No,1600,80.0,1520.0
O01030,2025-04-23 04:24:08.929785956,C0221,Monitor,Electronics,West,2,15000,0.1,Cash,No,30000,3000.0,27000.0
O01031,2025-04-23 07:01:08.413682736,C0035,Keyboard,Accessories,West,1,2000,0.0,Debit Card,No,2000,0.0,2000.0
O01032,2025-04-23 09:38:07.897579516,C0389,Keyboard,Accessories,North,3,2000,0.0,UPI,No,6000,0.0,6000.0
O01033,2025-04-23 12:15:07.381476294,C0300,Laptop,Electronics,South,3,65000,0.0,UPI,No,195000,0.0,195000.0
O01034,2025-04-23 14:52:06.865373074,C0196,Laptop,Electronics,West,1,65000,0.0,UPI,No,65000,0.0,65000.0
O01035,2025-04-23 17:29:06.349269854,C0267,Smartphone,Electronics,East,2,40000,0.0,Debit Card,Yes,80000,0.0,80000.0
O01036,2025-04-23 20:06:05.833166632,C0143,Monitor,Electronics,South,4,15000,0.0,UPI,No,60000,0.0,60000.0
O01037,2025-04-23 22:43:05.317063412,C0301,Smartphone,Electronics,East,3,40000,0.15,Credit Card,No,120000,18000.0,102000.0
O01038,2025-04-24 01:20:04.800960192,C0067,Tablet,Electronics,North,2,30000,0.15,Cash,No,60000,9000.0,51000.0
O01039,2025-04-24 03:57:04.284856970,C0030,Monitor,Electronics,East,3,15000,0.15,Cash,No,45000,6750.0,38250.0
O01040,2025-04-24 06:34:03.768753750,C0026,Tablet,Electronics,East,3,30000,0.0,Credit Card,No,90000,0.0,90000.0
O01041,2025-04-24 09:11:03.252650530,C0182,Smartphone,Electronics,West,4,40000,0.0,Credit Card,No,160000,0.0,160000.0
O01042,2025-04-24 11:48:02.736547310,C0047,Laptop,Electronics,South,1,65000,0.0,Debit Card,No,65000,0.0,65000.0
O01043,2025-04-24 14:25:02.220444088,C0490,Smartphone,Electronics,South,3,40000,0.05,UPI,No,120000,6000.0,114000.0
O01044,2025-04-24 17:02:01.704340868,C0026,Tablet,Electronics,West,5,30000,0.1,Debit Card,No,150000,15000.0,135000.0
O01045,2025-04-24 19:39:01.188237648,C0321,Mouse,Accessories,South,5,800,0.05,UPI,No,4000,200.0,3800.0
O01046,2025-04-24 22:16:00.672134426,C0314,Smartphone,Electronics,South,4,40000,0.05,UPI,No,160000,8000.0,152000.0
O01047,2025-04-25 00:53:00.156031206,C0081,Tablet,Electronics,North,4,30000,0.0,Debit Card,No,120000,0.0,120000.0
O01048,2025-04-25 03:29:59.639927986,C0128,Mouse,Accessories,South,3,800,0.15,Cash,No,2400,360.0,2040.0
O01049,2025-04-25 06:06:59.123824764,C0036,Webcam,Accessories,East,1,3500,0.15,Debit Card,No,3500,525.0,2975.0
O01050,2025-04-25 08:43:58.607721544,C0372,Laptop,Electronics,North,5,65000,0.0,Debit Card,No,325000,0.0,325000.0
O01051,2025-04-25 11:20:58.091618324,C0313,Laptop,Electronics,North,1,65000,0.15,Credit Card,No,65000,9750.0,55250.0
O01052,2025-04-25 13:57:57.575515102,C0158,Monitor,Electronics,North,1,15000,0.05,Debit Card,No,15000,750.0,14250.0
O01053,2025-04-25 16:34:57.059411882,C0335,Webcam,Accessories,West,5,3500,0.15,Debit Card,No,17500,2625.0,14875.0
O01054,2025-04-25 19:11:56.543308662,C0086,Monitor,Electronics,West,5,15000,0.05,Cash,No,75000,3750.0,71250.0
O01055,2025-04-25 21:48:56.027205440,C0051,Mouse,Accessories,North,2,800,0.15,Cash,No,1600,240.0,1360.0
O01056,2025-04-26 00:25:55.511102220,C0445,Laptop,Electronics,South,1,65000,0.05,Credit Card,No,65000,3250.0,61750.0
O01057,2025-04-26 03:02:54.994999000,C0166,Webcam,Accessories,South,4,3500,0.1,UPI,No,14000,1400.0,12600.0
O01058,2025-04-26 05:39:54.478895778,C0051,Mouse,Accessories,North,4,800,0.15,UPI,No,3200,480.0,2720.0
O01059,2025-04-26 08:16:53.962792558,C0153,Headphones,Accessories,East,5,2500,0.15,UPI,No,12500,1875.0,10625.0
O01060,2025-04-26 10:53:53.446689338,C0267,Mouse,Accessories,East,5,800,0.15,Debit Card,No,4000,600.0,3400.0
O01061,2025-04-26 13:30:52.930586116,C0223,Headphones,Accessories,West,1,2500,0.15,Cash,Yes,2500,375.0,2125.0
O01062,2025-04-26 16:07:52.414482896,C0104,Smartphone,Electronics,East,4,40000,0.0,UPI,No,160000,0.0,160000.0
O01063,2025-04-26 18:44:51.898379676,C0245,Webcam,Accessories,North,2,3500,0.1,Credit Card,No,7000,700.0,6300.0
O01064,2025-04-26 21:21:51.382276454,C0195,Monitor,Electronics,South,5,15000,0.1,UPI,No,75000,7500.0,67500.0
O01065,2025-04-26 23:58:50.866173234,C0074,Smartphone,Electronics,South,4,40000,0.15,UPI,No,160000,24000.0,136000.0
O01066,2025-04-27 02:35:50.350070014,C0117,Headphones,Accessories,South,3,2500,0.1,Debit Card,No,7500,750.0,6750.0
O01067,2025-04-27 05:12:49.833966792,C0254,Headphones,Accessories,South,4,2500,0.05,UPI,No,10000,500.0,9500.0
O01068,2025-04-27 07:49:49.317863572,C0170,Laptop,Electronics,East,2,65000,0.1,Cash,No,130000,13000.0,117000.0
O01069,2025-04-27 10:26:48.801760352,C0013,Keyboard,Accessories,West,4,2000,0.0,Debit Card,No,8000,0.0,8000.0
O01070,2025-04-27 13:03:48.285657130,C0431,Tablet,Electronics,West,1,30000,0.1,Debit Card,No,30000,3000.0,27000.0
O01071,2025-04-27 15:40:47.769553910,C0269,Webcam,Accessories,West,5,3500,0.05,Credit Card,No,17500,875.0,16625.0
O01072,2025-04-27 18:17:47.253450690,C0032,Headphones,Accessories,West,2,2500,0.15,Credit Card,No,5000,750.0,4250.0
O01073,2025-04-27 20:54:46.737347470,C0182,Headphones,Accessories,North,2,2500,0.0,UPI,No,5000,0.0,5000.0
O01074,2025-04-27 23:31:46.221244248,C0304,Laptop,Electronics,North,4,65000,0.1,Credit Card,No,260000,26000.0,234000.0
O01075,2025-04-28 02:08:45.705141028,C0265,Webcam,Accessories,West,1,3500,0.1,UPI,No,3500,350.0,3150.0
O01076,2025-04-28 04:45:45.189037808,C0462,Keyboard,Accessories,West,3,2000,0.0,UPI,No,6000,0.0,6000.0
O01077,2025-04-28 07:22:44.672934586,C0058,Mouse,Accessories,North,1,800,0.15,Credit Card,Yes,800,120.0,680.0
O01078,2025-04-28 09:59:44.156831366,C0023,Headphones,Accessories,South,1,2500,0.1,Cash,No,2500,250.0,2250.0
O01079,2025-04-28 12:36:43.640728146,C0409,Mouse,Accessories,East,2,800,0.1,UPI,No,1600,160.0,1440.0
O01080,2025-04-28 15:13:43.124624924,C0318,Headphones,Accessories,West,1,2500,0.1,UPI,No,2500,250.0,2250.0
O01081,2025-04-28 17:50:42.608521704,C0407,Headphones,Accessories,East,1,2500,0.05,Credit Card,No,2500,125.0,2375.0
O01082,2025-04-28 20:27:42.092418484,C0113,Laptop,Electronics,South,4,65000,0.0,Cash,No,260000,0.0,260000.0
O01083,2025-04-28 23:04:41.576315262,C0345,Webcam,Accessories,North,1,3500,0.15,Credit Card,No,3500,525.0,2975.0
O01084,2025-04-29 01:41:41.060212042,C0158,Keyboard,Accessories,South,5,2000,0.05,Debit Card,No,10000,500.0,9500.0
O01085,2025-04-29 04:18:40.544108822,C0115,Smartphone,Electronics,South,5,40000,0.15,Cash,No,200000,30000.0,170000.0
O01086,2025-04-29 06:55:40.028005600,C0102,Laptop,Electronics,South,3,65000,0.05,Credit Card,No,195000,9750.0,185250.0
O01087,2025-04-29 09:32:39.511902380,C0457,Laptop,Electronics,West,3,65000,0.15,Credit Card,Yes,195000,29250.0,165750.0
O01088,2025-04-29 12:09:38.995799160,C0115,Headphones,Accessories,South,4,2500,0.15,Credit Card,No,10000,1500.0,8500.0
O01089,2025-04-29 14:46:38.479695938,C0202,Headphones,Accessories,West,1,2500,0.15,Debit Card,No,2500,375.0,2125.0
O01090,2025-04-29 17:23:37.963592718,C0279,Monitor,Electronics,East,4,15000,0.05,Credit Card,No,60000,3000.0,57000.0
O01091,2025-04-29 20:00:37.447489498,C0372,Smartphone,Electronics,East,4,40000,0.15,Credit Card,No,160000,24000.0,136000.0
O01092,2025-04-29 22:37:36.931386276,C0386,Tablet,Electronics,North,4,30000,0.15,UPI,No,120000,18000.0,102000.0
O01093,2025-04-30 01:14:36.415283056,C0049,Keyboard,Accessories,North,5,2000,0.1,Credit Card,No,10000,1000.0,9000.0
O01094,2025-04-30 03:51:35.899179836,C0389,Keyboard,Accessories,East,1,2000,0.1,Cash,No,2000,200.0,1800.0
O01095,2025-04-30 06:28:35.383076614,C0228,Mouse,Accessories,West,2,800,0.1,UPI,No,1600,160.0,1440.0
O01096,2025-04-30 09:05:34.866973394,C0423,Monitor,Electronics,North,1,15000,0.1,Cash,No,15000,1500.0,13500.0
O01097,2025-04-30 11:42:34.350870174,C0101,Monitor,Electronics,South,1,15000,0.15,Cash,No,15000,2250.0,12750.0
O01098,2025-04-30 14:19:33.834766952,C0293,Headphones,Accessories,West,2,2500,0.1,Cash,No,5000,500.0,4500.0
O01099,2025-04-30 16:56:33.318663732,C0129,Webcam,Accessories,East,5,3500,0.15,Credit Card,No,17500,2625.0,14875.0
O01100,2025-04-30 19:33:32.802560512,C0449,Tablet,Electronics,North,3,30000,0.05,UPI,No,90000,4500.0,85500.0
O01101,2025-04-30 22:10:32.286457292,C0159,Tablet,Electronics,South,2,30000,0.05,Cash,No,60000,3000.0,57000.0
O01102,2025-05-01 00:47:31.770354070,C0199,Smartphone,Electronics,North,4,40000,0.15,Cash,No,160000,24000.0,136000.0
O01103,2025-05-01 03:24:31.254250850,C0035,Mouse,Accessories,West,4,800,0.1,Credit Card,No,3200,320.0,2880.0
O01104,2025-05-01 06:01:30.738147630,C0106,Keyboard,Accessories,South,3,2000,0.05,Cash,No,6000,300.0,5700.0
O01105,2025-05-01 08:38:30.222044408,C0448,Tablet,Electronics,West,4,30000,0.0,Cash,No,120000,0.0,120000.0
O01106,2025-05-01 11:15:29.705941188,C0404,Monitor,Electronics,West,4,15000,0.15,Credit Card,No,60000,9000.0,51000.0
O01107,2025-05-01 13:52:29.189837968,C0455,Smartphone,Electronics,South,4,40000,0.1,Debit Card,No,160000,16000.0,144000.0
O01108,2025-05-01 16:29:28.673734746,C0405,Monitor,Electronics,North,2,15000,0.1,UPI,No,30000,3000.0,27000.0
O01109,2025-05-01 19:06:28.157631526,C0142,Mouse,Accessories,West,3,800,0.15,UPI,No,2400,360.0,2040.0
O01110,2025-05-01 21:43:27.641528306,C0474,Smartphone,Electronics,North,2,40000,0.15,Debit Card,No,80000,12000.0,68000.0
O01111,2025-05-02 00:20:27.125425084,C0310,Tablet,Electronics,North,1,30000,0.15,Debit Card,No,30000,4500.0,25500.0
O01112,2025-05-02 02:57:26.609321864,C0225,Webcam,Accessories,North,1,3500,0.05,Debit Card,Yes,3500,175.0,3325.0
O01113,2025-05-02 05:34:26.093218644,C0185,Mouse,Accessories,South,2,800,0.05,UPI,No,1600,80.0,1520.0
O01114,2025-05-02 08:11:25.577115422,C0416,Mouse,Accessories,West,5,800,0.15,Cash,No,4000,600.0,3400.0
O01115,2025-05-02 10:48:25.061012202,C0245,Headphones,Accessories,East,2,2500,0.1,UPI,Yes,5000,500.0,4500.0
O01116,2025-05-02 13:25:24.544908982,C0452,Laptop,Electronics,West,3,65000,0.05,UPI,No,195000,9750.0,185250.0
O01117,2025-05-02 16:02:24.028805760,C0067,Laptop,Electronics,East,5,65000,0.15,UPI,No,325000,48750.0,276250.0
O01118,2025-05-02 18:39:23.512702540,C0304,Smartphone,Electronics,North,5,40000,0.0,Credit Card,No,200000,0.0,200000.0
O01119,2025-05-02 21:16:22.996599320,C0416,Smartphone,Electronics,South,1,40000,0.0,Cash,No,40000,0.0,40000.0
O01120,2025-05-02 23:53:22.480496098,C0452,Laptop,Electronics,West,3,65000,0.1,Credit Card,No,195000,19500.0,175500.0
O01121,2025-05-03 02:30:21.964392878,C0198,Keyboard,Accessories,North,1,2000,0.05,UPI,No,2000,100.0,1900.0
O01122,2025-05-03 05:07:21.448289658,C0423,Headphones,Accessories,East,3,2500,0.0,UPI,No,7500,0.0,7500.0
O01123,2025-05-03 07:44:20.932186436,C0351,Monitor,Electronics,North,2,15000,0.0,Credit Card,No,30000,0.0,30000.0
O01124,2025-05-03 10:21:20.416083216,C0316,Tablet,Electronics,East,5,30000,0.15,UPI,No,150000,22500.0,127500.0
O01125,2025-05-03 12:58:19.899979996,C0498,Smartphone,Electronics,West,4,40000,0.05,Debit Card,No,160000,8000.0,152000.0
O01126,2025-05-03 15:35:19.383876774,C0307,Smartphone,Electronics,East,2,40000,0.05,Debit Card,No,80000,4000.0,76000.0
O01127,2025-05-03 18:12:18.867773554,C0211,Monitor,Electronics,North,5,15000,0.05,UPI,No,75000,3750.0,71250.0
O01128,2025-05-03 20:49:18.351670334,C0003,Monitor,Electronics,West,5,15000,0.15,Cash,No,75000,11250.0,63750.0
O01129,2025-05-03 23:26:17.835567112,C0117,Laptop,Electronics,East,4,65000,0.15,Cash,No,260000,39000.0,221000.0
O01130,2025-05-04 02:03:17.319463892,C0441,Mouse,Accessories,South,3,800,0.05,UPI,No,2400,120.0,2280.0
O01131,2025-05-04 04:40:16.803360672,C0312,Keyboard,Accessories,North,5,2000,0.0,Debit Card,No,10000,0.0,10000.0
O01132,2025-05-04 07:17:16.287257452,C0194,Mouse,Accessories,West,4,800,0.15,Credit Card,No,3200,480.0,2720.0
O01133,2025-05-04 09:54:15.771154230,C0089,Monitor,Electronics,South,1,15000,0.05,Credit Card,No,15000,750.0,14250.0
O01134,2025-05-04 12:31:15.255051010,C0246,Keyboard,Accessories,North,2,2000,0.0,UPI,No,4000,0.0,4000.0
O01135,2025-05-04 15:08:14.738947790,C0160,Webcam,Accessories,South,5,3500,0.15,Cash,No,17500,2625.0,14875.0
O01136,2025-05-04 17:45:14.222844568,C0283,Smartphone,Electronics,East,5,40000,0.0,UPI,No,200000,0.0,200000.0
O01137,2025-05-04 20:22:13.706741348,C0054,Laptop,Electronics,West,5,65000,0.0,Debit Card,No,325000,0.0,325000.0
O01138,2025-05-04 22:59:13.190638128,C0002,Keyboard,Accessories,West,1,2000,0.15,Credit Card,No,2000,300.0,1700.0
O01139,2025-05-05 01:36:12.674534906,C0130,Webcam,Accessories,North,2,3500,0.05,Credit Card,No,7000,350.0,6650.0
O01140,2025-05-05 04:13:12.158431686,C0310,Monitor,Electronics,North,3,15000,0.0,Cash,No,45000,0.0,45000.0
O01141,2025-05-05 06:50:11.642328466,C0175,Headphones,Accessories,West,5,2500,0.15,Credit Card,No,12500,1875.0,10625.0
O01142,2025-05-05 09:27:11.126225244,C0137,Monitor,Electronics,North,5,15000,0.05,Credit Card,No,75000,3750.0,71250.0
O01143,2025-05-05 12:04:10.610122024,C0361,Tablet,Electronics,West,5,30000,0.1,Credit Card,No,150000,15000.0,135000.0
O01144,2025-05-05 14:41:10.094018804,C0186,Mouse,Accessories,West,2,800,0.1,Cash,No,1600,160.0,1440.0
O01145,2025-05-05 17:18:09.577915582,C0016,Laptop,Electronics,North,4,65000,0.1,UPI,No,260000,26000.0,234000.0
O01146,2025-05-05 19:55:09.061812362,C0469,Mouse,Accessories,South,2,800,0.1,UPI,No,1600,160.0,1440.0
O01147,2025-05-05 22:32:08.545709142,C0100,Tablet,Electronics,North,3,30000,0.0,Cash,No,90000,0.0,90000.0
O01148,2025-05-06 01:09:08.029605920,C0133,Keyboard,Accessories,West,3,2000,0.05,Cash,No,6000,300.0,5700.0
O01149,2025-05-06 03:46:07.513502700,C0413,Tablet,Electronics,North,1,30000,0.05,UPI,No,30000,1500.0,28500.0
O01150,2025-05-06 06:23:06.997399480,C0121,Smartphone,Electronics,East,4,40000,0.0,Cash,Yes,160000,0.0,160000.0
O01151,2025-05-06 09:00:06.481296258,C0235,Monitor,Electronics,South,3,15000,0.05,Credit Card,No,45000,2250.0,42750.0
O01152,2025-05-06 11:37:05.965193038,C0440,Monitor,Electronics,South,2,15000,0.15,Debit Card,No,30000,4500.0,25500.0
O01153,2025-05-06 14:14:05.449089818,C0271,Monitor,Electronics,West,1,15000,0.05,Credit Card,No,15000,750.0,14250.0
O01154,2025-05-06 16:51:04.932986596,C0263,Headphones,Accessories,South,4,2500,0.0,Debit Card,No,10000,0.0,10000.0
O01155,2025-05-06 19:28:04.416883376,C0130,Webcam,Accessories,South,1,3500,0.15,Credit Card,No,3500,525.0,2975.0
O01156,2025-05-06 22:05:03.900780156,C0448,Laptop,Electronics,East,5,65000,0.1,Credit Card,No,325000,32500.0,292500.0
O01157,2025-05-07 00:42:03.384676934,C0439,Tablet,Electronics,East,2,30000,0.15,UPI,No,60000,9000.0,51000.0
O01158,2025-05-07 03:19:02.868573714,C0056,Headphones,Accessories,North,1,2500,0.0,UPI,No,2500,0.0,2500.0
O01159,2025-05-07 05:56:02.352470494,C0199,Tablet,Electronics,West,1,30000,0.05,Credit Card,No,30000,1500.0,28500.0
O01160,2025-05-07 08:33:01.836367272,C0177,Monitor,Electronics,East,3,15000,0.15,Credit Card,No,45000,6750.0,38250.0
O01161,2025-05-07 11:10:01.320264052,C0219,Smartphone,Electronics,East,5,40000,0.15,UPI,No,200000,30000.0,170000.0
O01162,2025-05-07 13:47:00.804160832,C0274,Laptop,Electronics,East,4,65000,0.05,UPI,No,260000,13000.0,247000.0
O01163,2025-05-07 16:24:00.288057612,C0027,Keyboard,Accessories,West,2,2000,0.0,UPI,No,4000,0.0,4000.0
O01164,2025-05-07 19:00:59.771954390,C0052,Tablet,Electronics,East,2,30000,0.15,Cash,No,60000,9000.0,51000.0
O01165,2025-05-07 21:37:59.255851170,C0217,Laptop,Electronics,North,5,65000,0.05,UPI,Yes,325000,16250.0,308750.0
O01166,2025-05-08 00:14:58.739747950,C0101,Monitor,Electronics,West,4,15000,0.1,UPI,No,60000,6000.0,54000.0
O01167,2025-05-08 02:51:58.223644728,C0432,Headphones,Accessories,South,2,2500,0.15,Credit Card,No,5000,750.0,4250.0
O01168,2025-05-08 05:28:57.707541508,C0441,Headphones,Accessories,South,3,2500,0.15,Debit Card,No,7500,1125.0,6375.0
O01169,2025-05-08 08:05:57.191438288,C0177,Mouse,Accessories,East,2,800,0.15,Debit Card,No,1600,240.0,1360.0
O01170,2025-05-08 10:42:56.675335066,C0241,Keyboard,Accessories,East,5,2000,0.05,UPI,No,10000,500.0,9500.0
O01171,2025-05-08 13:19:56.159231846,C0421,Smartphone,Electronics,East,2,40000,0.0,Credit Card,No,80000,0.0,80000.0
O01172,2025-05-08 15:56:55.643128626,C0117,Laptop,Electronics,West,4,65000,0.0,UPI,No,260000,0.0,260000.0
O01173,2025-05-08 18:33:55.127025404,C0296,Monitor,Electronics,South,5,15000,0.1,Cash,Yes,75000,7500.0,67500.0
O01174,2025-05-08 21:10:54.610922184,C0294,Mouse,Accessories,West,4,800,0.1,Debit Card,No,3200,320.0,2880.0
O01175,2025-05-08 23:47:54.094818964,C0149,Smartphone,Electronics,West,2,40000,0.0,UPI,No,80000,0.0,80000.0
O01176,2025-05-09 02:24:53.578715742,C0300,Smartphone,Electronics,North,5,40000,0.1,Debit Card,No,200000,20000.0,180000.0
O01177,2025-05-09 05:01:53.062612522,C0426,Webcam,Accessories,South,1,3500,0.05,Debit Card,No,3500,175.0,3325.0
O01178,2025-05-09 07:38:52.546509302,C0335,Mouse,Accessories,North,5,800,0.1,Credit Card,No,4000,400.0,3600.0
O01179,2025-05-09 10:15:52.030406080,C0247,Laptop,Electronics,West,2,65000,0.05,Credit Card,No,130000,6500.0,123500.0
O01180,2025-05-09 12:52:51.514302860,C0254,Headphones,Accessories,South,5,2500,0.15,Debit Card,No,12500,1875.0,10625.0
O01181,2025-05-09 15:29:50.998199640,C0253,Laptop,Electronics,South,2,65000,0.0,UPI,No,130000,0.0,130000.0
O01182,2025-05-09 18:06:50.482096418,C0425,Smartphone,Electronics,West,1,40000,0.1,Credit Card,No,40000,4000.0,36000.0
O01183,2025-05-09 20:43:49.965993198,C0375,Tablet,Electronics,West,3,30000,0.1,UPI,No,90000,9000.0,81000.0
O01184,2025-05-09 23:20:49.449889978,C0411,Mouse,Accessories,West,4,800,0.1,UPI,No,3200,320.0,2880.0
O01185,2025-05-10 01:57:48.933786756,C0178,Webcam,Accessories,East,4,3500,0.1,Credit Card,No,14000,1400.0,12600.0
O01186,2025-05-10 04:34:48.417683536,C0299,Keyboard,Accessories,West,5,2000,0.1,Debit Card,No,10000,1000.0,9000.0
O01187,2025-05-10 07:11:47.901580316,C0464,Keyboard,Accessories,South,1,2000,0.15,Debit Card,No,2000,300.0,1700.0
O01188,2025-05-10 09:48:47.385477094,C0230,Headphones,Accessories,South,4,2500,0.05,Credit Card,No,10000,500.0,9500.0
O01189,2025-05-10 12:25:46.869373874,C0127,Laptop,Electronics,East,5,65000,0.0,UPI,No,325000,0.0,325000.0
O01190,2025-05-10 15:02:46.353270654,C0395,Tablet,Electronics,East,3,30000,0.1,UPI,No,90000,9000.0,81000.0
O01191,2025-05-10 17:39:45.837167434,C0353,Headphones,Accessories,East,2,2500,0.15,Cash,No,5000,750.0,4250.0
O01192,2025-05-10 20:16:45.321064212,C0131,Webcam,Accessories,North,2,3500,0.0,Cash,No,7000,0.0,7000.0
O01193,2025-05-10 22:53:44.804960992,C0387,Laptop,Electronics,East,2,65000,0.1,Credit Card,No,130000,13000.0,117000.0
O01194,2025-05-11 01:30:44.288857772,C0426,Headphones,Accessories,East,5,2500,0.15,UPI,No,12500,1875.0,10625.0
O01195,2025-05-11 04:07:43.772754550,C0038,Smartphone,Electronics,North,3,40000,0.15,Cash,No,120000,18000.0,102000.0
O01196,2025-05-11 06:44:43.256651330,C0364,Keyboard,Accessories,East,4,2000,0.1,Credit Card,No,8000,800.0,7200.0
O01197,2025-05-11 09:21:42.740548110,C0085,Mouse,Accessories,North,2,800,0.1,Credit Card,Yes,1600,160.0,1440.0
O01198,2025-05-11 11:58:42.224444888,C0154,Headphones,Accessories,East,1,2500,0.15,Debit Card,No,2500,375.0,2125.0
O01199,2025-05-11 14:35:41.708341668,C0054,Headphones,Accessories,North,5,2500,0.1,UPI,Yes,12500,1250.0,11250.0
O01200,2025-05-11 17:12:41.192238448,C0036,Webcam,Accessories,East,4,3500,0.0,Debit Card,No,14000,0.0,14000.0
O01201,2025-05-11 19:49:40.676135226,C0099,Monitor,Electronics,North,3,15000,0.1,Cash,No,45000,4500.0,40500.0
O01202,2025-05-11 22:26:40.160032006,C0324,Laptop,Electronics,South,3,65000,0.05,Cash,No,195000,9750.0,185250.0
O01203,2025-05-12 01:03:39.643928786,C0038,Headphones,Accessories,East,1,2500,0.1,Debit Card,No,2500,250.0,2250.0
O01204,2025-05-12 03:40:39.127825564,C0435,Keyboard,Accessories,South,5,2000,0.1,Cash,No,10000,1000.0,9000.0
O01205,2025-05-12 06:17:38.611722344,C0038,Keyboard,Accessories,North,3,2000,0.05,UPI,No,6000,300.0,5700.0
O01206,2025-05-12 08:54:38.095619124,C0250,Headphones,Accessories,West,1,2500,0.15,Cash,No,2500,375.0,2125.0
O01207,2025-05-12 11:31:37.579515902,C0388,Laptop,Electronics,North,4,65000,0.0,UPI,No,260000,0.0,260000.0
O01208,2025-05-12 14:08:37.063412682,C0089,Webcam,Accessories,East,4,3500,0.0,Cash,No,14000,0.0,14000.0
O01209,2025-05-12 16:45:36.547309462,C0487,Webcam,Accessories,East,5,3500,0.05,UPI,No,17500,875.0,16625.0
O01210,2025-05-12 19:22:36.031206240,C0165,Tablet,Electronics,West,3,30000,0.05,Debit Card,No,90000,4500.0,85500.0
O01211,2025-05-12 21:59:35.515103020,C0226,Keyboard,Accessories,South,4,2000,0.0,UPI,No,8000,0.0,8000.0
O01212,2025-05-13 00:36:34.998999800,C0073,Keyboard,Accessories,East,3,2000,0.05,Cash,No,6000,300.0,5700.0
O01213,2025-05-13 03:13:34.482896578,C0097,Webcam,Accessories,East,4,3500,0.0,UPI,No,14000,0.0,14000.0
O01214,2025-05-13 05:50:33.966793358,C0145,Headphones,Accessories,East,4,2500,0.05,UPI,No,10000,500.0,9500.0
O01215,2025-05-13 08:27:33.450690138,C0386,Keyboard,Accessories,South,4,2000,0.15,UPI,No,8000,1200.0,6800.0
O01216,2025-05-13 11:04:32.934586916,C0174,Mouse,Accessories,East,5,800,0.0,Debit Card,No,4000,0.0,4000.0
O01217,2025-05-13 13:41:32.418483696,C0364,Keyboard,Accessories,South,4,2000,0.15,UPI,No,8000,1200.0,6800.0
O01218,2025-05-13 16:18:31.902380476,C0461,Tablet,Electronics,West,3,30000,0.1,Debit Card,No,90000,9000.0,81000.0
O01219,2025-05-13 18:55:31.386277254,C0298,Smartphone,Electronics,North,1,40000,0.15,UPI,No,40000,6000.0,34000.0
O01220,2025-05-13 21:32:30.870174034,C0252,Mouse,Accessories,West,5,800,0.1,Cash,No,4000,400.0,3600.0
O01221,2025-05-14 00:09:30.354070814,C0189,Laptop,Electronics,North,1,65000,0.1,Cash,No,65000,6500.0,58500.0
O01222,2025-05-14 02:46:29.837967594,C0248,Webcam,Accessories,North,3,3500,0.15,Cash,No,10500,1575.0,8925.0
O01223,2025-05-14 05:23:29.321864372,C0376,Monitor,Electronics,East,2,15000,0.0,Credit Card,No,30000,0.0,30000.0
O01224,2025-05-14 08:00:28.805761152,C0240,Smartphone,Electronics,North,4,40000,0.15,Debit Card,No,160000,24000.0,136000.0
O01225,2025-05-14 10:37:28.289657932,C0273,Webcam,Accessories,South,4,3500,0.0,Credit Card,No,14000,0.0,14000.0
O01226,2025-05-14 13:14:27.773554710,C0025,Tablet,Electronics,South,4,30000,0.0,Cash,No,120000,0.0,120000.0
O01227,2025-05-14 15:51:27.257451490,C0127,Smartphone,Electronics,North,2,40000,0.15,Cash,No,80000,12000.0,68000.0
O01228,2025-05-14 18:28:26.741348270,C0099,Smartphone,Electronics,South,1,40000,0.15,Credit Card,No,40000,6000.0,34000.0
O01229,2025-05-14 21:05:26.225245048,C0330,Headphones,Accessories,West,1,2500,0.1,Cash,No,2500,250.0,2250.0
O01230,2025-05-14 23:42:25.709141828,C0226,Tablet,Electronics,West,4,30000,0.0,Debit Card,No,120000,0.0,120000.0
O01231,2025-05-15 02:19:25.193038608,C0185,Headphones,Accessories,North,2,2500,0.1,Cash,No,5000,500.0,4500.0
O01232,2025-05-15 04:56:24.676935386,C0328,Mouse,Accessories,East,5,800,0.15,Debit Card,No,4000,600.0,3400.0
O01233,2025-05-15 07:33:24.160832166,C0277,Mouse,Accessories,South,5,800,0.15,Cash,No,4000,600.0,3400.0
O01234,2025-05-15 10:10:23.644728946,C0174,Tablet,Electronics,West,2,30000,0.15,Debit Card,No,60000,9000.0,51000.0
O01235,2025-05-15 12:47:23.128625724,C0316,Laptop,Electronics,West,1,65000,0.15,Credit Card,No,65000,9750.0,55250.0
O01236,2025-05-15 15:24:22.612522504,C0298,Laptop,Electronics,West,5,65000,0.15,Cash,No,325000,48750.0,276250.0
O01237,2025-05-15 18:01:22.096419284,C0364,Headphones,Accessories,West,3,2500,0.15,Debit Card,No,7500,1125.0,6375.0
O01238,2025-05-15 20:38:21.580316062,C0050,Keyboard,Accessories,North,4,2000,0.0,Credit Card,Yes,8000,0.0,8000.0
O01239,2025-05-15 23:15:21.064212842,C0266,Smartphone,Electronics,East,1,40000,0.0,Credit Card,No,40000,0.0,40000.0
O01240,2025-05-16 01:52:20.548109622,C0446,Mouse,Accessories,West,1,800,0.0,Debit Card,No,800,0.0,800.0
O01241,2025-05-16 04:29:20.032006400,C0104,Laptop,Electronics,East,3,65000,0.15,Cash,No,195000,29250.0,165750.0
O01242,2025-05-16 07:06:19.515903180,C0075,Headphones,Accessories,North,5,2500,0.05,Credit Card,No,12500,625.0,11875.0
O01243,2025-05-16 09:43:18.999799960,C0243,Smartphone,Electronics,South,5,40000,0.1,Credit Card,No,200000,20000.0,180000.0
O01244,2025-05-16 12:20:18.483696738,C0250,Monitor,Electronics,East,4,15000,0.05,Debit Card,No,60000,3000.0,57000.0
O01245,2025-05-16 14:57:17.967593518,C0280,Webcam,Accessories,East,5,3500,0.0,Debit Card,No,17500,0.0,17500.0
O01246,2025-05-16 17:34:17.451490298,C0246,Headphones,Accessories,South,4,2500,0.15,UPI,No,10000,1500.0,8500.0
O01247,2025-05-16 20:11:16.935387076,C0486,Smartphone,Electronics,North,3,40000,0.15,UPI,No,120000,18000.0,102000.0
O01248,2025-05-16 22:48:16.419283856,C0104,Headphones,Accessories,North,4,2500,0.1,Cash,No,10000,1000.0,9000.0
O01249,2025-05-17 01:25:15.903180636,C0157,Webcam,Accessories,North,3,3500,0.05,Debit Card,No,10500,525.0,9975.0
O01250,2025-05-17 04:02:15.387077414,C0168,Laptop,Electronics,East,4,65000,0.1,Credit Card,No,260000,26000.0,234000.0
O01251,2025-05-17 06:39:14.870974194,C0425,Smartphone,Electronics,North,4,40000,0.05,Credit Card,No,160000,8000.0,152000.0
O01252,2025-05-17 09:16:14.354870974,C0111,Smartphone,Electronics,East,3,40000,0.05,Debit Card,No,120000,6000.0,114000.0
O01253,2025-05-17 11:53:13.838767754,C0287,Headphones,Accessories,South,3,2500,0.05,Cash,No,7500,375.0,7125.0
O01254,2025-05-17 14:30:13.322664532,C0033,Webcam,Accessories,West,1,3500,0.15,Cash,No,3500,525.0,2975.0
O01255,2025-05-17 17:07:12.806561312,C0034,Tablet,Electronics,North,4,30000,0.05,Credit Card,No,120000,6000.0,114000.0
O01256,2025-05-17 19:44:12.290458092,C0074,Laptop,Electronics,South,2,65000,0.15,UPI,Yes,130000,19500.0,110500.0
O01257,2025-05-17 22:21:11.774354870,C0206,Laptop,Electronics,East,1,65000,0.05,Credit Card,No,65000,3250.0,61750.0
O01258,2025-05-18 00:58:11.258251650,C0346,Mouse,Accessories,North,3,800,0.1,Debit Card,No,2400,240.0,2160.0
O01259,2025-05-18 03:35:10.742148430,C0297,Smartphone,Electronics,South,3,40000,0.0,Debit Card,No,120000,0.0,120000.0
O01260,2025-05-18 06:12:10.226045208,C0251,Tablet,Electronics,South,4,30000,0.0,UPI,No,120000,0.0,120000.0
O01261,2025-05-18 08:49:09.709941988,C0185,Monitor,Electronics,North,4,15000,0.05,Cash,Yes,60000,3000.0,57000.0
O01262,2025-05-18 11:26:09.193838768,C0253,Monitor,Electronics,West,5,15000,0.15,UPI,No,75000,11250.0,63750.0
O01263,2025-05-18 14:03:08.677735546,C0461,Mouse,Accessories,East,1,800,0.1,UPI,No,800,80.0,720.0
O01264,2025-05-18 16:40:08.161632326,C0165,Webcam,Accessories,North,4,3500,0.0,UPI,No,14000,0.0,14000.0
O01265,2025-05-18 19:17:07.645529106,C0484,Headphones,Accessories,North,5,2500,0.15,UPI,No,12500,1875.0,10625.0
O01266,2025-05-18 21:54:07.129425884,C0466,Headphones,Accessories,South,4,2500,0.05,Cash,No,10000,500.0,9500.0
O01267,2025-05-19 00:31:06.613322664,C0399,Laptop,Electronics,West,2,65000,0.15,Credit Card,No,130000,19500.0,110500.0
O01268,2025-05-19 03:08:06.097219444,C0390,Mouse,Accessories,South,5,800,0.1,Debit Card,No,4000,400.0,3600.0
O01269,2025-05-19 05:45:05.581116222,C0183,Monitor,Electronics,South,1,15000,0.15,Credit Card,No,15000,2250.0,12750.0
O01270,2025-05-19 08:22:05.065013002,C0411,Tablet,Electronics,East,5,30000,0.15,Cash,No,150000,22500.0,127500.0
O01271,2025-05-19 10:59:04.548909782,C0212,Mouse,Accessories,South,3,800,0.15,UPI,No,2400,360.0,2040.0
O01272,2025-05-19 13:36:04.032806560,C0178,Smartphone,Electronics,West,4,40000,0.0,UPI,No,160000,0.0,160000.0
O01273,2025-05-19 16:13:03.516703340,C0391,Keyboard,Accessories,South,2,2000,0.05,Credit Card,No,4000,200.0,3800.0
O01274,2025-05-19 18:50:03.000600120,C0056,Smartphone,Electronics,North,2,40000,0.15,Credit Card,No,80000,12000.0,68000.0
O01275,2025-05-19 21:27:02.484496898,C0187,Monitor,Electronics,East,1,15000,0.0,Cash,Yes,15000,0.0,15000.0
O01276,2025-05-20 00:04:01.968393678,C0418,Keyboard,Accessories,North,1,2000,0.0,UPI,No,2000,0.0,2000.0
O01277,2025-05-20 02:41:01.452290458,C0036,Monitor,Electronics,West,2,15000,0.0,UPI,No,30000,0.0,30000.0
O01278,2025-05-20 05:18:00.936187236,C0037,Headphones,Accessories,South,3,2500,0.1,UPI,No,7500,750.0,6750.0
O01279,2025-05-20 07:55:00.420084016,C0134,Keyboard,Accessories,East,3,2000,0.15,UPI,No,6000,900.0,5100.0
O01280,2025-05-20 10:31:59.903980796,C0253,Webcam,Accessories,West,5,3500,0.15,Debit Card,Yes,17500,2625.0,14875.0
O01281,2025-05-20 13:08:59.387877576,C0404,Webcam,Accessories,East,5,3500,0.0,UPI,No,17500,0.0,17500.0
O01282,2025-05-20 15:45:58.871774354,C0286,Webcam,Accessories,South,2,3500,0.0,Debit Card,No,7000,0.0,7000.0
O01283,2025-05-20 18:22:58.355671134,C0035,Webcam,Accessories,East,4,3500,0.05,Cash,No,14000,700.0,13300.0
O01284,2025-05-20 20:59:57.839567914,C0167,Smartphone,Electronics,West,1,40000,0.05,Debit Card,No,40000,2000.0,38000.0
O01285,2025-05-20 23:36:57.323464692,C0198,Headphones,Accessories,South,4,2500,0.05,Debit Card,No,10000,500.0,9500.0
O01286,2025-05-21 02:13:56.807361472,C0112,Smartphone,Electronics,West,3,40000,0.1,Cash,No,120000,12000.0,108000.0
O01287,2025-05-21 04:50:56.291258252,C0438,Webcam,Accessories,East,4,3500,0.1,Credit Card,Yes,14000,1400.0,12600.0
O01288,2025-05-21 07:27:55.775155030,C0132,Smartphone,Electronics,East,3,40000,0.05,UPI,No,120000,6000.0,114000.0
O01289,2025-05-21 10:04:55.259051810,C0194,Tablet,Electronics,North,4,30000,0.05,UPI,No,120000,6000.0,114000.0
O01290,2025-05-21 12:41:54.742948590,C0101,Tablet,Electronics,North,5,30000,0.05,Debit Card,No,150000,7500.0,142500.0
O01291,2025-05-21 15:18:54.226845368,C0151,Mouse,Accessories,East,2,800,0.05,Cash,No,1600,80.0,1520.0
O01292,2025-05-21 17:55:53.710742148,C0176,Webcam,Accessories,North,4,3500,0.15,Cash,No,14000,2100.0,11900.0
O01293,2025-05-21 20:32:53.194638928,C0432,Tablet,Electronics,East,1,30000,0.1,Credit Card,No,30000,3000.0,27000.0
O01294,2025-05-21 23:09:52.678535706,C0359,Laptop,Electronics,West,3,65000,0.1,Cash,No,195000,19500.0,175500.0
O01295,2025-05-22 01:46:52.162432486,C0215,Monitor,Electronics,West,5,15000,0.05,Credit Card,No,75000,3750.0,71250.0
O01296,2025-05-22 04:23:51.646329266,C0257,Keyboard,Accessories,North,5,2000,0.0,Credit Card,No,10000,0.0,10000.0
O01297,2025-05-22 07:00:51.130226044,C0271,Smartphone,Electronics,North,2,40000,0.1,Cash,No,80000,8000.0,72000.0
O01298,2025-05-22 09:37:50.614122824,C0457,Keyboard,Accessories,East,3,2000,0.1,UPI,No,6000,600.0,5400.0
O01299,2025-05-22 12:14:50.098019604,C0094,Mouse,Accessories,East,5,800,0.05,Debit Card,No,4000,200.0,3800.0
O01300,2025-05-22 14:51:49.581916382,C0309,Laptop,Electronics,North,3,65000,0.1,Debit Card,No,195000,19500.0,175500.0
O01301,2025-05-22 17:28:49.065813162,C0437,Mouse,Accessories,East,1,800,0.1,Credit Card,No,800,80.0,720.0
O01302,2025-05-22 20:05:48.549709942,C0154,Tablet,Electronics,North,4,30000,0.0,Cash,No,120000,0.0,120000.0
O01303,2025-05-22 22:42:48.033606720,C0308,Monitor,Electronics,West,2,15000,0.05,Debit Card,No,30000,1500.0,28500.0
O01304,2025-05-23 01:19:47.517503500,C0117,Tablet,Electronics,West,3,30000,0.05,Cash,No,90000,4500.0,85500.0
O01305,2025-05-23 03:56:47.001400280,C0410,Webcam,Accessories,West,4,3500,0.1,UPI,No,14000,1400.0,12600.0
O01306,2025-05-23 06:33:46.485297058,C0368,Monitor,Electronics,South,1,15000,0.05,Credit Card,No,15000,750.0,14250.0
O01307,2025-05-23 09:10:45.969193838,C0004,Laptop,Electronics,South,3,65000,0.1,UPI,No,195000,19500.0,175500.0
O01308,2025-05-23 11:47:45.453090618,C0095,Keyboard,Accessories,South,4,2000,0.0,UPI,No,8000,0.0,8000.0
O01309,2025-05-23 14:24:44.936987396,C0359,Mouse,Accessories,South,1,800,0.0,Debit Card,No,800,0.0,800.0
O01310,2025-05-23 17:01:44.420884176,C0465,Headphones,Accessories,East,1,2500,0.05,Cash,No,2500,125.0,2375.0
O01311,2025-05-23 19:38:43.904780956,C0004,Keyboard,Accessories,West,4,2000,0.15,Debit Card,No,8000,1200.0,6800.0
O01312,2025-05-23 22:15:43.388677736,C0406,Tablet,Electronics,North,4,30000,0.05,Debit Card,No,120000,6000.0,114000.0
O01313,2025-05-24 00:52:42.872574514,C0466,Monitor,Electronics,West,3,15000,0.05,Credit Card,No,45000,2250.0,42750.0
O01314,2025-05-24 03:29:42.356471294,C0253,Tablet,Electronics,South,4,30000,0.05,Cash,No,120000,6000.0,114000.0
O01315,2025-05-24 06:06:41.840368074,C0256,Monitor,Electronics,West,2,15000,0.0,UPI,No,30000,0.0,30000.0
O01316,2025-05-24 08:43:41.324264852,C0335,Mouse,Accessories,East,1,800,0.0,Credit Card,No,800,0.0,800.0
O01317,2025-05-24 11:20:40.808161632,C0165,Laptop,Electronics,North,3,65000,0.1,Cash,No,195000,19500.0,175500.0
O01318,2025-05-24 13:57:40.292058412,C0286,Monitor,Electronics,West,4,15000,0.05,Credit Card,No,60000,3000.0,57000.0
O01319,2025-05-24 16:34:39.775955190,C0473,Monitor,Electronics,South,3,15000,0.05,Debit Card,Yes,45000,2250.0,42750.0
O01320,2025-05-24 19:11:39.259851970,C0188,Smartphone,Electronics,North,1,40000,0.05,Cash,No,40000,2000.0,38000.0
O01321,2025-05-24 21:48:38.743748750,C0317,Smartphone,Electronics,South,2,40000,0.1,Cash,No,80000,8000.0,72000.0
O01322,2025-05-25 00:25:38.227645528,C0176,Laptop,Electronics,North,3,65000,0.15,UPI,No,195000,29250.0,165750.0
O01323,2025-05-25 03:02:37.711542308,C0060,Smartphone,Electronics,South,3,40000,0.0,UPI,No,120000,0.0,120000.0
O01324,2025-05-25 05:39:37.195439088,C0182,Keyboard,Accessories,East,4,2000,0.15,Credit Card,No,8000,1200.0,6800.0
O01325,2025-05-25 08:16:36.679335866,C0084,Headphones,Accessories,North,2,2500,0.1,Debit Card,No,5000,500.0,4500.0
O01326,2025-05-25 10:53:36.163232646,C0297,Headphones,Accessories,West,3,2500,0.15,Credit Card,No,7500,1125.0,6375.0
O01327,2025-05-25 13:30:35.647129426,C0262,Webcam,Accessories,South,1,3500,0.1,UPI,No,3500,350.0,3150.0
O01328,2025-05-25 16:07:35.131026204,C0031,Webcam,Accessories,West,3,3500,0.1,UPI,No,10500,1050.0,9450.0
O01329,2025-05-25 18:44:34.614922984,C0094,Laptop,Electronics,West,3,65000,0.05,UPI,No,195000,9750.0,185250.0
O01330,2025-05-25 21:21:34.098819764,C0127,Laptop,Electronics,North,4,65000,0.1,Cash,No,260000,26000.0,234000.0
O01331,2025-05-25 23:58:33.582716542,C0257,Monitor,Electronics,South,2,15000,0.1,UPI,No,30000,3000.0,27000.0
O01332,2025-05-26 02:35:33.066613322,C0456,Tablet,Electronics,West,1,30000,0.05,UPI,No,30000,1500.0,28500.0
O01333,2025-05-26 05:12:32.550510102,C0337,Keyboard,Accessories,South,3,2000,0.1,Debit Card,No,6000,600.0,5400.0
O01334,2025-05-26 07:49:32.034406880,C0095,Mouse,Accessories,North,4,800,0.0,Debit Card,No,3200,0.0,3200.0
O01335,2025-05-26 10:26:31.518303660,C0238,Mouse,Accessories,South,2,800,0.05,Credit Card,No,1600,80.0,1520.0
O01336,2025-05-26 13:03:31.002200440,C0376,Monitor,Electronics,East,4,15000,0.15,Debit Card,No,60000,9000.0,51000.0
O01337,2025-05-26 15:40:30.486097218,C0417,Laptop,Electronics,North,4,65000,0.15,UPI,No,260000,39000.0,221000.0
O01338,2025-05-26 18:17:29.969993998,C0435,Webcam,Accessories,North,2,3500,0.1,Debit Card,No,7000,700.0,6300.0
O01339,2025-05-26 20:54:29.453890778,C0118,Monitor,Electronics,West,1,15000,0.15,Debit Card,No,15000,2250.0,12750.0
O01340,2025-05-26 23:31:28.937787556,C0392,Tablet,Electronics,North,1,30000,0.05,Debit Card,No,30000,1500.0,28500.0
O01341,2025-05-27 02:08:28.421684336,C0226,Mouse,Accessories,West,4,800,0.1,Credit Card,No,3200,320.0,2880.0
O01342,2025-05-27 04:45:27.905581116,C0110,Webcam,Accessories,West,4,3500,0.0,Credit Card,No,14000,0.0,14000.0
O01343,2025-05-27 07:22:27.389477896,C0482,Webcam,Accessories,West,4,3500,0.15,Debit Card,No,14000,2100.0,11900.0
O01344,2025-05-27 09:59:26.873374674,C0263,Tablet,Electronics,South,5,30000,0.1,Debit Card,No,150000,15000.0,135000.0
O01345,2025-05-27 12:36:26.357271454,C0468,Laptop,Electronics,East,4,65000,0.1,Debit Card,No,260000,26000.0,234000.0
O01346,2025-05-27 15:13:25.841168234,C0409,Headphones,Accessories,South,4,2500,0.05,UPI,No,10000,500.0,9500.0
O01347,2025-05-27 17:50:25.325065012,C0341,Laptop,Electronics,South,5,65000,0.15,Cash,No,325000,48750.0,276250.0
O01348,2025-05-27 20:27:24.808961792,C0479,Monitor,Electronics,South,3,15000,0.15,Cash,No,45000,6750.0,38250.0
O01349,2025-05-27 23:04:24.292858572,C0188,Laptop,Electronics,South,2,65000,0.1,Credit Card,No,130000,13000.0,117000.0
O01350,2025-05-28 01:41:23.776755350,C0463,Smartphone,Electronics,East,3,40000,0.0,Debit Card,Yes,120000,0.0,120000.0
O01351,2025-05-28 04:18:23.260652130,C0427,Tablet,Electronics,North,3,30000,0.1,Credit Card,No,90000,9000.0,81000.0
O01352,2025-05-28 06:55:22.744548910,C0156,Monitor,Electronics,North,2,15000,0.05,Credit Card,No,30000,1500.0,28500.0
O01353,2025-05-28 09:32:22.228445688,C0431,Mouse,Accessories,North,4,800,0.15,Cash,No,3200,480.0,2720.0
O01354,2025-05-28 12:09:21.712342468,C0303,Headphones,Accessories,South,5,2500,0.15,Cash,No,12500,1875.0,10625.0
O01355,2025-05-28 14:46:21.196239248,C0110,Mouse,Accessories,North,3,800,0.15,Credit Card,No,2400,360.0,2040.0
O01356,2025-05-28 17:23:20.680136026,C0233,Mouse,Accessories,South,1,800,0.05,UPI,No,800,40.0,760.0
O01357,2025-05-28 20:00:20.164032806,C0445,Laptop,Electronics,South,2,65000,0.15,Cash,No,130000,19500.0,110500.0
O01358,2025-05-28 22:37:19.647929586,C0313,Mouse,Accessories,North,5,800,0.0,Cash,No,4000,0.0,4000.0
O01359,2025-05-29 01:14:19.131826364,C0476,Laptop,Electronics,East,3,65000,0.15,Cash,No,195000,29250.0,165750.0
O01360,2025-05-29 03:51:18.615723144,C0444,Monitor,Electronics,North,1,15000,0.1,Debit Card,No,15000,1500.0,13500.0
O01361,2025-05-29 06:28:18.099619924,C0479,Headphones,Accessories,South,1,2500,0.0,Credit Card,No,2500,0.0,2500.0
O01362,2025-05-29 09:05:17.583516702,C0336,Webcam,Accessories,North,3,3500,0.1,Cash,No,10500,1050.0,9450.0
O01363,2025-05-29 11:42:17.067413482,C0430,Monitor,Electronics,South,2,15000,0.05,Cash,No,30000,1500.0,28500.0
O01364,2025-05-29 14:19:16.551310262,C0060,Keyboard,Accessories,South,4,2000,0.0,Debit Card,Yes,8000,0.0,8000.0
O01365,2025-05-29 16:56:16.035207040,C0210,Tablet,Electronics,East,1,30000,0.1,UPI,No,30000,3000.0,27000.0
O01366,2025-05-29 19:33:15.519103820,C0006,Smartphone,Electronics,South,1,40000,0.0,Cash,No,40000,0.0,40000.0
O01367,2025-05-29 22:10:15.003000600,C0324,Keyboard,Accessories,South,5,2000,0.1,UPI,No,10000,1000.0,9000.0
O01368,2025-05-30 00:47:14.486897378,C0393,Smartphone,Electronics,East,5,40000,0.15,Cash,No,200000,30000.0,170000.0
O01369,2025-05-30 03:24:13.970794158,C0390,Webcam,Accessories,West,1,3500,0.05,Credit Card,No,3500,175.0,3325.0
O01370,2025-05-30 06:01:13.454690938,C0303,Smartphone,Electronics,South,4,40000,0.1,Debit Card,No,160000,16000.0,144000.0
O01371,2025-05-30 08:38:12.938587716,C0260,Mouse,Accessories,North,1,800,0.0,Cash,No,800,0.0,800.0
O01372,2025-05-30 11:15:12.422484496,C0465,Smartphone,Electronics,North,1,40000,0.05,Credit Card,No,40000,2000.0,38000.0
O01373,2025-05-30 13:52:11.906381276,C0466,Monitor,Electronics,West,1,15000,0.1,UPI,No,15000,1500.0,13500.0
O01374,2025-05-30 16:29:11.390278056,C0016,Laptop,Electronics,North,1,65000,0.0,UPI,No,65000,0.0,65000.0
O01375,2025-05-30 19:06:10.874174834,C0181,Laptop,Electronics,South,3,65000,0.0,Credit Card,No,195000,0.0,195000.0
O01376,2025-05-30 21:43:10.358071614,C0005,Tablet,Electronics,North,1,30000,0.1,Cash,No,30000,3000.0,27000.0
O01377,2025-05-31 00:20:09.841968394,C0164,Webcam,Accessories,East,1,3500,0.0,Credit Card,No,3500,0.0,3500.0
O01378,2025-05-31 02:57:09.325865172,C0213,Tablet,Electronics,North,5,30000,0.05,Cash,No,150000,7500.0,142500.0
O01379,2025-05-31 05:34:08.809761952,C0066,Webcam,Accessories,North,3,3500,0.0,Cash,No,10500,0.0,10500.0
O01380,2025-05-31 08:11:08.293658732,C0314,Laptop,Electronics,West,5,65000,0.05,Debit Card,No,325000,16250.0,308750.0
O01381,2025-05-31 10:48:07.777555510,C0363,Mouse,Accessories,West,1,800,0.05,UPI,No,800,40.0,760.0
O01382,2025-05-31 13:25:07.261452290,C0051,Webcam,Accessories,North,5,3500,0.1,UPI,No,17500,1750.0,15750.0
O01383,2025-05-31 16:02:06.745349070,C0164,Smartphone,Electronics,North,2,40000,0.0,Debit Card,No,80000,0.0,80000.0
O01384,2025-05-31 18:39:06.229245848,C0292,Laptop,Electronics,North,1,65000,0.15,Debit Card,No,65000,9750.0,55250.0
O01385,2025-05-31 21:16:05.713142628,C0304,Headphones,Accessories,East,5,2500,0.0,Debit Card,No,12500,0.0,12500.0
O01386,2025-05-31 23:53:05.197039408,C0385,Headphones,Accessories,West,5,2500,0.05,Cash,No,12500,625.0,11875.0
O01387,2025-06-01 02:30:04.680936186,C0208,Keyboard,Accessories,South,5,2000,0.15,Debit Card,No,10000,1500.0,8500.0
O01388,2025-06-01 05:07:04.164832966,C0364,Webcam,Accessories,East,5,3500,0.0,Cash,No,17500,0.0,17500.0
O01389,2025-06-01 07:44:03.648729746,C0082,Monitor,Electronics,South,1,15000,0.1,Credit Card,No,15000,1500.0,13500.0
O01390,2025-06-01 10:21:03.132626524,C0227,Keyboard,Accessories,West,2,2000,0.15,Cash,Yes,4000,600.0,3400.0
O01391,2025-06-01 12:58:02.616523304,C0325,Keyboard,Accessories,North,2,2000,0.0,UPI,No,4000,0.0,4000.0
O01392,2025-06-01 15:35:02.100420084,C0419,Laptop,Electronics,North,4,65000,0.1,UPI,No,260000,26000.0,234000.0
O01393,2025-06-01 18:12:01.584316862,C0142,Webcam,Accessories,East,1,3500,0.05,UPI,No,3500,175.0,3325.0
O01394,2025-06-01 20:49:01.068213642,C0206,Tablet,Electronics,West,3,30000,0.0,UPI,No,90000,0.0,90000.0
O01395,2025-06-01 23:26:00.552110422,C0183,Mouse,Accessories,East,3,800,0.1,Cash,No,2400,240.0,2160.0
O01396,2025-06-02 02:03:00.036007200,C0129,Tablet,Electronics,North,4,30000,0.15,Debit Card,No,120000,18000.0,102000.0
O01397,2025-06-02 04:39:59.519903980,C0116,Laptop,Electronics,South,3,65000,0.0,Credit Card,No,195000,0.0,195000.0
O01398,2025-06-02 07:16:59.003800760,C0010,Tablet,Electronics,East,3,30000,0.05,Credit Card,No,90000,4500.0,85500.0
O01399,2025-06-02 09:53:58.487697538,C0390,Headphones,Accessories,East,2,2500,0.05,Debit Card,No,5000,250.0,4750.0
O01400,2025-06-02 12:30:57.971594318,C0427,Laptop,Electronics,South,4,65000,0.15,Debit Card,No,260000,39000.0,221000.0
O01401,2025-06-02 15:07:57.455491098,C0491,Keyboard,Accessories,North,3,2000,0.0,Credit Card,No,6000,0.0,6000.0
O01402,2025-06-02 17:44:56.939387878,C0352,Keyboard,Accessories,West,1,2000,0.15,UPI,No,2000,300.0,1700.0
O01403,2025-06-02 20:21:56.423284656,C0368,Headphones,Accessories,South,2,2500,0.05,Debit Card,No,5000,250.0,4750.0
O01404,2025-06-02 22:58:55.907181436,C0223,Tablet,Electronics,West,5,30000,0.0,Cash,No,150000,0.0,150000.0
O01405,2025-06-03 01:35:55.391078216,C0317,Monitor,Electronics,West,1,15000,0.0,UPI,No,15000,0.0,15000.0
O01406,2025-06-03 04:12:54.874974994,C0185,Smartphone,Electronics,South,2,40000,0.1,UPI,Yes,80000,8000.0,72000.0
O01407,2025-06-03 06:49:54.358871774,C0053,Webcam,Accessories,West,4,3500,0.15,Debit Card,No,14000,2100.0,11900.0
O01408,2025-06-03 09:26:53.842768554,C0115,Laptop,Electronics,South,1,65000,0.1,UPI,No,65000,6500.0,58500.0
O01409,2025-06-03 12:03:53.326665332,C0187,Headphones,Accessories,East,5,2500,0.15,Credit Card,No,12500,1875.0,10625.0
O01410,2025-06-03 14:40:52.810562112,C0119,Smartphone,Electronics,East,3,40000,0.05,Cash,No,120000,6000.0,114000.0
O01411,2025-06-03 17:17:52.294458892,C0444,Laptop,Electronics,North,2,65000,0.1,Debit Card,No,130000,13000.0,117000.0
O01412,2025-06-03 19:54:51.778355670,C0230,Monitor,Electronics,East,3,15000,0.15,UPI,No,45000,6750.0,38250.0
O01413,2025-06-03 22:31:51.262252450,C0103,Mouse,Accessories,South,2,800,0.0,Cash,No,1600,0.0,1600.0
O01414,2025-06-04 01:08:50.746149230,C0439,Keyboard,Accessories,North,3,2000,0.05,Cash,No,6000,300.0,5700.0
O01415,2025-06-04 03:45:50.230046008,C0294,Mouse,Accessories,North,5,800,0.1,Cash,No,4000,400.0,3600.0
O01416,2025-06-04 06:22:49.713942788,C0341,Mouse,Accessories,North,4,800,0.05,UPI,Yes,3200,160.0,3040.0
O01417,2025-06-04 08:59:49.197839568,C0215,Smartphone,Electronics,West,2,40000,0.15,UPI,No,80000,12000.0,68000.0
O01418,2025-06-04 11:36:48.681736346,C0415,Keyboard,Accessories,West,5,2000,0.05,Cash,No,10000,500.0,9500.0
O01419,2025-06-04 14:13:48.165633126,C0271,Webcam,Accessories,South,2,3500,0.0,Cash,No,7000,0.0,7000.0
O01420,2025-06-04 16:50:47.649529906,C0455,Smartphone,Electronics,North,3,40000,0.1,Cash,No,120000,12000.0,108000.0
O01421,2025-06-04 19:27:47.133426684,C0310,Monitor,Electronics,East,1,15000,0.0,Cash,No,15000,0.0,15000.0
O01422,2025-06-04 22:04:46.617323464,C0346,Webcam,Accessories,North,5,3500,0.1,Credit Card,Yes,17500,1750.0,15750.0
O01423,2025-06-05 00:41:46.101220244,C0469,Smartphone,Electronics,East,4,40000,0.15,Debit Card,No,160000,24000.0,136000.0
O01424,2025-06-05 03:18:45.585117022,C0340,Tablet,Electronics,West,5,30000,0.15,Credit Card,No,150000,22500.0,127500.0
O01425,2025-06-05 05:55:45.069013802,C0210,Monitor,Electronics,South,5,15000,0.0,Cash,No,75000,0.0,75000.0
O01426,2025-06-05 08:32:44.552910582,C0259,Headphones,Accessories,North,4,2500,0.15,Credit Card,No,10000,1500.0,8500.0
O01427,2025-06-05 11:09:44.036807360,C0143,Laptop,Electronics,West,4,65000,0.05,Credit Card,No,260000,13000.0,247000.0
O01428,2025-06-05 13:46:43.520704140,C0388,Monitor,Electronics,North,4,15000,0.0,Debit Card,Yes,60000,0.0,60000.0
O01429,2025-06-05 16:23:43.004600920,C0286,Keyboard,Accessories,East,3,2000,0.1,UPI,Yes,6000,600.0,5400.0
O01430,2025-06-05 19:00:42.488497698,C0156,Keyboard,Accessories,West,3,2000,0.1,Debit Card,No,6000,600.0,5400.0
O01431,2025-06-05 21:37:41.972394478,C0394,Webcam,Accessories,South,5,3500,0.15,Cash,Yes,17500,2625.0,14875.0
O01432,2025-06-06 00:14:41.456291258,C0286,Keyboard,Accessories,East,3,2000,0.1,Debit Card,No,6000,600.0,5400.0
O01433,2025-06-06 02:51:40.940188038,C0115,Mouse,Accessories,South,5,800,0.0,Debit Card,No,4000,0.0,4000.0
O01434,2025-06-06 05:28:40.424084816,C0297,Mouse,Accessories,West,3,800,0.0,Cash,No,2400,0.0,2400.0
O01435,2025-06-06 08:05:39.907981596,C0302,Monitor,Electronics,West,2,15000,0.1,Debit Card,No,30000,3000.0,27000.0
O01436,2025-06-06 10:42:39.391878376,C0436,Webcam,Accessories,South,3,3500,0.05,Cash,No,10500,525.0,9975.0
O01437,2025-06-06 13:19:38.875775154,C0482,Smartphone,Electronics,East,3,40000,0.15,Debit Card,No,120000,18000.0,102000.0
O01438,2025-06-06 15:56:38.359671934,C0086,Tablet,Electronics,South,5,30000,0.05,Cash,No,150000,7500.0,142500.0
O01439,2025-06-06 18:33:37.843568714,C0277,Webcam,Accessories,South,3,3500,0.05,Credit Card,No,10500,525.0,9975.0
O01440,2025-06-06 21:10:37.327465492,C0467,Laptop,Electronics,West,3,65000,0.1,Debit Card,No,195000,19500.0,175500.0
O01441,2025-06-06 23:47:36.811362272,C0368,Tablet,Electronics,West,2,30000,0.0,UPI,No,60000,0.0,60000.0
O01442,2025-06-07 02:24:36.295259052,C0391,Webcam,Accessories,West,3,3500,0.05,UPI,No,10500,525.0,9975.0
O01443,2025-06-07 05:01:35.779155830,C0194,Monitor,Electronics,North,2,15000,0.1,Cash,No,30000,3000.0,27000.0
O01444,2025-06-07 07:38:35.263052610,C0421,Monitor,Electronics,North,3,15000,0.15,UPI,No,45000,6750.0,38250.0
O01445,2025-06-07 10:15:34.746949390,C0036,Webcam,Accessories,East,3,3500,0.05,Cash,No,10500,525.0,9975.0
O01446,2025-06-07 12:52:34.230846168,C0315,Mouse,Accessories,East,4,800,0.05,Debit Card,No,3200,160.0,3040.0
O01447,2025-06-07 15:29:33.714742948,C0121,Laptop,Electronics,North,4,65000,0.15,UPI,No,260000,39000.0,221000.0
O01448,2025-06-07 18:06:33.198639728,C0209,Monitor,Electronics,West,4,15000,0.15,UPI,No,60000,9000.0,51000.0
O01449,2025-06-07 20:43:32.682536506,C0477,Keyboard,Accessories,South,2,2000,0.15,Credit Card,No,4000,600.0,3400.0
O01450,2025-06-07 23:20:32.166433286,C0462,Laptop,Electronics,South,5,65000,0.05,Debit Card,No,325000,16250.0,308750.0
O01451,2025-06-08 01:57:31.650330066,C0181,Smartphone,Electronics,West,4,40000,0.1,Credit Card,No,160000,16000.0,144000.0
O01452,2025-06-08 04:34:31.134226844,C0083,Tablet,Electronics,South,1,30000,0.1,UPI,No,30000,3000.0,27000.0
O01453,2025-06-08 07:11:30.618123624,C0331,Smartphone,Electronics,West,3,40000,0.05,UPI,No,120000,6000.0,114000.0
O01454,2025-06-08 09:48:30.102020404,C0115,Monitor,Electronics,West,2,15000,0.05,Credit Card,No,30000,1500.0,28500.0
O01455,2025-06-08 12:25:29.585917182,C0323,Tablet,Electronics,North,1,30000,0.05,Cash,No,30000,1500.0,28500.0
O01456,2025-06-08 15:02:29.069813962,C0021,Tablet,Electronics,West,4,30000,0.15,UPI,No,120000,18000.0,102000.0
O01457,2025-06-08 17:39:28.553710742,C0414,Smartphone,Electronics,North,3,40000,0.15,Cash,No,120000,18000.0,102000.0
O01458,2025-06-08 20:16:28.037607520,C0283,Headphones,Accessories,East,1,2500,0.15,Cash,No,2500,375.0,2125.0
O01459,2025-06-08 22:53:27.521504300,C0310,Tablet,Electronics,East,2,30000,0.05,Credit Card,No,60000,3000.0,57000.0
O01460,2025-06-09 01:30:27.005401080,C0429,Monitor,Electronics,West,5,15000,0.1,Cash,No,75000,7500.0,67500.0
O01461,2025-06-09 04:07:26.489297858,C0337,Monitor,Electronics,North,2,15000,0.15,Debit Card,No,30000,4500.0,25500.0
O01462,2025-06-09 06:44:25.973194638,C0272,Smartphone,Electronics,South,3,40000,0.15,Cash,No,120000,18000.0,102000.0
O01463,2025-06-09 09:21:25.457091418,C0258,Tablet,Electronics,West,1,30000,0.1,Debit Card,No,30000,3000.0,27000.0
O01464,2025-06-09 11:58:24.940988198,C0144,Webcam,Accessories,South,2,3500,0.1,Credit Card,No,7000,700.0,6300.0
O01465,2025-06-09 14:35:24.424884976,C0119,Laptop,Electronics,East,1,65000,0.0,Cash,No,65000,0.0,65000.0
O01466,2025-06-09 17:12:23.908781756,C0442,Smartphone,Electronics,South,5,40000,0.1,Cash,No,200000,20000.0,180000.0
O01467,2025-06-09 19:49:23.392678536,C0468,Headphones,Accessories,South,3,2500,0.15,Cash,No,7500,1125.0,6375.0
O01468,2025-06-09 22:26:22.876575314,C0390,Webcam,Accessories,North,2,3500,0.1,UPI,No,7000,700.0,6300.0
O01469,2025-06-10 01:03:22.360472094,C0109,Laptop,Electronics,West,4,65000,0.0,Credit Card,No,260000,0.0,260000.0
O01470,2025-06-10 03:40:21.844368874,C0351,Mouse,Accessories,West,3,800,0.05,UPI,No,2400,120.0,2280.0
O01471,2025-06-10 06:17:21.328265652,C0437,Webcam,Accessories,East,4,3500,0.05,Cash,No,14000,700.0,13300.0
O01472,2025-06-10 08:54:20.812162432,C0125,Tablet,Electronics,South,4,30000,0.05,UPI,No,120000,6000.0,114000.0
O01473,2025-06-10 11:31:20.296059212,C0110,Smartphone,Electronics,South,3,40000,0.15,UPI,No,120000,18000.0,102000.0
O01474,2025-06-10 14:08:19.779955990,C0447,Headphones,Accessories,West,4,2500,0.15,Cash,No,10000,1500.0,8500.0
O01475,2025-06-10 16:45:19.263852770,C0056,Keyboard,Accessories,North,2,2000,0.15,Cash,No,4000,600.0,3400.0
O01476,2025-06-10 19:22:18.747749550,C0030,Headphones,Accessories,South,4,2500,0.15,UPI,No,10000,1500.0,8500.0
O01477,2025-06-10 21:59:18.231646328,C0404,Laptop,Electronics,North,2,65000,0.05,Debit Card,No,130000,6500.0,123500.0
O01478,2025-06-11 00:36:17.715543108,C0215,Smartphone,Electronics,South,4,40000,0.05,Cash,No,160000,8000.0,152000.0
O01479,2025-06-11 03:13:17.199439888,C0028,Webcam,Accessories,West,4,3500,0.0,Credit Card,No,14000,0.0,14000.0
O01480,2025-06-11 05:50:16.683336666,C0303,Monitor,Electronics,East,4,15000,0.05,Debit Card,Yes,60000,3000.0,57000.0
O01481,2025-06-11 08:27:16.167233446,C0001,Smartphone,Electronics,West,1,40000,0.0,UPI,No,40000,0.0,40000.0
O01482,2025-06-11 11:04:15.651130226,C0438,Monitor,Electronics,West,4,15000,0.0,Debit Card,No,60000,0.0,60000.0
O01483,2025-06-11 13:41:15.135027004,C0089,Monitor,Electronics,West,5,15000,0.1,Cash,No,75000,7500.0,67500.0
O01484,2025-06-11 16:18:14.618923784,C0110,Tablet,Electronics,North,5,30000,0.05,Cash,No,150000,7500.0,142500.0
O01485,2025-06-11 18:55:14.102820564,C0391,Laptop,Electronics,South,1,65000,0.0,Debit Card,No,65000,0.0,65000.0
O01486,2025-06-11 21:32:13.586717342,C0045,Monitor,Electronics,South,1,15000,0.1,Credit Card,No,15000,1500.0,13500.0
O01487,2025-06-12 00:09:13.070614122,C0091,Laptop,Electronics,West,2,65000,0.15,Credit Card,No,130000,19500.0,110500.0
O01488,2025-06-12 02:46:12.554510902,C0151,Headphones,Accessories,West,2,2500,0.0,UPI,No,5000,0.0,5000.0
O01489,2025-06-12 05:23:12.038407680,C0135,Webcam,Accessories,East,2,3500,0.05,Debit Card,No,7000,350.0,6650.0
O01490,2025-06-12 08:00:11.522304460,C0004,Mouse,Accessories,West,1,800,0.05,Credit Card,No,800,40.0,760.0
O01491,2025-06-12 10:37:11.006201240,C0258,Tablet,Electronics,East,2,30000,0.05,Cash,No,60000,3000.0,57000.0
O01492,2025-06-12 13:14:10.490098020,C0103,Monitor,Electronics,West,4,15000,0.0,Debit Card,No,60000,0.0,60000.0
O01493,2025-06-12 15:51:09.973994798,C0282,Mouse,Accessories,South,2,800,0.1,Credit Card,No,1600,160.0,1440.0
O01494,2025-06-12 18:28:09.457891578,C0179,Keyboard,Accessories,South,2,2000,0.15,Debit Card,No,4000,600.0,3400.0
O01495,2025-06-12 21:05:08.941788358,C0346,Webcam,Accessories,East,5,3500,0.0,Cash,No,17500,0.0,17500.0
O01496,2025-06-12 23:42:08.425685136,C0479,Monitor,Electronics,West,4,15000,0.1,Debit Card,No,60000,6000.0,54000.0
O01497,2025-06-13 02:19:07.909581916,C0447,Webcam,Accessories,South,4,3500,0.0,Cash,No,14000,0.0,14000.0
O01498,2025-06-13 04:56:07.393478696,C0079,Tablet,Electronics,North,5,30000,0.1,Cash,No,150000,15000.0,135000.0
O01499,2025-06-13 07:33:06.877375474,C0447,Tablet,Electronics,East,1,30000,0.15,Debit Card,No,30000,4500.0,25500.0
O01500,2025-06-13 10:10:06.361272254,C0267,Smartphone,Electronics,East,2,40000,0.05,Cash,No,80000,4000.0,76000.0
O01501,2025-06-13 12:47:05.845169034,C0014,Tablet,Electronics,West,5,30000,0.0,UPI,No,150000,0.0,150000.0
O01502,2025-06-13 15:24:05.329065812,C0235,Laptop,Electronics,West,3,65000,0.0,Debit Card,No,195000,0.0,195000.0
O01503,2025-06-13 18:01:04.812962592,C0181,Smartphone,Electronics,East,5,40000,0.05,UPI,Yes,200000,10000.0,190000.0
O01504,2025-06-13 20:38:04.296859372,C0356,Monitor,Electronics,East,5,15000,0.1,Cash,No,75000,7500.0,67500.0
O01505,2025-06-13 23:15:03.780756150,C0479,Tablet,Electronics,North,4,30000,0.15,Credit Card,No,120000,18000.0,102000.0
O01506,2025-06-14 01:52:03.264652930,C0374,Headphones,Accessories,North,1,2500,0.1,UPI,No,2500,250.0,2250.0
O01507,2025-06-14 04:29:02.748549710,C0134,Keyboard,Accessories,East,4,2000,0.05,Debit Card,No,8000,400.0,7600.0
O01508,2025-06-14 07:06:02.232446488,C0406,Laptop,Electronics,West,3,65000,0.15,Credit Card,No,195000,29250.0,165750.0
O01509,2025-06-14 09:43:01.716343268,C0033,Tablet,Electronics,South,3,30000,0.0,Credit Card,No,90000,0.0,90000.0
O01510,2025-06-14 12:20:01.200240048,C0067,Monitor,Electronics,North,3,15000,0.0,Credit Card,No,45000,0.0,45000.0
O01511,2025-06-14 14:57:00.684136826,C0333,Laptop,Electronics,North,3,65000,0.1,Credit Card,No,195000,19500.0,175500.0
O01512,2025-06-14 17:34:00.168033606,C0051,Webcam,Accessories,North,2,3500,0.1,Credit Card,No,7000,700.0,6300.0
O01513,2025-06-14 20:10:59.651930386,C0179,Tablet,Electronics,West,5,30000,0.05,UPI,No,150000,7500.0,142500.0
O01514,2025-06-14 22:47:59.135827164,C0479,Webcam,Accessories,West,4,3500,0.0,Cash,Yes,14000,0.0,14000.0
O01515,2025-06-15 01:24:58.619723944,C0285,Laptop,Electronics,East,3,65000,0.1,Debit Card,No,195000,19500.0,175500.0
O01516,2025-06-15 04:01:58.103620724,C0295,Mouse,Accessories,West,5,800,0.15,Credit Card,No,4000,600.0,3400.0
O01517,2025-06-15 06:38:57.587517502,C0209,Keyboard,Accessories,East,4,2000,0.15,Credit Card,No,8000,1200.0,6800.0
O01518,2025-06-15 09:15:57.071414282,C0192,Tablet,Electronics,South,5,30000,0.05,Cash,No,150000,7500.0,142500.0
O01519,2025-06-15 11:52:56.555311062,C0031,Mouse,Accessories,South,1,800,0.0,Cash,No,800,0.0,800.0
O01520,2025-06-15 14:29:56.039207840,C0094,Keyboard,Accessories,West,5,2000,0.0,Debit Card,No,10000,0.0,10000.0
O01521,2025-06-15 17:06:55.523104620,C0444,Laptop,Electronics,South,1,65000,0.1,Credit Card,No,65000,6500.0,58500.0
O01522,2025-06-15 19:43:55.007001400,C0423,Tablet,Electronics,South,5,30000,0.0,UPI,No,150000,0.0,150000.0
O01523,2025-06-15 22:20:54.490898180,C0267,Headphones,Accessories,West,1,2500,0.15,Credit Card,No,2500,375.0,2125.0
O01524,2025-06-16 00:57:53.974794958,C0330,Monitor,Electronics,East,4,15000,0.1,Cash,No,60000,6000.0,54000.0
O01525,2025-06-16 03:34:53.458691738,C0065,Smartphone,Electronics,East,3,40000,0.05,Debit Card,No,120000,6000.0,114000.0
O01526,2025-06-16 06:11:52.942588518,C0437,Laptop,Electronics,West,2,65000,0.15,Debit Card,No,130000,19500.0,110500.0
O01527,2025-06-16 08:48:52.426485296,C0062,Smartphone,Electronics,North,1,40000,0.15,Credit Card,No,40000,6000.0,34000.0
O01528,2025-06-16 11:25:51.910382076,C0332,Mouse,Accessories,South,5,800,0.1,Cash,No,4000,400.0,3600.0
O01529,2025-06-16 14:02:51.394278856,C0035,Webcam,Accessories,West,1,3500,0.1,UPI,No,3500,350.0,3150.0
O01530,2025-06-16 16:39:50.878175634,C0029,Tablet,Electronics,East,1,30000,0.1,Credit Card,No,30000,3000.0,27000.0
O01531,2025-06-16 19:16:50.362072414,C0362,Keyboard,Accessories,East,1,2000,0.0,Credit Card,No,2000,0.0,2000.0
O01532,2025-06-16 21:53:49.845969194,C0197,Tablet,Electronics,East,3,30000,0.1,Cash,No,90000,9000.0,81000.0
O01533,2025-06-17 00:30:49.329865972,C0321,Monitor,Electronics,East,2,15000,0.15,Cash,No,30000,4500.0,25500.0
O01534,2025-06-17 03:07:48.813762752,C0002,Headphones,Accessories,North,3,2500,0.0,Credit Card,Yes,7500,0.0,7500.0
O01535,2025-06-17 05:44:48.297659532,C0199,Mouse,Accessories,South,3,800,0.05,Cash,No,2400,120.0,2280.0
O01536,2025-06-17 08:21:47.781556310,C0339,Tablet,Electronics,South,3,30000,0.0,UPI,No,90000,0.0,90000.0
O01537,2025-06-17 10:58:47.265453090,C0195,Keyboard,Accessories,North,3,2000,0.0,Credit Card,No,6000,0.0,6000.0
O01538,2025-06-17 13:35:46.749349870,C0226,Mouse,Accessories,South,5,800,0.15,UPI,No,4000,600.0,3400.0
O01539,2025-06-17 16:12:46.233246648,C0281,Tablet,Electronics,East,1,30000,0.1,Debit Card,No,30000,3000.0,27000.0
O01540,2025-06-17 18:49:45.717143428,C0074,Monitor,Electronics,East,3,15000,0.05,Debit Card,No,45000,2250.0,42750.0
O01541,2025-06-17 21:26:45.201040208,C0103,Headphones,Accessories,East,4,2500,0.0,Credit Card,Yes,10000,0.0,10000.0
O01542,2025-06-18 00:03:44.684936986,C0327,Headphones,Accessories,South,4,2500,0.0,Credit Card,No,10000,0.0,10000.0
O01543,2025-06-18 02:40:44.168833766,C0477,Keyboard,Accessories,West,3,2000,0.15,Cash,No,6000,900.0,5100.0
O01544,2025-06-18 05:17:43.652730546,C0441,Smartphone,Electronics,West,5,40000,0.05,Debit Card,No,200000,10000.0,190000.0
O01545,2025-06-18 07:54:43.136627324,C0474,Monitor,Electronics,North,4,15000,0.1,Debit Card,No,60000,6000.0,54000.0
O01546,2025-06-18 10:31:42.620524104,C0054,Laptop,Electronics,North,3,65000,0.15,Cash,No,195000,29250.0,165750.0
O01547,2025-06-18 13:08:42.104420884,C0104,Tablet,Electronics,North,1,30000,0.15,Credit Card,No,30000,4500.0,25500.0
O01548,2025-06-18 15:45:41.588317662,C0401,Tablet,Electronics,South,4,30000,0.0,Cash,No,120000,0.0,120000.0
O01549,2025-06-18 18:22:41.072214442,C0095,Laptop,Electronics,East,5,65000,0.15,UPI,No,325000,48750.0,276250.0
O01550,2025-06-18 20:59:40.556111222,C0403,Smartphone,Electronics,South,1,40000,0.15,Debit Card,Yes,40000,6000.0,34000.0
O01551,2025-06-18 23:36:40.040008000,C0246,Mouse,Accessories,East,2,800,0.05,Debit Card,No,1600,80.0,1520.0
O01552,2025-06-19 02:13:39.523904780,C0101,Headphones,Accessories,North,5,2500,0.15,Cash,No,12500,1875.0,10625.0
O01553,2025-06-19 04:50:39.007801560,C0458,Monitor,Electronics,North,3,15000,0.0,Credit Card,No,45000,0.0,45000.0
O01554,2025-06-19 07:27:38.491698340,C0222,Monitor,Electronics,North,3,15000,0.05,Cash,No,45000,2250.0,42750.0
O01555,2025-06-19 10:04:37.975595118,C0351,Keyboard,Accessories,South,2,2000,0.0,Credit Card,No,4000,0.0,4000.0
O01556,2025-06-19 12:41:37.459491898,C0210,Mouse,Accessories,West,2,800,0.15,Credit Card,No,1600,240.0,1360.0
O01557,2025-06-19 15:18:36.943388678,C0390,Mouse,Accessories,West,2,800,0.15,UPI,No,1600,240.0,1360.0
O01558,2025-06-19 17:55:36.427285456,C0041,Smartphone,Electronics,North,1,40000,0.05,Cash,No,40000,2000.0,38000.0
O01559,2025-06-19 20:32:35.911182236,C0014,Headphones,Accessories,East,1,2500,0.1,Cash,No,2500,250.0,2250.0
O01560,2025-06-19 23:09:35.395079016,C0012,Monitor,Electronics,North,4,15000,0.1,Credit Card,No,60000,6000.0,54000.0
O01561,2025-06-20 01:46:34.878975794,C0167,Tablet,Electronics,South,2,30000,0.0,Debit Card,Yes,60000,0.0,60000.0
O01562,2025-06-20 04:23:34.362872574,C0195,Headphones,Accessories,East,2,2500,0.0,Cash,No,5000,0.0,5000.0
O01563,2025-06-20 07:00:33.846769354,C0414,Webcam,Accessories,North,3,3500,0.1,Debit Card,No,10500,1050.0,9450.0
O01564,2025-06-20 09:37:33.330666132,C0057,Keyboard,Accessories,East,3,2000,0.15,Debit Card,No,6000,900.0,5100.0
O01565,2025-06-20 12:14:32.814562912,C0322,Laptop,Electronics,West,4,65000,0.05,Cash,No,260000,13000.0,247000.0
O01566,2025-06-20 14:51:32.298459692,C0422,Webcam,Accessories,East,5,3500,0.0,Cash,No,17500,0.0,17500.0
O01567,2025-06-20 17:28:31.782356470,C0336,Mouse,Accessories,South,1,800,0.05,Debit Card,No,800,40.0,760.0
O01568,2025-06-20 20:05:31.266253250,C0248,Mouse,Accessories,West,5,800,0.1,Cash,No,4000,400.0,3600.0
O01569,2025-06-20 22:42:30.750150030,C0009,Smartphone,Electronics,South,5,40000,0.05,Credit Card,No,200000,10000.0,190000.0
O01570,2025-06-21 01:19:30.234046808,C0066,Keyboard,Accessories,West,4,2000,0.0,Debit Card,No,8000,0.0,8000.0
O01571,2025-06-21 03:56:29.717943588,C0233,Smartphone,Electronics,North,1,40000,0.1,UPI,No,40000,4000.0,36000.0
O01572,2025-06-21 06:33:29.201840368,C0322,Smartphone,Electronics,West,5,40000,0.1,Debit Card,No,200000,20000.0,180000.0
O01573,2025-06-21 09:10:28.685737146,C0322,Monitor,Electronics,South,1,15000,0.05,UPI,No,15000,750.0,14250.0
O01574,2025-06-21 11:47:28.169633926,C0034,Keyboard,Accessories,West,5,2000,0.0,Cash,No,10000,0.0,10000.0
O01575,2025-06-21 14:24:27.653530706,C0412,Smartphone,Electronics,South,2,40000,0.1,Debit Card,No,80000,8000.0,72000.0
O01576,2025-06-21 17:01:27.137427484,C0100,Smartphone,Electronics,West,1,40000,0.15,Debit Card,No,40000,6000.0,34000.0
O01577,2025-06-21 19:38:26.621324264,C0049,Mouse,Accessories,North,3,800,0.1,Debit Card,No,2400,240.0,2160.0
O01578,2025-06-21 22:15:26.105221044,C0033,Headphones,Accessories,North,5,2500,0.0,Cash,No,12500,0.0,12500.0
O01579,2025-06-22 00:52:25.589117822,C0184,Smartphone,Electronics,East,2,40000,0.0,UPI,No,80000,0.0,80000.0
O01580,2025-06-22 03:29:25.073014602,C0159,Webcam,Accessories,North,1,3500,0.05,UPI,No,3500,175.0,3325.0
O01581,2025-06-22 06:06:24.556911382,C0443,Laptop,Electronics,West,3,65000,0.0,Debit Card,Yes,195000,0.0,195000.0
O01582,2025-06-22 08:43:24.040808160,C0050,Headphones,Accessories,East,2,2500,0.1,Debit Card,No,5000,500.0,4500.0
O01583,2025-06-22 11:20:23.524704940,C0252,Headphones,Accessories,South,3,2500,0.15,Cash,No,7500,1125.0,6375.0
O01584,2025-06-22 13:57:23.008601720,C0394,Smartphone,Electronics,North,2,40000,0.1,Credit Card,No,80000,8000.0,72000.0
O01585,2025-06-22 16:34:22.492498500,C0313,Smartphone,Electronics,South,2,40000,0.1,UPI,No,80000,8000.0,72000.0
O01586,2025-06-22 19:11:21.976395278,C0394,Mouse,Accessories,South,4,800,0.0,UPI,No,3200,0.0,3200.0
O01587,2025-06-22 21:48:21.460292058,C0417,Laptop,Electronics,South,4,65000,0.05,Credit Card,No,260000,13000.0,247000.0
O01588,2025-06-23 00:25:20.944188838,C0252,Webcam,Accessories,West,5,3500,0.15,Cash,No,17500,2625.0,14875.0
O01589,2025-06-23 03:02:20.428085616,C0324,Webcam,Accessories,East,5,3500,0.05,Cash,No,17500,875.0,16625.0
O01590,2025-06-23 05:39:19.911982396,C0081,Tablet,Electronics,North,2,30000,0.0,Cash,No,60000,0.0,60000.0
O01591,2025-06-23 08:16:19.395879176,C0410,Smartphone,Electronics,West,5,40000,0.15,Credit Card,No,200000,30000.0,170000.0
O01592,2025-06-23 10:53:18.879775954,C0312,Tablet,Electronics,East,1,30000,0.1,Cash,Yes,30000,3000.0,27000.0
O01593,2025-06-23 13:30:18.363672734,C0087,Mouse,Accessories,North,4,800,0.0,Cash,No,3200,0.0,3200.0
O01594,2025-06-23 16:07:17.847569514,C0206,Keyboard,Accessories,West,2,2000,0.15,Cash,No,4000,600.0,3400.0
O01595,2025-06-23 18:44:17.331466292,C0127,Webcam,Accessories,South,1,3500,0.05,Cash,No,3500,175.0,3325.0
O01596,2025-06-23 21:21:16.815363072,C0375,Webcam,Accessories,West,4,3500,0.1,Credit Card,Yes,14000,1400.0,12600.0
O01597,2025-06-23 23:58:16.299259852,C0153,Tablet,Electronics,West,4,30000,0.15,UPI,No,120000,18000.0,102000.0
O01598,2025-06-24 02:35:15.783156630,C0459,Headphones,Accessories,North,5,2500,0.15,Cash,No,12500,1875.0,10625.0
O01599,2025-06-24 05:12:15.267053410,C0242,Webcam,Accessories,South,2,3500,0.0,Cash,No,7000,0.0,7000.0
O01600,2025-06-24 07:49:14.750950190,C0431,Monitor,Electronics,West,3,15000,0.0,Cash,No,45000,0.0,45000.0
O01601,2025-06-24 10:26:14.234846968,C0159,Headphones,Accessories,South,5,2500,0.15,Credit Card,No,12500,1875.0,10625.0
O01602,2025-06-24 13:03:13.718743748,C0255,Headphones,Accessories,West,5,2500,0.15,Cash,Yes,12500,1875.0,10625.0
O01603,2025-06-24 15:40:13.202640528,C0418,Webcam,Accessories,West,4,3500,0.05,UPI,No,14000,700.0,13300.0
O01604,2025-06-24 18:17:12.686537306,C0147,Keyboard,Accessories,West,2,2000,0.0,UPI,No,4000,0.0,4000.0
O01605,2025-06-24 20:54:12.170434086,C0027,Tablet,Electronics,East,2,30000,0.05,Credit Card,No,60000,3000.0,57000.0
O01606,2025-06-24 23:31:11.654330866,C0150,Webcam,Accessories,East,5,3500,0.05,Credit Card,No,17500,875.0,16625.0
O01607,2025-06-25 02:08:11.138227644,C0453,Laptop,Electronics,North,3,65000,0.15,Credit Card,No,195000,29250.0,165750.0
O01608,2025-06-25 04:45:10.622124424,C0143,Mouse,Accessories,East,5,800,0.0,Credit Card,No,4000,0.0,4000.0
O01609,2025-06-25 07:22:10.106021204,C0490,Tablet,Electronics,East,3,30000,0.0,Debit Card,No,90000,0.0,90000.0
O01610,2025-06-25 09:59:09.589917982,C0195,Webcam,Accessories,West,5,3500,0.05,Debit Card,No,17500,875.0,16625.0
O01611,2025-06-25 12:36:09.073814762,C0367,Smartphone,Electronics,East,3,40000,0.0,Debit Card,Yes,120000,0.0,120000.0
O01612,2025-06-25 15:13:08.557711542,C0003,Monitor,Electronics,South,4,15000,0.05,UPI,No,60000,3000.0,57000.0
O01613,2025-06-25 17:50:08.041608322,C0056,Keyboard,Accessories,West,5,2000,0.05,UPI,No,10000,500.0,9500.0
O01614,2025-06-25 20:27:07.525505100,C0273,Smartphone,Electronics,East,2,40000,0.15,Credit Card,No,80000,12000.0,68000.0
O01615,2025-06-25 23:04:07.009401880,C0410,Keyboard,Accessories,West,4,2000,0.1,UPI,No,8000,800.0,7200.0
O01616,2025-06-26 01:41:06.493298660,C0472,Keyboard,Accessories,North,1,2000,0.0,Credit Card,No,2000,0.0,2000.0
O01617,2025-06-26 04:18:05.977195438,C0094,Keyboard,Accessories,South,1,2000,0.15,Debit Card,No,2000,300.0,1700.0
O01618,2025-06-26 06:55:05.461092218,C0282,Laptop,Electronics,North,1,65000,0.0,Credit Card,No,65000,0.0,65000.0
O01619,2025-06-26 09:32:04.944988998,C0467,Keyboard,Accessories,South,2,2000,0.1,Debit Card,No,4000,400.0,3600.0
O01620,2025-06-26 12:09:04.428885776,C0400,Keyboard,Accessories,South,1,2000,0.15,Cash,No,2000,300.0,1700.0
O01621,2025-06-26 14:46:03.912782556,C0323,Headphones,Accessories,East,1,2500,0.15,Credit Card,No,2500,375.0,2125.0
O01622,2025-06-26 17:23:03.396679336,C0310,Keyboard,Accessories,North,3,2000,0.05,Debit Card,Yes,6000,300.0,5700.0
O01623,2025-06-26 20:00:02.880576114,C0089,Keyboard,Accessories,North,3,2000,0.0,UPI,No,6000,0.0,6000.0
O01624,2025-06-26 22:37:02.364472894,C0037,Webcam,Accessories,East,1,3500,0.15,UPI,Yes,3500,525.0,2975.0
O01625,2025-06-27 01:14:01.848369674,C0378,Laptop,Electronics,West,4,65000,0.1,UPI,No,260000,26000.0,234000.0
O01626,2025-06-27 03:51:01.332266452,C0271,Mouse,Accessories,South,1,800,0.1,Debit Card,No,800,80.0,720.0
O01627,2025-06-27 06:28:00.816163232,C0227,Mouse,Accessories,West,3,800,0.05,Credit Card,No,2400,120.0,2280.0
O01628,2025-06-27 09:05:00.300060012,C0253,Monitor,Electronics,East,5,15000,0.15,Debit Card,No,75000,11250.0,63750.0
O01629,2025-06-27 11:41:59.783956790,C0078,Tablet,Electronics,North,3,30000,0.0,Cash,No,90000,0.0,90000.0
O01630,2025-06-27 14:18:59.267853570,C0277,Mouse,Accessories,North,5,800,0.1,Debit Card,No,4000,400.0,3600.0
O01631,2025-06-27 16:55:58.751750350,C0263,Mouse,Accessories,South,4,800,0.1,Cash,Yes,3200,320.0,2880.0
O01632,2025-06-27 19:32:58.235647128,C0275,Monitor,Electronics,East,4,15000,0.15,Credit Card,No,60000,9000.0,51000.0
O01633,2025-06-27 22:09:57.719543908,C0264,Tablet,Electronics,East,4,30000,0.1,UPI,No,120000,12000.0,108000.0
O01634,2025-06-28 00:46:57.203440688,C0478,Headphones,Accessories,North,3,2500,0.0,Credit Card,No,7500,0.0,7500.0
O01635,2025-06-28 03:23:56.687337466,C0372,Headphones,Accessories,South,2,2500,0.0,Debit Card,No,5000,0.0,5000.0
O01636,2025-06-28 06:00:56.171234246,C0216,Laptop,Electronics,North,3,65000,0.15,UPI,No,195000,29250.0,165750.0
O01637,2025-06-28 08:37:55.655131026,C0087,Headphones,Accessories,North,2,2500,0.15,Cash,No,5000,750.0,4250.0
O01638,2025-06-28 11:14:55.139027804,C0227,Laptop,Electronics,North,3,65000,0.1,Credit Card,No,195000,19500.0,175500.0
O01639,2025-06-28 13:51:54.622924584,C0061,Laptop,Electronics,North,1,65000,0.1,UPI,Yes,65000,6500.0,58500.0
O01640,2025-06-28 16:28:54.106821364,C0179,Mouse,Accessories,West,3,800,0.05,Cash,No,2400,120.0,2280.0
O01641,2025-06-28 19:05:53.590718142,C0365,Keyboard,Accessories,West,4,2000,0.0,Cash,No,8000,0.0,8000.0
O01642,2025-06-28 21:42:53.074614922,C0076,Mouse,Accessories,East,2,800,0.0,Debit Card,Yes,1600,0.0,1600.0
O01643,2025-06-29 00:19:52.558511702,C0016,Webcam,Accessories,South,3,3500,0.0,Cash,No,10500,0.0,10500.0
O01644,2025-06-29 02:56:52.042408482,C0163,Laptop,Electronics,South,3,65000,0.15,Cash,No,195000,29250.0,165750.0
O01645,2025-06-29 05:33:51.526305260,C0145,Tablet,Electronics,East,1,30000,0.05,Debit Card,No,30000,1500.0,28500.0
O01646,2025-06-29 08:10:51.010202040,C0396,Webcam,Accessories,North,4,3500,0.0,Cash,Yes,14000,0.0,14000.0
O01647,2025-06-29 10:47:50.494098820,C0209,Mouse,Accessories,East,2,800,0.05,Debit Card,No,1600,80.0,1520.0
O01648,2025-06-29 13:24:49.977995598,C0397,Keyboard,Accessories,West,1,2000,0.1,Credit Card,Yes,2000,200.0,1800.0
O01649,2025-06-29 16:01:49.461892378,C0238,Mouse,Accessories,North,2,800,0.05,Credit Card,No,1600,80.0,1520.0
O01650,2025-06-29 18:38:48.945789158,C0384,Headphones,Accessories,East,1,2500,0.0,Debit Card,Yes,2500,0.0,2500.0
O01651,2025-06-29 21:15:48.429685936,C0366,Smartphone,Electronics,South,4,40000,0.0,Debit Card,No,160000,0.0,160000.0
O01652,2025-06-29 23:52:47.913582716,C0408,Laptop,Electronics,South,3,65000,0.15,UPI,No,195000,29250.0,165750.0
O01653,2025-06-30 02:29:47.397479496,C0381,Webcam,Accessories,North,2,3500,0.15,UPI,No,7000,1050.0,5950.0
O01654,2025-06-30 05:06:46.881376274,C0026,Monitor,Electronics,West,3,15000,0.1,Debit Card,No,45000,4500.0,40500.0
O01655,2025-06-30 07:43:46.365273054,C0034,Keyboard,Accessories,West,4,2000,0.05,UPI,No,8000,400.0,7600.0
O01656,2025-06-30 10:20:45.849169834,C0266,Mouse,Accessories,East,4,800,0.0,Credit Card,No,3200,0.0,3200.0
O01657,2025-06-30 12:57:45.333066612,C0275,Tablet,Electronics,West,2,30000,0.0,Debit Card,No,60000,0.0,60000.0
O01658,2025-06-30 15:34:44.816963392,C0222,Mouse,Accessories,South,2,800,0.15,Credit Card,Yes,1600,240.0,1360.0
O01659,2025-06-30 18:11:44.300860172,C0464,Tablet,Electronics,East,2,30000,0.1,Debit Card,No,60000,6000.0,54000.0
O01660,2025-06-30 20:48:43.784756950,C0374,Keyboard,Accessories,South,2,2000,0.1,UPI,No,4000,400.0,3600.0
O01661,2025-06-30 23:25:43.268653730,C0156,Mouse,Accessories,West,3,800,0.1,Cash,No,2400,240.0,2160.0
O01662,2025-07-01 02:02:42.752550510,C0168,Laptop,Electronics,West,5,65000,0.05,Debit Card,No,325000,16250.0,308750.0
O01663,2025-07-01 04:39:42.236447288,C0175,Laptop,Electronics,North,4,65000,0.0,Debit Card,No,260000,0.0,260000.0
O01664,2025-07-01 07:16:41.720344068,C0333,Smartphone,Electronics,South,2,40000,0.1,UPI,No,80000,8000.0,72000.0
O01665,2025-07-01 09:53:41.204240848,C0278,Smartphone,Electronics,East,1,40000,0.0,Credit Card,No,40000,0.0,40000.0
O01666,2025-07-01 12:30:40.688137626,C0351,Keyboard,Accessories,South,5,2000,0.0,Debit Card,No,10000,0.0,10000.0
O01667,2025-07-01 15:07:40.172034406,C0189,Monitor,Electronics,South,2,15000,0.1,Debit Card,No,30000,3000.0,27000.0
O01668,2025-07-01 17:44:39.655931186,C0483,Mouse,Accessories,East,1,800,0.15,UPI,No,800,120.0,680.0
O01669,2025-07-01 20:21:39.139827964,C0096,Smartphone,Electronics,West,5,40000,0.05,Cash,No,200000,10000.0,190000.0
O01670,2025-07-01 22:58:38.623724744,C0102,Keyboard,Accessories,South,1,2000,0.05,Cash,No,2000,100.0,1900.0
O01671,2025-07-02 01:35:38.107621524,C0339,Laptop,Electronics,South,4,65000,0.15,Debit Card,No,260000,39000.0,221000.0
O01672,2025-07-02 04:12:37.591518302,C0339,Tablet,Electronics,East,3,30000,0.0,Cash,No,90000,0.0,90000.0
O01673,2025-07-02 06:49:37.075415082,C0018,Laptop,Electronics,South,2,65000,0.1,UPI,No,130000,13000.0,117000.0
O01674,2025-07-02 09:26:36.559311862,C0452,Keyboard,Accessories,North,3,2000,0.15,Credit Card,No,6000,900.0,5100.0
O01675,2025-07-02 12:03:36.043208642,C0026,Monitor,Electronics,North,1,15000,0.1,Credit Card,No,15000,1500.0,13500.0
O01676,2025-07-02 14:40:35.527105420,C0348,Laptop,Electronics,South,1,65000,0.15,UPI,No,65000,9750.0,55250.0
O01677,2025-07-02 17:17:35.011002200,C0475,Monitor,Electronics,East,3,15000,0.15,UPI,No,45000,6750.0,38250.0
O01678,2025-07-02 19:54:34.494898980,C0099,Webcam,Accessories,East,4,3500,0.0,Debit Card,No,14000,0.0,14000.0
O01679,2025-07-02 22:31:33.978795758,C0002,Smartphone,Electronics,West,2,40000,0.05,Debit Card,No,80000,4000.0,76000.0
O01680,2025-07-03 01:08:33.462692538,C0177,Webcam,Accessories,North,3,3500,0.05,Debit Card,No,10500,525.0,9975.0
O01681,2025-07-03 03:45:32.946589318,C0425,Headphones,Accessories,North,1,2500,0.0,Cash,No,2500,0.0,2500.0
O01682,2025-07-03 06:22:32.430486096,C0456,Webcam,Accessories,West,2,3500,0.1,UPI,No,7000,700.0,6300.0
O01683,2025-07-03 08:59:31.914382876,C0418,Laptop,Electronics,South,4,65000,0.15,UPI,No,260000,39000.0,221000.0
O01684,2025-07-03 11:36:31.398279656,C0120,Laptop,Electronics,East,3,65000,0.0,UPI,No,195000,0.0,195000.0
O01685,2025-07-03 14:13:30.882176434,C0368,Laptop,Electronics,South,1,65000,0.1,Credit Card,No,65000,6500.0,58500.0
O01686,2025-07-03 16:50:30.366073214,C0288,Headphones,Accessories,North,1,2500,0.1,Debit Card,No,2500,250.0,2250.0
O01687,2025-07-03 19:27:29.849969994,C0083,Tablet,Electronics,West,2,30000,0.05,Cash,No,60000,3000.0,57000.0
O01688,2025-07-03 22:04:29.333866772,C0134,Keyboard,Accessories,West,5,2000,0.1,Cash,No,10000,1000.0,9000.0
O01689,2025-07-04 00:41:28.817763552,C0269,Keyboard,Accessories,West,4,2000,0.0,UPI,No,8000,0.0,8000.0
O01690,2025-07-04 03:18:28.301660332,C0060,Keyboard,Accessories,West,2,2000,0.0,Credit Card,No,4000,0.0,4000.0
O01691,2025-07-04 05:55:27.785557110,C0220,Keyboard,Accessories,South,3,2000,0.1,Debit Card,No,6000,600.0,5400.0
O01692,2025-07-04 08:32:27.269453890,C0154,Webcam,Accessories,West,1,3500,0.05,UPI,Yes,3500,175.0,3325.0
O01693,2025-07-04 11:09:26.753350670,C0077,Monitor,Electronics,West,2,15000,0.1,UPI,No,30000,3000.0,27000.0
O01694,2025-07-04 13:46:26.237247448,C0027,Monitor,Electronics,East,1,15000,0.05,Credit Card,No,15000,750.0,14250.0
O01695,2025-07-04 16:23:25.721144228,C0270,Laptop,Electronics,West,3,65000,0.05,Credit Card,No,195000,9750.0,185250.0
O01696,2025-07-04 19:00:25.205041008,C0382,Mouse,Accessories,South,1,800,0.15,Debit Card,No,800,120.0,680.0
O01697,2025-07-04 21:37:24.688937786,C0215,Tablet,Electronics,South,4,30000,0.15,Cash,No,120000,18000.0,102000.0
O01698,2025-07-05 00:14:24.172834566,C0253,Headphones,Accessories,West,1,2500,0.15,Credit Card,No,2500,375.0,2125.0
O01699,2025-07-05 02:51:23.656731346,C0282,Laptop,Electronics,East,1,65000,0.05,Credit Card,No,65000,3250.0,61750.0
O01700,2025-07-05 05:28:23.140628124,C0102,Monitor,Electronics,North,5,15000,0.0,Cash,No,75000,0.0,75000.0
O01701,2025-07-05 08:05:22.624524904,C0366,Laptop,Electronics,South,1,65000,0.1,Debit Card,No,65000,6500.0,58500.0
O01702,2025-07-05 10:42:22.108421684,C0370,Laptop,Electronics,South,4,65000,0.0,Cash,No,260000,0.0,260000.0
O01703,2025-07-05 13:19:21.592318464,C0425,Smartphone,Electronics,North,4,40000,0.1,Debit Card,No,160000,16000.0,144000.0
O01704,2025-07-05 15:56:21.076215242,C0004,Smartphone,Electronics,West,2,40000,0.05,UPI,No,80000,4000.0,76000.0
O01705,2025-07-05 18:33:20.560112022,C0273,Mouse,Accessories,East,3,800,0.15,Credit Card,No,2400,360.0,2040.0
O01706,2025-07-05 21:10:20.044008802,C0281,Headphones,Accessories,North,4,2500,0.05,Debit Card,No,10000,500.0,9500.0
O01707,2025-07-05 23:47:19.527905580,C0303,Smartphone,Electronics,North,5,40000,0.05,Credit Card,No,200000,10000.0,190000.0
O01708,2025-07-06 02:24:19.011802360,C0366,Mouse,Accessories,South,3,800,0.15,Credit Card,No,2400,360.0,2040.0
O01709,2025-07-06 05:01:18.495699140,C0400,Webcam,Accessories,East,1,3500,0.0,Debit Card,No,3500,0.0,3500.0
O01710,2025-07-06 07:38:17.979595918,C0391,Webcam,Accessories,East,1,3500,0.0,UPI,No,3500,0.0,3500.0
O01711,2025-07-06 10:15:17.463492698,C0264,Tablet,Electronics,East,3,30000,0.15,Debit Card,No,90000,13500.0,76500.0
O01712,2025-07-06 12:52:16.947389478,C0437,Smartphone,Electronics,East,2,40000,0.1,UPI,No,80000,8000.0,72000.0
O01713,2025-07-06 15:29:16.431286256,C0146,Laptop,Electronics,West,1,65000,0.0,Debit Card,No,65000,0.0,65000.0
O01714,2025-07-06 18:06:15.915183036,C0420,Webcam,Accessories,North,5,3500,0.05,Debit Card,No,17500,875.0,16625.0
O01715,2025-07-06 20:43:15.399079816,C0460,Headphones,Accessories,South,4,2500,0.05,UPI,No,10000,500.0,9500.0
O01716,2025-07-06 23:20:14.882976594,C0456,Headphones,Accessories,South,5,2500,0.05,Cash,Yes,12500,625.0,11875.0
O01717,2025-07-07 01:57:14.366873374,C0480,Keyboard,Accessories,South,2,2000,0.15,Debit Card,No,4000,600.0,3400.0
O01718,2025-07-07 04:34:13.850770154,C0115,Monitor,Electronics,South,3,15000,0.1,Cash,No,45000,4500.0,40500.0
O01719,2025-07-07 07:11:13.334666932,C0258,Keyboard,Accessories,East,1,2000,0.1,Cash,No,2000,200.0,1800.0
O01720,2025-07-07 09:48:12.818563712,C0049,Laptop,Electronics,East,2,65000,0.05,UPI,No,130000,6500.0,123500.0
O01721,2025-07-07 12:25:12.302460492,C0355,Monitor,Electronics,South,4,15000,0.15,Credit Card,No,60000,9000.0,51000.0
O01722,2025-07-07 15:02:11.786357270,C0273,Webcam,Accessories,North,2,3500,0.15,Cash,No,7000,1050.0,5950.0
O01723,2025-07-07 17:39:11.270254050,C0083,Smartphone,Electronics,East,4,40000,0.1,Credit Card,No,160000,16000.0,144000.0
O01724,2025-07-07 20:16:10.754150830,C0285,Webcam,Accessories,West,2,3500,0.0,Debit Card,No,7000,0.0,7000.0
O01725,2025-07-07 22:53:10.238047608,C0307,Laptop,Electronics,North,4,65000,0.0,Cash,No,260000,0.0,260000.0
O01726,2025-07-08 01:30:09.721944388,C0098,Webcam,Accessories,East,5,3500,0.0,Debit Card,No,17500,0.0,17500.0
O01727,2025-07-08 04:07:09.205841168,C0244,Mouse,Accessories,North,5,800,0.15,Debit Card,No,4000,600.0,3400.0
O01728,2025-07-08 06:44:08.689737946,C0184,Headphones,Accessories,West,5,2500,0.05,UPI,No,12500,625.0,11875.0
O01729,2025-07-08 09:21:08.173634726,C0405,Webcam,Accessories,North,4,3500,0.0,Cash,No,14000,0.0,14000.0
O01730,2025-07-08 11:58:07.657531506,C0155,Monitor,Electronics,West,2,15000,0.15,UPI,No,30000,4500.0,25500.0
O01731,2025-07-08 14:35:07.141428284,C0389,Monitor,Electronics,North,5,15000,0.15,Debit Card,No,75000,11250.0,63750.0
O01732,2025-07-08 17:12:06.625325064,C0360,Monitor,Electronics,West,2,15000,0.15,Debit Card,No,30000,4500.0,25500.0
O01733,2025-07-08 19:49:06.109221844,C0485,Smartphone,Electronics,South,4,40000,0.05,UPI,No,160000,8000.0,152000.0
O01734,2025-07-08 22:26:05.593118624,C0018,Laptop,Electronics,North,4,65000,0.1,Credit Card,No,260000,26000.0,234000.0
O01735,2025-07-09 01:03:05.077015402,C0455,Smartphone,Electronics,West,3,40000,0.15,Credit Card,No,120000,18000.0,102000.0
O01736,2025-07-09 03:40:04.560912182,C0330,Tablet,Electronics,South,1,30000,0.1,Debit Card,No,30000,3000.0,27000.0
O01737,2025-07-09 06:17:04.044808962,C0044,Headphones,Accessories,West,1,2500,0.05,UPI,No,2500,125.0,2375.0
O01738,2025-07-09 08:54:03.528705740,C0467,Keyboard,Accessories,North,1,2000,0.15,Debit Card,No,2000,300.0,1700.0
O01739,2025-07-09 11:31:03.012602520,C0372,Monitor,Electronics,North,1,15000,0.15,Debit Card,No,15000,2250.0,12750.0
O01740,2025-07-09 14:08:02.496499300,C0076,Headphones,Accessories,North,5,2500,0.05,Credit Card,No,12500,625.0,11875.0
O01741,2025-07-09 16:45:01.980396078,C0409,Headphones,Accessories,North,3,2500,0.15,Debit Card,No,7500,1125.0,6375.0
O01742,2025-07-09 19:22:01.464292858,C0416,Smartphone,Electronics,West,2,40000,0.15,UPI,No,80000,12000.0,68000.0
O01743,2025-07-09 21:59:00.948189638,C0128,Tablet,Electronics,East,3,30000,0.1,UPI,No,90000,9000.0,81000.0
O01744,2025-07-10 00:36:00.432086416,C0313,Mouse,Accessories,West,3,800,0.15,Credit Card,No,2400,360.0,2040.0
O01745,2025-07-10 03:12:59.915983196,C0232,Laptop,Electronics,South,4,65000,0.05,Cash,No,260000,13000.0,247000.0
O01746,2025-07-10 05:49:59.399879976,C0077,Webcam,Accessories,West,4,3500,0.0,UPI,No,14000,0.0,14000.0
O01747,2025-07-10 08:26:58.883776754,C0150,Monitor,Electronics,West,4,15000,0.15,Cash,No,60000,9000.0,51000.0
O01748,2025-07-10 11:03:58.367673534,C0094,Monitor,Electronics,South,5,15000,0.15,Credit Card,No,75000,11250.0,63750.0
O01749,2025-07-10 13:40:57.851570314,C0438,Laptop,Electronics,East,3,65000,0.05,Debit Card,No,195000,9750.0,185250.0
O01750,2025-07-10 16:17:57.335467092,C0346,Headphones,Accessories,North,2,2500,0.0,Credit Card,No,5000,0.0,5000.0
O01751,2025-07-10 18:54:56.819363872,C0234,Monitor,Electronics,South,5,15000,0.05,Credit Card,No,75000,3750.0,71250.0
O01752,2025-07-10 21:31:56.303260652,C0317,Tablet,Electronics,West,3,30000,0.05,Credit Card,No,90000,4500.0,85500.0
O01753,2025-07-11 00:08:55.787157430,C0040,Tablet,Electronics,South,3,30000,0.0,Credit Card,No,90000,0.0,90000.0
O01754,2025-07-11 02:45:55.271054210,C0410,Headphones,Accessories,West,4,2500,0.15,Cash,No,10000,1500.0,8500.0
O01755,2025-07-11 05:22:54.754950990,C0308,Headphones,Accessories,South,4,2500,0.0,Cash,No,10000,0.0,10000.0
O01756,2025-07-11 07:59:54.238847768,C0271,Smartphone,Electronics,East,5,40000,0.1,UPI,No,200000,20000.0,180000.0
O01757,2025-07-11 10:36:53.722744548,C0354,Smartphone,Electronics,South,4,40000,0.15,Cash,Yes,160000,24000.0,136000.0
O01758,2025-07-11 13:13:53.206641328,C0047,Tablet,Electronics,South,2,30000,0.15,Credit Card,No,60000,9000.0,51000.0
O01759,2025-07-11 15:50:52.690538106,C0195,Keyboard,Accessories,East,1,2000,0.1,Cash,Yes,2000,200.0,1800.0
O01760,2025-07-11 18:27:52.174434886,C0150,Smartphone,Electronics,North,3,40000,0.1,Credit Card,No,120000,12000.0,108000.0
O01761,2025-07-11 21:04:51.658331666,C0375,Monitor,Electronics,South,3,15000,0.15,Credit Card,No,45000,6750.0,38250.0
O01762,2025-07-11 23:41:51.142228444,C0004,Headphones,Accessories,West,1,2500,0.1,Debit Card,No,2500,250.0,2250.0
O01763,2025-07-12 02:18:50.626125224,C0084,Tablet,Electronics,North,3,30000,0.1,Debit Card,No,90000,9000.0,81000.0
O01764,2025-07-12 04:55:50.110022004,C0049,Mouse,Accessories,South,1,800,0.1,Credit Card,No,800,80.0,720.0
O01765,2025-07-12 07:32:49.593918784,C0435,Tablet,Electronics,East,1,30000,0.05,UPI,No,30000,1500.0,28500.0
O01766,2025-07-12 10:09:49.077815562,C0434,Monitor,Electronics,North,2,15000,0.0,UPI,No,30000,0.0,30000.0
O01767,2025-07-12 12:46:48.561712342,C0200,Headphones,Accessories,South,4,2500,0.15,UPI,No,10000,1500.0,8500.0
O01768,2025-07-12 15:23:48.045609122,C0296,Laptop,Electronics,North,1,65000,0.05,Debit Card,No,65000,3250.0,61750.0
O01769,2025-07-12 18:00:47.529505900,C0028,Smartphone,Electronics,South,1,40000,0.05,Credit Card,Yes,40000,2000.0,38000.0
O01770,2025-07-12 20:37:47.013402680,C0111,Smartphone,Electronics,South,4,40000,0.0,Debit Card,No,160000,0.0,160000.0
O01771,2025-07-12 23:14:46.497299460,C0378,Smartphone,Electronics,East,2,40000,0.05,UPI,No,80000,4000.0,76000.0
O01772,2025-07-13 01:51:45.981196238,C0070,Smartphone,Electronics,South,2,40000,0.15,Debit Card,No,80000,12000.0,68000.0
O01773,2025-07-13 04:28:45.465093018,C0107,Headphones,Accessories,South,2,2500,0.0,Cash,No,5000,0.0,5000.0
O01774,2025-07-13 07:05:44.948989798,C0009,Monitor,Electronics,North,2,15000,0.05,Debit Card,No,30000,1500.0,28500.0
O01775,2025-07-13 09:42:44.432886576,C0404,Tablet,Electronics,East,5,30000,0.05,Debit Card,No,150000,7500.0,142500.0
O01776,2025-07-13 12:19:43.916783356,C0447,Laptop,Electronics,West,1,65000,0.0,Debit Card,No,65000,0.0,65000.0
O01777,2025-07-13 14:56:43.400680136,C0224,Smartphone,Electronics,North,2,40000,0.0,Cash,No,80000,0.0,80000.0
O01778,2025-07-13 17:33:42.884576914,C0056,Tablet,Electronics,South,2,30000,0.1,Cash,No,60000,6000.0,54000.0
O01779,2025-07-13 20:10:42.368473694,C0195,Keyboard,Accessories,South,2,2000,0.15,UPI,Yes,4000,600.0,3400.0
O01780,2025-07-13 22:47:41.852370474,C0330,Webcam,Accessories,West,3,3500,0.05,Debit Card,No,10500,525.0,9975.0
O01781,2025-07-14 01:24:41.336267252,C0260,Laptop,Electronics,East,2,65000,0.15,UPI,No,130000,19500.0,110500.0
O01782,2025-07-14 04:01:40.820164032,C0256,Webcam,Accessories,North,1,3500,0.1,UPI,No,3500,350.0,3150.0
O01783,2025-07-14 06:38:40.304060812,C0398,Smartphone,Electronics,West,5,40000,0.05,Credit Card,No,200000,10000.0,190000.0
O01784,2025-07-14 09:15:39.787957590,C0464,Monitor,Electronics,North,5,15000,0.1,UPI,No,75000,7500.0,67500.0
O01785,2025-07-14 11:52:39.271854370,C0222,Keyboard,Accessories,West,5,2000,0.15,Cash,No,10000,1500.0,8500.0
O01786,2025-07-14 14:29:38.755751150,C0154,Tablet,Electronics,North,2,30000,0.0,Cash,No,60000,0.0,60000.0
O01787,2025-07-14 17:06:38.239647928,C0443,Mouse,Accessories,South,5,800,0.05,UPI,Yes,4000,200.0,3800.0
O01788,2025-07-14 19:43:37.723544708,C0183,Headphones,Accessories,South,5,2500,0.0,Cash,Yes,12500,0.0,12500.0
O01789,2025-07-14 22:20:37.207441488,C0220,Monitor,Electronics,North,2,15000,0.1,Credit Card,No,30000,3000.0,27000.0
O01790,2025-07-15 00:57:36.691338266,C0026,Keyboard,Accessories,North,1,2000,0.1,Cash,No,2000,200.0,1800.0
O01791,2025-07-15 03:34:36.175235046,C0079,Mouse,Accessories,South,5,800,0.15,Cash,No,4000,600.0,3400.0
O01792,2025-07-15 06:11:35.659131826,C0035,Smartphone,Electronics,East,2,40000,0.15,Cash,No,80000,12000.0,68000.0
O01793,2025-07-15 08:48:35.143028604,C0408,Keyboard,Accessories,East,3,2000,0.05,Debit Card,No,6000,300.0,5700.0
O01794,2025-07-15 11:25:34.626925384,C0225,Webcam,Accessories,South,4,3500,0.1,Cash,No,14000,1400.0,12600.0
O01795,2025-07-15 14:02:34.110822164,C0062,Monitor,Electronics,West,1,15000,0.05,Debit Card,No,15000,750.0,14250.0
O01796,2025-07-15 16:39:33.594718944,C0131,Webcam,Accessories,East,3,3500,0.0,Credit Card,No,10500,0.0,10500.0
O01797,2025-07-15 19:16:33.078615722,C0238,Tablet,Electronics,West,4,30000,0.0,Cash,Yes,120000,0.0,120000.0
O01798,2025-07-15 21:53:32.562512502,C0459,Keyboard,Accessories,East,5,2000,0.05,Credit Card,No,10000,500.0,9500.0
O01799,2025-07-16 00:30:32.046409282,C0221,Keyboard,Accessories,West,1,2000,0.1,Cash,No,2000,200.0,1800.0
O01800,2025-07-16 03:07:31.530306060,C0498,Keyboard,Accessories,North,5,2000,0.15,Cash,No,10000,1500.0,8500.0
O01801,2025-07-16 05:44:31.014202840,C0325,Smartphone,Electronics,North,1,40000,0.15,UPI,No,40000,6000.0,34000.0
O01802,2025-07-16 08:21:30.498099620,C0365,Smartphone,Electronics,West,5,40000,0.0,UPI,Yes,200000,0.0,200000.0
O01803,2025-07-16 10:58:29.981996398,C0324,Headphones,Accessories,East,1,2500,0.15,Debit Card,No,2500,375.0,2125.0
O01804,2025-07-16 13:35:29.465893178,C0270,Keyboard,Accessories,East,1,2000,0.0,Debit Card,Yes,2000,0.0,2000.0
O01805,2025-07-16 16:12:28.949789958,C0310,Mouse,Accessories,East,2,800,0.0,Cash,No,1600,0.0,1600.0
O01806,2025-07-16 18:49:28.433686736,C0156,Webcam,Accessories,East,3,3500,0.0,Debit Card,No,10500,0.0,10500.0
O01807,2025-07-16 21:26:27.917583516,C0267,Mouse,Accessories,West,1,800,0.05,Cash,No,800,40.0,760.0
O01808,2025-07-17 00:03:27.401480296,C0475,Monitor,Electronics,East,5,15000,0.1,Credit Card,No,75000,7500.0,67500.0
O01809,2025-07-17 02:40:26.885377074,C0180,Smartphone,Electronics,West,3,40000,0.15,Debit Card,No,120000,18000.0,102000.0
O01810,2025-07-17 05:17:26.369273854,C0450,Keyboard,Accessories,East,4,2000,0.05,Cash,No,8000,400.0,7600.0
O01811,2025-07-17 07:54:25.853170634,C0377,Mouse,Accessories,West,2,800,0.0,Credit Card,Yes,1600,0.0,1600.0
O01812,2025-07-17 10:31:25.337067412,C0004,Tablet,Electronics,West,2,30000,0.15,UPI,No,60000,9000.0,51000.0
O01813,2025-07-17 13:08:24.820964192,C0460,Headphones,Accessories,North,2,2500,0.05,Credit Card,No,5000,250.0,4750.0
O01814,2025-07-17 15:45:24.304860972,C0397,Headphones,Accessories,South,2,2500,0.1,UPI,No,5000,500.0,4500.0
O01815,2025-07-17 18:22:23.788757750,C0365,Mouse,Accessories,West,1,800,0.05,UPI,No,800,40.0,760.0
O01816,2025-07-17 20:59:23.272654530,C0011,Monitor,Electronics,South,5,15000,0.1,Credit Card,No,75000,7500.0,67500.0
O01817,2025-07-17 23:36:22.756551310,C0110,Tablet,Electronics,North,3,30000,0.05,UPI,No,90000,4500.0,85500.0
O01818,2025-07-18 02:13:22.240448088,C0184,Monitor,Electronics,East,3,15000,0.05,Debit Card,No,45000,2250.0,42750.0
O01819,2025-07-18 04:50:21.724344868,C0345,Headphones,Accessories,South,1,2500,0.05,Debit Card,No,2500,125.0,2375.0
O01820,2025-07-18 07:27:21.208241648,C0202,Laptop,Electronics,West,3,65000,0.15,Debit Card,No,195000,29250.0,165750.0
O01821,2025-07-18 10:04:20.692138426,C0206,Keyboard,Accessories,South,2,2000,0.0,Cash,No,4000,0.0,4000.0
O01822,2025-07-18 12:41:20.176035206,C0272,Smartphone,Electronics,East,4,40000,0.05,Credit Card,No,160000,8000.0,152000.0
O01823,2025-07-18 15:18:19.659931986,C0109,Mouse,Accessories,South,1,800,0.0,Credit Card,No,800,0.0,800.0
O01824,2025-07-18 17:55:19.143828766,C0179,Laptop,Electronics,West,4,65000,0.15,Credit Card,No,260000,39000.0,221000.0
O01825,2025-07-18 20:32:18.627725544,C0330,Keyboard,Accessories,North,5,2000,0.15,Credit Card,No,10000,1500.0,8500.0
O01826,2025-07-18 23:09:18.111622324,C0158,Smartphone,Electronics,North,5,40000,0.0,Debit Card,No,200000,0.0,200000.0
O01827,2025-07-19 01:46:17.595519104,C0484,Laptop,Electronics,West,2,65000,0.1,Credit Card,No,130000,13000.0,117000.0
O01828,2025-07-19 04:23:17.079415882,C0402,Smartphone,Electronics,South,2,40000,0.1,Credit Card,No,80000,8000.0,72000.0
O01829,2025-07-19 07:00:16.563312662,C0500,Smartphone,Electronics,North,3,40000,0.15,Debit Card,No,120000,18000.0,102000.0
O01830,2025-07-19 09:37:16.047209442,C0415,Tablet,Electronics,South,4,30000,0.05,Debit Card,No,120000,6000.0,114000.0
O01831,2025-07-19 12:14:15.531106220,C0391,Mouse,Accessories,South,3,800,0.0,Cash,No,2400,0.0,2400.0
O01832,2025-07-19 14:51:15.015003000,C0140,Monitor,Electronics,North,3,15000,0.15,UPI,No,45000,6750.0,38250.0
O01833,2025-07-19 17:28:14.498899780,C0174,Mouse,Accessories,South,1,800,0.15,Cash,No,800,120.0,680.0
O01834,2025-07-19 20:05:13.982796558,C0011,Keyboard,Accessories,East,4,2000,0.05,Cash,No,8000,400.0,7600.0
O01835,2025-07-19 22:42:13.466693338,C0219,Laptop,Electronics,South,2,65000,0.05,Cash,No,130000,6500.0,123500.0
O01836,2025-07-20 01:19:12.950590118,C0143,Smartphone,Electronics,West,2,40000,0.0,UPI,No,80000,0.0,80000.0
O01837,2025-07-20 03:56:12.434486896,C0366,Mouse,Accessories,South,5,800,0.05,UPI,No,4000,200.0,3800.0
O01838,2025-07-20 06:33:11.918383676,C0282,Smartphone,Electronics,South,1,40000,0.0,Credit Card,No,40000,0.0,40000.0
O01839,2025-07-20 09:10:11.402280456,C0119,Smartphone,Electronics,South,1,40000,0.05,Cash,Yes,40000,2000.0,38000.0
O01840,2025-07-20 11:47:10.886177234,C0359,Smartphone,Electronics,South,5,40000,0.15,UPI,No,200000,30000.0,170000.0
O01841,2025-07-20 14:24:10.370074014,C0457,Keyboard,Accessories,North,3,2000,0.1,Credit Card,No,6000,600.0,5400.0
O01842,2025-07-20 17:01:09.853970794,C0366,Headphones,Accessories,East,2,2500,0.05,Cash,Yes,5000,250.0,4750.0
O01843,2025-07-20 19:38:09.337867572,C0440,Tablet,Electronics,North,3,30000,0.05,UPI,Yes,90000,4500.0,85500.0
O01844,2025-07-20 22:15:08.821764352,C0146,Headphones,Accessories,West,1,2500,0.15,Cash,No,2500,375.0,2125.0
O01845,2025-07-21 00:52:08.305661132,C0471,Mouse,Accessories,South,1,800,0.05,Debit Card,No,800,40.0,760.0
O01846,2025-07-21 03:29:07.789557910,C0343,Headphones,Accessories,West,5,2500,0.05,UPI,Yes,12500,625.0,11875.0
O01847,2025-07-21 06:06:07.273454690,C0014,Headphones,Accessories,South,3,2500,0.05,Debit Card,No,7500,375.0,7125.0
O01848,2025-07-21 08:43:06.757351470,C0150,Monitor,Electronics,North,1,15000,0.05,Credit Card,No,15000,750.0,14250.0
O01849,2025-07-21 11:20:06.241248248,C0351,Mouse,Accessories,South,1,800,0.0,Cash,No,800,0.0,800.0
O01850,2025-07-21 13:57:05.725145028,C0152,Mouse,Accessories,West,1,800,0.05,Credit Card,Yes,800,40.0,760.0
O01851,2025-07-21 16:34:05.209041808,C0426,Keyboard,Accessories,West,3,2000,0.0,Credit Card,No,6000,0.0,6000.0
O01852,2025-07-21 19:11:04.692938586,C0318,Headphones,Accessories,South,5,2500,0.0,Cash,No,12500,0.0,12500.0
O01853,2025-07-21 21:48:04.176835366,C0339,Keyboard,Accessories,North,5,2000,0.0,Credit Card,No,10000,0.0,10000.0
O01854,2025-07-22 00:25:03.660732146,C0203,Smartphone,Electronics,West,5,40000,0.0,Credit Card,No,200000,0.0,200000.0
O01855,2025-07-22 03:02:03.144628926,C0467,Keyboard,Accessories,North,5,2000,0.0,Debit Card,No,10000,0.0,10000.0
O01856,2025-07-22 05:39:02.628525704,C0102,Headphones,Accessories,South,5,2500,0.1,UPI,No,12500,1250.0,11250.0
O01857,2025-07-22 08:16:02.112422484,C0197,Monitor,Electronics,West,3,15000,0.1,UPI,No,45000,4500.0,40500.0
O01858,2025-07-22 10:53:01.596319264,C0050,Mouse,Accessories,East,1,800,0.0,UPI,No,800,0.0,800.0
O01859,2025-07-22 13:30:01.080216042,C0036,Laptop,Electronics,West,5,65000,0.1,UPI,No,325000,32500.0,292500.0
O01860,2025-07-22 16:07:00.564112822,C0455,Monitor,Electronics,East,2,15000,0.15,Debit Card,No,30000,4500.0,25500.0
O01861,2025-07-22 18:44:00.048009602,C0260,Laptop,Electronics,West,1,65000,0.15,Debit Card,No,65000,9750.0,55250.0
O01862,2025-07-22 21:20:59.531906380,C0013,Webcam,Accessories,South,5,3500,0.0,UPI,No,17500,0.0,17500.0
O01863,2025-07-22 23:57:59.015803160,C0315,Mouse,Accessories,West,3,800,0.05,Debit Card,No,2400,120.0,2280.0
O01864,2025-07-23 02:34:58.499699940,C0415,Smartphone,Electronics,North,3,40000,0.0,Credit Card,Yes,120000,0.0,120000.0
O01865,2025-07-23 05:11:57.983596718,C0462,Tablet,Electronics,East,2,30000,0.05,UPI,No,60000,3000.0,57000.0
O01866,2025-07-23 07:48:57.467493498,C0130,Keyboard,Accessories,North,1,2000,0.05,Debit Card,No,2000,100.0,1900.0
O01867,2025-07-23 10:25:56.951390278,C0073,Webcam,Accessories,South,3,3500,0.1,Cash,No,10500,1050.0,9450.0
O01868,2025-07-23 13:02:56.435287056,C0019,Headphones,Accessories,East,2,2500,0.05,UPI,No,5000,250.0,4750.0
O01869,2025-07-23 15:39:55.919183836,C0370,Keyboard,Accessories,West,4,2000,0.1,UPI,No,8000,800.0,7200.0
O01870,2025-07-23 18:16:55.403080616,C0313,Keyboard,Accessories,North,4,2000,0.1,UPI,No,8000,800.0,7200.0
O01871,2025-07-23 20:53:54.886977394,C0312,Webcam,Accessories,West,2,3500,0.15,UPI,No,7000,1050.0,5950.0
O01872,2025-07-23 23:30:54.370874174,C0336,Monitor,Electronics,West,2,15000,0.05,Debit Card,No,30000,1500.0,28500.0
O01873,2025-07-24 02:07:53.854770954,C0453,Mouse,Accessories,East,3,800,0.15,Cash,No,2400,360.0,2040.0
O01874,2025-07-24 04:44:53.338667732,C0269,Keyboard,Accessories,South,1,2000,0.15,Credit Card,No,2000,300.0,1700.0
O01875,2025-07-24 07:21:52.822564512,C0154,Headphones,Accessories,West,1,2500,0.0,Credit Card,No,2500,0.0,2500.0
O01876,2025-07-24 09:58:52.306461292,C0425,Monitor,Electronics,South,1,15000,0.15,Credit Card,No,15000,2250.0,12750.0
O01877,2025-07-24 12:35:51.790358070,C0385,Webcam,Accessories,North,4,3500,0.0,Credit Card,No,14000,0.0,14000.0
O01878,2025-07-24 15:12:51.274254850,C0108,Tablet,Electronics,West,5,30000,0.0,Cash,No,150000,0.0,150000.0
O01879,2025-07-24 17:49:50.758151630,C0428,Keyboard,Accessories,East,3,2000,0.1,Debit Card,No,6000,600.0,5400.0
O01880,2025-07-24 20:26:50.242048408,C0139,Webcam,Accessories,North,4,3500,0.1,Credit Card,No,14000,1400.0,12600.0
O01881,2025-07-24 23:03:49.725945188,C0037,Webcam,Accessories,West,5,3500,0.15,Debit Card,No,17500,2625.0,14875.0
O01882,2025-07-25 01:40:49.209841968,C0167,Webcam,Accessories,North,4,3500,0.1,Debit Card,No,14000,1400.0,12600.0
O01883,2025-07-25 04:17:48.693738746,C0325,Keyboard,Accessories,West,3,2000,0.1,Credit Card,No,6000,600.0,5400.0
O01884,2025-07-25 06:54:48.177635526,C0070,Keyboard,Accessories,South,2,2000,0.15,Debit Card,No,4000,600.0,3400.0
O01885,2025-07-25 09:31:47.661532306,C0230,Tablet,Electronics,West,5,30000,0.15,UPI,No,150000,22500.0,127500.0
O01886,2025-07-25 12:08:47.145429086,C0374,Webcam,Accessories,West,1,3500,0.05,Debit Card,No,3500,175.0,3325.0
O01887,2025-07-25 14:45:46.629325864,C0290,Webcam,Accessories,East,5,3500,0.15,Credit Card,No,17500,2625.0,14875.0
O01888,2025-07-25 17:22:46.113222644,C0017,Laptop,Electronics,North,2,65000,0.15,UPI,No,130000,19500.0,110500.0
O01889,2025-07-25 19:59:45.597119424,C0419,Laptop,Electronics,West,5,65000,0.1,Cash,No,325000,32500.0,292500.0
O01890,2025-07-25 22:36:45.081016202,C0108,Smartphone,Electronics,North,4,40000,0.15,UPI,No,160000,24000.0,136000.0
O01891,2025-07-26 01:13:44.564912982,C0466,Mouse,Accessories,East,2,800,0.1,Cash,No,1600,160.0,1440.0
O01892,2025-07-26 03:50:44.048809762,C0328,Laptop,Electronics,East,3,65000,0.0,Debit Card,No,195000,0.0,195000.0
O01893,2025-07-26 06:27:43.532706540,C0369,Webcam,Accessories,East,4,3500,0.05,Cash,No,14000,700.0,13300.0
O01894,2025-07-26 09:04:43.016603320,C0357,Tablet,Electronics,South,3,30000,0.0,Cash,No,90000,0.0,90000.0
O01895,2025-07-26 11:41:42.500500100,C0123,Headphones,Accessories,East,1,2500,0.15,UPI,No,2500,375.0,2125.0
O01896,2025-07-26 14:18:41.984396878,C0274,Mouse,Accessories,North,1,800,0.0,Credit Card,No,800,0.0,800.0
O01897,2025-07-26 16:55:41.468293658,C0019,Mouse,Accessories,South,2,800,0.05,UPI,No,1600,80.0,1520.0
O01898,2025-07-26 19:32:40.952190438,C0447,Laptop,Electronics,West,1,65000,0.15,UPI,Yes,65000,9750.0,55250.0
O01899,2025-07-26 22:09:40.436087216,C0061,Laptop,Electronics,North,4,65000,0.05,UPI,No,260000,13000.0,247000.0
O01900,2025-07-27 00:46:39.919983996,C0493,Headphones,Accessories,South,4,2500,0.05,Cash,No,10000,500.0,9500.0
O01901,2025-07-27 03:23:39.403880776,C0402,Webcam,Accessories,East,5,3500,0.05,Debit Card,No,17500,875.0,16625.0
O01902,2025-07-27 06:00:38.887777554,C0234,Headphones,Accessories,West,2,2500,0.15,Debit Card,No,5000,750.0,4250.0
O01903,2025-07-27 08:37:38.371674334,C0369,Tablet,Electronics,North,5,30000,0.05,Cash,No,150000,7500.0,142500.0
O01904,2025-07-27 11:14:37.855571114,C0354,Mouse,Accessories,West,1,800,0.15,Cash,Yes,800,120.0,680.0
O01905,2025-07-27 13:51:37.339467892,C0355,Keyboard,Accessories,South,4,2000,0.1,Debit Card,No,8000,800.0,7200.0
O01906,2025-07-27 16:28:36.823364672,C0383,Mouse,Accessories,South,3,800,0.05,Cash,No,2400,120.0,2280.0
O01907,2025-07-27 19:05:36.307261452,C0064,Smartphone,Electronics,West,3,40000,0.05,Credit Card,No,120000,6000.0,114000.0
O01908,2025-07-27 21:42:35.791158230,C0086,Keyboard,Accessories,South,2,2000,0.15,UPI,No,4000,600.0,3400.0
O01909,2025-07-28 00:19:35.275055010,C0025,Laptop,Electronics,North,2,65000,0.1,Debit Card,No,130000,13000.0,117000.0
O01910,2025-07-28 02:56:34.758951790,C0067,Headphones,Accessories,East,3,2500,0.15,UPI,No,7500,1125.0,6375.0
O01911,2025-07-28 05:33:34.242848568,C0128,Laptop,Electronics,East,2,65000,0.1,Cash,No,130000,13000.0,117000.0
O01912,2025-07-28 08:10:33.726745348,C0367,Monitor,Electronics,East,5,15000,0.15,UPI,No,75000,11250.0,63750.0
O01913,2025-07-28 10:47:33.210642128,C0308,Keyboard,Accessories,East,5,2000,0.0,Cash,No,10000,0.0,10000.0
O01914,2025-07-28 13:24:32.694538908,C0221,Keyboard,Accessories,North,4,2000,0.05,UPI,Yes,8000,400.0,7600.0
O01915,2025-07-28 16:01:32.178435688,C0392,Webcam,Accessories,North,4,3500,0.1,Debit Card,No,14000,1400.0,12600.0
O01916,2025-07-28 18:38:31.662332464,C0344,Monitor,Electronics,South,4,15000,0.0,Cash,No,60000,0.0,60000.0
O01917,2025-07-28 21:15:31.146229244,C0491,Smartphone,Electronics,West,1,40000,0.15,Debit Card,No,40000,6000.0,34000.0
O01918,2025-07-28 23:52:30.630126024,C0323,Keyboard,Accessories,South,5,2000,0.1,Debit Card,No,10000,1000.0,9000.0
O01919,2025-07-29 02:29:30.114022804,C0338,Laptop,Electronics,East,5,65000,0.1,Credit Card,Yes,325000,32500.0,292500.0
O01920,2025-07-29 05:06:29.597919584,C0112,Headphones,Accessories,East,3,2500,0.15,UPI,No,7500,1125.0,6375.0
O01921,2025-07-29 07:43:29.081816364,C0049,Mouse,Accessories,North,2,800,0.05,Credit Card,No,1600,80.0,1520.0
O01922,2025-07-29 10:20:28.565713140,C0251,Monitor,Electronics,East,3,15000,0.0,Debit Card,No,45000,0.0,45000.0
O01923,2025-07-29 12:57:28.049609920,C0105,Laptop,Electronics,North,3,65000,0.05,Credit Card,No,195000,9750.0,185250.0
O01924,2025-07-29 15:34:27.533506700,C0321,Keyboard,Accessories,North,5,2000,0.1,Cash,No,10000,1000.0,9000.0
O01925,2025-07-29 18:11:27.017403480,C0221,Headphones,Accessories,North,4,2500,0.1,UPI,Yes,10000,1000.0,9000.0
O01926,2025-07-29 20:48:26.501300260,C0142,Keyboard,Accessories,West,4,2000,0.1,Cash,No,8000,800.0,7200.0
O01927,2025-07-29 23:25:25.985197040,C0388,Monitor,Electronics,North,4,15000,0.05,Cash,No,60000,3000.0,57000.0
O01928,2025-07-30 02:02:25.469093816,C0246,Smartphone,Electronics,South,2,40000,0.1,Cash,No,80000,8000.0,72000.0
O01929,2025-07-30 04:39:24.952990596,C0272,Monitor,Electronics,North,3,15000,0.15,Credit Card,No,45000,6750.0,38250.0
O01930,2025-07-30 07:16:24.436887376,C0410,Keyboard,Accessories,West,2,2000,0.1,Credit Card,No,4000,400.0,3600.0
O01931,2025-07-30 09:53:23.920784156,C0287,Monitor,Electronics,North,3,15000,0.05,Credit Card,Yes,45000,2250.0,42750.0
O01932,2025-07-30 12:30:23.404680936,C0185,Headphones,Accessories,South,2,2500,0.1,UPI,No,5000,500.0,4500.0
O01933,2025-07-30 15:07:22.888577716,C0471,Tablet,Electronics,East,1,30000,0.0,Credit Card,No,30000,0.0,30000.0
O01934,2025-07-30 17:44:22.372474496,C0193,Tablet,Electronics,South,2,30000,0.1,Credit Card,No,60000,6000.0,54000.0
O01935,2025-07-30 20:21:21.856371272,C0013,Headphones,Accessories,West,2,2500,0.0,Debit Card,No,5000,0.0,5000.0
O01936,2025-07-30 22:58:21.340268052,C0351,Monitor,Electronics,North,1,15000,0.15,Credit Card,No,15000,2250.0,12750.0
O01937,2025-07-31 01:35:20.824164832,C0468,Keyboard,Accessories,East,1,2000,0.05,Credit Card,No,2000,100.0,1900.0
O01938,2025-07-31 04:12:20.308061612,C0407,Monitor,Electronics,East,1,15000,0.1,Cash,No,15000,1500.0,13500.0
O01939,2025-07-31 06:49:19.791958392,C0480,Smartphone,Electronics,East,3,40000,0.0,Debit Card,No,120000,0.0,120000.0
O01940,2025-07-31 09:26:19.275855172,C0313,Webcam,Accessories,West,5,3500,0.0,UPI,No,17500,0.0,17500.0
O01941,2025-07-31 12:03:18.759751948,C0020,Keyboard,Accessories,East,1,2000,0.0,UPI,No,2000,0.0,2000.0
O01942,2025-07-31 14:40:18.243648728,C0389,Headphones,Accessories,South,5,2500,0.0,Debit Card,No,12500,0.0,12500.0
O01943,2025-07-31 17:17:17.727545508,C0145,Mouse,Accessories,East,3,800,0.15,Credit Card,No,2400,360.0,2040.0
O01944,2025-07-31 19:54:17.211442288,C0252,Laptop,Electronics,East,3,65000,0.0,Debit Card,No,195000,0.0,195000.0
O01945,2025-07-31 22:31:16.695339068,C0443,Laptop,Electronics,East,5,65000,0.15,Credit Card,No,325000,48750.0,276250.0
O01946,2025-08-01 01:08:16.179235848,C0113,Smartphone,Electronics,North,1,40000,0.15,Debit Card,No,40000,6000.0,34000.0
O01947,2025-08-01 03:45:15.663132624,C0097,Monitor,Electronics,South,2,15000,0.05,Debit Card,No,30000,1500.0,28500.0
O01948,2025-08-01 06:22:15.147029404,C0230,Tablet,Electronics,North,2,30000,0.15,Cash,No,60000,9000.0,51000.0
O01949,2025-08-01 08:59:14.630926184,C0085,Laptop,Electronics,North,3,65000,0.15,UPI,No,195000,29250.0,165750.0
O01950,2025-08-01 11:36:14.114822964,C0114,Laptop,Electronics,East,1,65000,0.1,Debit Card,No,65000,6500.0,58500.0
O01951,2025-08-01 14:13:13.598719744,C0323,Tablet,Electronics,South,3,30000,0.0,Debit Card,No,90000,0.0,90000.0
O01952,2025-08-01 16:50:13.082616524,C0365,Headphones,Accessories,West,5,2500,0.05,Debit Card,No,12500,625.0,11875.0
O01953,2025-08-01 19:27:12.566513300,C0318,Tablet,Electronics,East,5,30000,0.0,Cash,No,150000,0.0,150000.0
O01954,2025-08-01 22:04:12.050410080,C0081,Laptop,Electronics,West,4,65000,0.0,Credit Card,No,260000,0.0,260000.0
O01955,2025-08-02 00:41:11.534306860,C0479,Mouse,Accessories,North,3,800,0.0,Cash,No,2400,0.0,2400.0
O01956,2025-08-02 03:18:11.018203640,C0235,Mouse,Accessories,East,3,800,0.1,UPI,No,2400,240.0,2160.0
O01957,2025-08-02 05:55:10.502100420,C0370,Headphones,Accessories,South,5,2500,0.1,Cash,No,12500,1250.0,11250.0
O01958,2025-08-02 08:32:09.985997200,C0363,Monitor,Electronics,West,5,15000,0.0,Cash,No,75000,0.0,75000.0
O01959,2025-08-02 11:09:09.469893980,C0075,Webcam,Accessories,North,2,3500,0.1,Debit Card,No,7000,700.0,6300.0
O01960,2025-08-02 13:46:08.953790756,C0335,Smartphone,Electronics,East,4,40000,0.0,Cash,No,160000,0.0,160000.0
O01961,2025-08-02 16:23:08.437687536,C0386,Webcam,Accessories,East,2,3500,0.05,Debit Card,Yes,7000,350.0,6650.0
O01962,2025-08-02 19:00:07.921584316,C0482,Webcam,Accessories,West,4,3500,0.05,Credit Card,No,14000,700.0,13300.0
O01963,2025-08-02 21:37:07.405481096,C0069,Tablet,Electronics,East,4,30000,0.0,Cash,No,120000,0.0,120000.0
O01964,2025-08-03 00:14:06.889377876,C0204,Laptop,Electronics,West,3,65000,0.1,Cash,No,195000,19500.0,175500.0
O01965,2025-08-03 02:51:06.373274656,C0314,Laptop,Electronics,East,1,65000,0.1,Debit Card,No,65000,6500.0,58500.0
O01966,2025-08-03 05:28:05.857171432,C0326,Smartphone,Electronics,North,3,40000,0.05,UPI,No,120000,6000.0,114000.0
O01967,2025-08-03 08:05:05.341068212,C0187,Webcam,Accessories,South,4,3500,0.1,Credit Card,No,14000,1400.0,12600.0
O01968,2025-08-03 10:42:04.824964992,C0312,Laptop,Electronics,North,2,65000,0.1,Credit Card,No,130000,13000.0,117000.0
O01969,2025-08-03 13:19:04.308861772,C0071,Smartphone,Electronics,North,3,40000,0.05,Debit Card,No,120000,6000.0,114000.0
O01970,2025-08-03 15:56:03.792758552,C0457,Mouse,Accessories,North,2,800,0.1,UPI,No,1600,160.0,1440.0
O01971,2025-08-03 18:33:03.276655332,C0362,Smartphone,Electronics,West,3,40000,0.1,Debit Card,No,120000,12000.0,108000.0
O01972,2025-08-03 21:10:02.760552108,C0310,Laptop,Electronics,North,5,65000,0.1,Credit Card,No,325000,32500.0,292500.0
O01973,2025-08-03 23:47:02.244448888,C0373,Tablet,Electronics,North,2,30000,0.05,Cash,Yes,60000,3000.0,57000.0
O01974,2025-08-04 02:24:01.728345668,C0255,Monitor,Electronics,West,5,15000,0.05,UPI,No,75000,3750.0,71250.0
O01975,2025-08-04 05:01:01.212242448,C0200,Monitor,Electronics,West,4,15000,0.1,UPI,No,60000,6000.0,54000.0
O01976,2025-08-04 07:38:00.696139228,C0396,Mouse,Accessories,North,3,800,0.0,UPI,No,2400,0.0,2400.0
O01977,2025-08-04 10:15:00.180036008,C0033,Webcam,Accessories,East,1,3500,0.0,Cash,No,3500,0.0,3500.0
O01978,2025-08-04 12:51:59.663932784,C0249,Headphones,Accessories,West,4,2500,0.15,Cash,No,10000,1500.0,8500.0
O01979,2025-08-04 15:28:59.147829564,C0016,Tablet,Electronics,South,5,30000,0.05,Credit Card,No,150000,7500.0,142500.0
O01980,2025-08-04 18:05:58.631726344,C0261,Smartphone,Electronics,South,5,40000,0.0,Credit Card,No,200000,0.0,200000.0
O01981,2025-08-04 20:42:58.115623124,C0174,Smartphone,Electronics,South,1,40000,0.1,UPI,No,40000,4000.0,36000.0
O01982,2025-08-04 23:19:57.599519904,C0074,Laptop,Electronics,East,1,65000,0.15,Cash,No,65000,9750.0,55250.0
O01983,2025-08-05 01:56:57.083416684,C0428,Tablet,Electronics,North,2,30000,0.15,Debit Card,No,60000,9000.0,51000.0
O01984,2025-08-05 04:33:56.567313460,C0171,Webcam,Accessories,West,5,3500,0.05,Credit Card,No,17500,875.0,16625.0
O01985,2025-08-05 07:10:56.051210240,C0077,Tablet,Electronics,South,5,30000,0.1,Cash,Yes,150000,15000.0,135000.0
O01986,2025-08-05 09:47:55.535107020,C0485,Tablet,Electronics,North,1,30000,0.15,UPI,No,30000,4500.0,25500.0
O01987,2025-08-05 12:24:55.019003800,C0451,Monitor,Electronics,North,3,15000,0.1,Credit Card,No,45000,4500.0,40500.0
O01988,2025-08-05 15:01:54.502900580,C0207,Mouse,Accessories,North,4,800,0.15,UPI,No,3200,480.0,2720.0
O01989,2025-08-05 17:38:53.986797360,C0418,Webcam,Accessories,West,5,3500,0.05,Debit Card,No,17500,875.0,16625.0
O01990,2025-08-05 20:15:53.470694140,C0361,Tablet,Electronics,South,5,30000,0.05,Debit Card,No,150000,7500.0,142500.0
O01991,2025-08-05 22:52:52.954590916,C0319,Laptop,Electronics,East,3,65000,0.0,UPI,No,195000,0.0,195000.0
O01992,2025-08-06 01:29:52.438487696,C0168,Tablet,Electronics,West,5,30000,0.1,Debit Card,No,150000,15000.0,135000.0
O01993,2025-08-06 04:06:51.922384476,C0434,Tablet,Electronics,East,5,30000,0.0,Credit Card,No,150000,0.0,150000.0
O01994,2025-08-06 06:43:51.406281256,C0472,Monitor,Electronics,South,1,15000,0.1,Debit Card,No,15000,1500.0,13500.0
O01995,2025-08-06 09:20:50.890178036,C0307,Smartphone,Electronics,East,4,40000,0.15,UPI,No,160000,24000.0,136000.0
O01996,2025-08-06 11:57:50.374074816,C0325,Smartphone,Electronics,South,1,40000,0.15,Debit Card,No,40000,6000.0,34000.0
O01997,2025-08-06 14:34:49.857971592,C0411,Webcam,Accessories,South,3,3500,0.05,Cash,Yes,10500,525.0,9975.0
O01998,2025-08-06 17:11:49.341868372,C0094,Headphones,Accessories,East,2,2500,0.05,Credit Card,No,5000,250.0,4750.0
O01999,2025-08-06 19:48:48.825765152,C0069,Keyboard,Accessories,West,3,2000,0.1,UPI,No,6000,600.0,5400.0
O02000,2025-08-06 22:25:48.309661932,C0380,Smartphone,Electronics,West,3,40000,0.1,Cash,No,120000,12000.0,108000.0
O02001,2025-08-07 01:02:47.793558712,C0444,Webcam,Accessories,West,2,3500,0.0,Cash,No,7000,0.0,7000.0
O02002,2025-08-07 03:39:47.277455492,C0219,Headphones,Accessories,South,1,2500,0.15,Credit Card,No,2500,375.0,2125.0
O02003,2025-08-07 06:16:46.761352268,C0081,Webcam,Accessories,North,1,3500,0.05,Credit Card,No,3500,175.0,3325.0
O02004,2025-08-07 08:53:46.245249048,C0495,Laptop,Electronics,East,3,65000,0.15,Credit Card,No,195000,29250.0,165750.0
O02005,2025-08-07 11:30:45.729145828,C0290,Headphones,Accessories,North,2,2500,0.1,Cash,Yes,5000,500.0,4500.0
O02006,2025-08-07 14:07:45.213042608,C0384,Monitor,Electronics,North,3,15000,0.15,Cash,No,45000,6750.0,38250.0
O02007,2025-08-07 16:44:44.696939388,C0044,Smartphone,Electronics,West,4,40000,0.0,Credit Card,No,160000,0.0,160000.0
O02008,2025-08-07 19:21:44.180836168,C0034,Keyboard,Accessories,West,1,2000,0.1,Debit Card,No,2000,200.0,1800.0
O02009,2025-08-07 21:58:43.664732944,C0100,Laptop,Electronics,East,3,65000,0.0,Debit Card,No,195000,0.0,195000.0
O02010,2025-08-08 00:35:43.148629724,C0271,Smartphone,Electronics,West,1,40000,0.0,Cash,No,40000,0.0,40000.0
O02011,2025-08-08 03:12:42.632526504,C0137,Webcam,Accessories,East,2,3500,0.1,Cash,No,7000,700.0,6300.0
O02012,2025-08-08 05:49:42.116423284,C0335,Keyboard,Accessories,South,3,2000,0.0,Cash,No,6000,0.0,6000.0
O02013,2025-08-08 08:26:41.600320064,C0013,Tablet,Electronics,West,2,30000,0.15,Credit Card,No,60000,9000.0,51000.0
O02014,2025-08-08 11:03:41.084216844,C0356,Headphones,Accessories,South,3,2500,0.0,Cash,No,7500,0.0,7500.0
O02015,2025-08-08 13:40:40.568113620,C0401,Headphones,Accessories,North,5,2500,0.15,UPI,Yes,12500,1875.0,10625.0
O02016,2025-08-08 16:17:40.052010400,C0147,Tablet,Electronics,North,2,30000,0.0,Credit Card,No,60000,0.0,60000.0
O02017,2025-08-08 18:54:39.535907180,C0063,Smartphone,Electronics,South,1,40000,0.1,UPI,No,40000,4000.0,36000.0
O02018,2025-08-08 21:31:39.019803960,C0411,Mouse,Accessories,North,5,800,0.15,Debit Card,No,4000,600.0,3400.0
O02019,2025-08-09 00:08:38.503700740,C0136,Tablet,Electronics,North,3,30000,0.0,Debit Card,No,90000,0.0,90000.0
O02020,2025-08-09 02:45:37.987597520,C0465,Mouse,Accessories,East,5,800,0.0,Credit Card,No,4000,0.0,4000.0
O02021,2025-08-09 05:22:37.471494300,C0098,Tablet,Electronics,West,4,30000,0.05,Credit Card,No,120000,6000.0,114000.0
O02022,2025-08-09 07:59:36.955391076,C0297,Webcam,Accessories,East,5,3500,0.15,Credit Card,Yes,17500,2625.0,14875.0
O02023,2025-08-09 10:36:36.439287856,C0390,Smartphone,Electronics,South,4,40000,0.15,UPI,No,160000,24000.0,136000.0
O02024,2025-08-09 13:13:35.923184636,C0125,Tablet,Electronics,East,5,30000,0.0,Cash,No,150000,0.0,150000.0
O02025,2025-08-09 15:50:35.407081416,C0313,Keyboard,Accessories,South,2,2000,0.15,Debit Card,No,4000,600.0,3400.0
O02026,2025-08-09 18:27:34.890978196,C0133,Monitor,Electronics,North,4,15000,0.15,Cash,No,60000,9000.0,51000.0
O02027,2025-08-09 21:04:34.374874976,C0168,Webcam,Accessories,South,1,3500,0.05,UPI,No,3500,175.0,3325.0
O02028,2025-08-09 23:41:33.858771752,C0494,Tablet,Electronics,East,4,30000,0.0,Cash,No,120000,0.0,120000.0
O02029,2025-08-10 02:18:33.342668532,C0189,Mouse,Accessories,South,5,800,0.1,Debit Card,No,4000,400.0,3600.0
O02030,2025-08-10 04:55:32.826565312,C0245,Headphones,Accessories,North,5,2500,0.15,Debit Card,No,12500,1875.0,10625.0
O02031,2025-08-10 07:32:32.310462092,C0134,Headphones,Accessories,East,2,2500,0.1,Cash,No,5000,500.0,4500.0
O02032,2025-08-10 10:09:31.794358872,C0164,Headphones,Accessories,West,3,2500,0.0,Debit Card,No,7500,0.0,7500.0
O02033,2025-08-10 12:46:31.278255652,C0119,Laptop,Electronics,West,5,65000,0.15,UPI,No,325000,48750.0,276250.0
O02034,2025-08-10 15:23:30.762152428,C0026,Laptop,Electronics,East,3,65000,0.0,Credit Card,No,195000,0.0,195000.0
O02035,2025-08-10 18:00:30.246049208,C0339,Laptop,Electronics,South,2,65000,0.1,Cash,No,130000,13000.0,117000.0
O02036,2025-08-10 20:37:29.729945988,C0041,Smartphone,Electronics,East,2,40000,0.15,Cash,No,80000,12000.0,68000.0
O02037,2025-08-10 23:14:29.213842768,C0032,Mouse,Accessories,North,3,800,0.1,UPI,No,2400,240.0,2160.0
O02038,2025-08-11 01:51:28.697739548,C0198,Monitor,Electronics,North,4,15000,0.15,Cash,No,60000,9000.0,51000.0
O02039,2025-08-11 04:28:28.181636328,C0243,Mouse,Accessories,East,5,800,0.15,UPI,No,4000,600.0,3400.0
O02040,2025-08-11 07:05:27.665533104,C0343,Webcam,Accessories,South,2,3500,0.05,Debit Card,No,7000,350.0,6650.0
O02041,2025-08-11 09:42:27.149429884,C0229,Webcam,Accessories,North,4,3500,0.0,Debit Card,No,14000,0.0,14000.0
O02042,2025-08-11 12:19:26.633326664,C0077,Laptop,Electronics,North,3,65000,0.05,Credit Card,No,195000,9750.0,185250.0
O02043,2025-08-11 14:56:26.117223444,C0207,Webcam,Accessories,North,1,3500,0.0,Debit Card,No,3500,0.0,3500.0
O02044,2025-08-11 17:33:25.601120224,C0040,Headphones,Accessories,North,2,2500,0.1,UPI,No,5000,500.0,4500.0
O02045,2025-08-11 20:10:25.085017004,C0031,Mouse,Accessories,West,5,800,0.0,Cash,No,4000,0.0,4000.0
O02046,2025-08-11 22:47:24.568913780,C0219,Monitor,Electronics,West,2,15000,0.1,Cash,No,30000,3000.0,27000.0
O02047,2025-08-12 01:24:24.052810560,C0443,Smartphone,Electronics,East,5,40000,0.0,Cash,Yes,200000,0.0,200000.0
O02048,2025-08-12 04:01:23.536707340,C0187,Mouse,Accessories,North,5,800,0.05,UPI,No,4000,200.0,3800.0
O02049,2025-08-12 06:38:23.020604120,C0101,Tablet,Electronics,South,4,30000,0.0,Credit Card,No,120000,0.0,120000.0
O02050,2025-08-12 09:15:22.504500900,C0276,Headphones,Accessories,East,2,2500,0.1,Credit Card,No,5000,500.0,4500.0
O02051,2025-08-12 11:52:21.988397680,C0187,Webcam,Accessories,North,3,3500,0.05,Credit Card,No,10500,525.0,9975.0
O02052,2025-08-12 14:29:21.472294460,C0013,Headphones,Accessories,East,4,2500,0.05,Cash,No,10000,500.0,9500.0
O02053,2025-08-12 17:06:20.956191236,C0066,Webcam,Accessories,West,3,3500,0.05,UPI,No,10500,525.0,9975.0
O02054,2025-08-12 19:43:20.440088016,C0359,Keyboard,Accessories,South,1,2000,0.05,Debit Card,No,2000,100.0,1900.0
O02055,2025-08-12 22:20:19.923984796,C0042,Mouse,Accessories,West,1,800,0.1,UPI,No,800,80.0,720.0
O02056,2025-08-13 00:57:19.407881576,C0153,Monitor,Electronics,South,5,15000,0.1,Debit Card,No,75000,7500.0,67500.0
O02057,2025-08-13 03:34:18.891778356,C0068,Smartphone,Electronics,North,5,40000,0.05,UPI,No,200000,10000.0,190000.0
O02058,2025-08-13 06:11:18.375675136,C0186,Headphones,Accessories,South,3,2500,0.05,Debit Card,No,7500,375.0,7125.0
O02059,2025-08-13 08:48:17.859571912,C0469,Mouse,Accessories,South,5,800,0.0,Cash,No,4000,0.0,4000.0
O02060,2025-08-13 11:25:17.343468692,C0337,Webcam,Accessories,South,5,3500,0.15,Credit Card,Yes,17500,2625.0,14875.0
O02061,2025-08-13 14:02:16.827365472,C0187,Laptop,Electronics,West,5,65000,0.1,Debit Card,Yes,325000,32500.0,292500.0
O02062,2025-08-13 16:39:16.311262252,C0077,Keyboard,Accessories,West,4,2000,0.0,Debit Card,No,8000,0.0,8000.0
O02063,2025-08-13 19:16:15.795159032,C0212,Headphones,Accessories,North,4,2500,0.05,Debit Card,No,10000,500.0,9500.0
O02064,2025-08-13 21:53:15.279055812,C0415,Tablet,Electronics,South,1,30000,0.1,Cash,No,30000,3000.0,27000.0
O02065,2025-08-14 00:30:14.762952588,C0236,Keyboard,Accessories,East,1,2000,0.0,Cash,No,2000,0.0,2000.0
O02066,2025-08-14 03:07:14.246849368,C0128,Keyboard,Accessories,North,1,2000,0.1,Credit Card,Yes,2000,200.0,1800.0
O02067,2025-08-14 05:44:13.730746148,C0334,Monitor,Electronics,North,2,15000,0.0,Debit Card,No,30000,0.0,30000.0
O02068,2025-08-14 08:21:13.214642928,C0292,Headphones,Accessories,South,1,2500,0.15,Cash,No,2500,375.0,2125.0
O02069,2025-08-14 10:58:12.698539708,C0165,Laptop,Electronics,North,4,65000,0.15,Debit Card,No,260000,39000.0,221000.0
O02070,2025-08-14 13:35:12.182436488,C0250,Tablet,Electronics,North,3,30000,0.05,UPI,Yes,90000,4500.0,85500.0
O02071,2025-08-14 16:12:11.666333264,C0126,Monitor,Electronics,East,3,15000,0.15,Cash,No,45000,6750.0,38250.0
O02072,2025-08-14 18:49:11.150230044,C0092,Keyboard,Accessories,North,2,2000,0.15,Credit Card,No,4000,600.0,3400.0
O02073,2025-08-14 21:26:10.634126824,C0475,Webcam,Accessories,South,3,3500,0.15,Debit Card,No,10500,1575.0,8925.0
O02074,2025-08-15 00:03:10.118023604,C0133,Tablet,Electronics,West,3,30000,0.1,Cash,No,90000,9000.0,81000.0
O02075,2025-08-15 02:40:09.601920384,C0123,Laptop,Electronics,West,3,65000,0.0,UPI,No,195000,0.0,195000.0
O02076,2025-08-15 05:17:09.085817164,C0412,Mouse,Accessories,East,1,800,0.15,UPI,Yes,800,120.0,680.0
O02077,2025-08-15 07:54:08.569713940,C0118,Laptop,Electronics,West,2,65000,0.1,Cash,No,130000,13000.0,117000.0
O02078,2025-08-15 10:31:08.053610720,C0141,Keyboard,Accessories,East,5,2000,0.15,UPI,No,10000,1500.0,8500.0
O02079,2025-08-15 13:08:07.537507500,C0496,Tablet,Electronics,West,4,30000,0.15,Debit Card,No,120000,18000.0,102000.0
O02080,2025-08-15 15:45:07.021404280,C0393,Mouse,Accessories,East,5,800,0.15,UPI,No,4000,600.0,3400.0
O02081,2025-08-15 18:22:06.505301060,C0341,Headphones,Accessories,West,5,2500,0.15,Cash,No,12500,1875.0,10625.0
O02082,2025-08-15 20:59:05.989197840,C0012,Monitor,Electronics,South,2,15000,0.05,Debit Card,No,30000,1500.0,28500.0
O02083,2025-08-15 23:36:05.473094620,C0383,Smartphone,Electronics,South,5,40000,0.15,UPI,No,200000,30000.0,170000.0
O02084,2025-08-16 02:13:04.956991396,C0066,Headphones,Accessories,South,2,2500,0.15,Credit Card,No,5000,750.0,4250.0
O02085,2025-08-16 04:50:04.440888176,C0399,Smartphone,Electronics,South,1,40000,0.15,Cash,No,40000,6000.0,34000.0
O02086,2025-08-16 07:27:03.924784956,C0494,Smartphone,Electronics,South,2,40000,0.1,Cash,No,80000,8000.0,72000.0
O02087,2025-08-16 10:04:03.408681736,C0470,Keyboard,Accessories,East,5,2000,0.1,Cash,No,10000,1000.0,9000.0
O02088,2025-08-16 12:41:02.892578516,C0425,Smartphone,Electronics,East,1,40000,0.0,UPI,No,40000,0.0,40000.0
O02089,2025-08-16 15:18:02.376475296,C0455,Mouse,Accessories,East,3,800,0.05,Credit Card,No,2400,120.0,2280.0
O02090,2025-08-16 17:55:01.860372072,C0091,Keyboard,Accessories,North,5,2000,0.1,UPI,Yes,10000,1000.0,9000.0
O02091,2025-08-16 20:32:01.344268852,C0392,Headphones,Accessories,South,4,2500,0.1,UPI,No,10000,1000.0,9000.0
O02092,2025-08-16 23:09:00.828165632,C0138,Laptop,Electronics,East,4,65000,0.1,UPI,No,260000,26000.0,234000.0
O02093,2025-08-17 01:46:00.312062412,C0143,Tablet,Electronics,East,4,30000,0.0,Cash,No,120000,0.0,120000.0
O02094,2025-08-17 04:22:59.795959192,C0052,Smartphone,Electronics,South,3,40000,0.1,Cash,No,120000,12000.0,108000.0
O02095,2025-08-17 06:59:59.279855972,C0493,Keyboard,Accessories,South,1,2000,0.1,Cash,No,2000,200.0,1800.0
O02096,2025-08-17 09:36:58.763752748,C0104,Mouse,Accessories,North,2,800,0.1,Cash,Yes,1600,160.0,1440.0
O02097,2025-08-17 12:13:58.247649528,C0400,Laptop,Electronics,East,2,65000,0.0,Debit Card,No,130000,0.0,130000.0
O02098,2025-08-17 14:50:57.731546308,C0144,Laptop,Electronics,East,2,65000,0.05,Cash,No,130000,6500.0,123500.0
O02099,2025-08-17 17:27:57.215443088,C0260,Monitor,Electronics,West,5,15000,0.15,UPI,No,75000,11250.0,63750.0
O02100,2025-08-17 20:04:56.699339868,C0138,Smartphone,Electronics,South,1,40000,0.1,Cash,Yes,40000,4000.0,36000.0
O02101,2025-08-17 22:41:56.183236648,C0382,Monitor,Electronics,South,4,15000,0.1,Cash,No,60000,6000.0,54000.0
O02102,2025-08-18 01:18:55.667133424,C0103,Mouse,Accessories,North,1,800,0.0,Credit Card,No,800,0.0,800.0
O02103,2025-08-18 03:55:55.151030204,C0156,Keyboard,Accessories,South,5,2000,0.05,Cash,No,10000,500.0,9500.0
O02104,2025-08-18 06:32:54.634926984,C0336,Keyboard,Accessories,South,3,2000,0.0,UPI,No,6000,0.0,6000.0
O02105,2025-08-18 09:09:54.118823764,C0179,Tablet,Electronics,South,5,30000,0.0,Cash,No,150000,0.0,150000.0
O02106,2025-08-18 11:46:53.602720544,C0477,Mouse,Accessories,East,4,800,0.1,Debit Card,No,3200,320.0,2880.0
O02107,2025-08-18 14:23:53.086617324,C0052,Mouse,Accessories,North,5,800,0.0,Credit Card,No,4000,0.0,4000.0
O02108,2025-08-18 17:00:52.570514100,C0285,Keyboard,Accessories,South,4,2000,0.1,Credit Card,No,8000,800.0,7200.0
O02109,2025-08-18 19:37:52.054410880,C0192,Tablet,Electronics,South,1,30000,0.05,Credit Card,No,30000,1500.0,28500.0
O02110,2025-08-18 22:14:51.538307660,C0389,Monitor,Electronics,East,3,15000,0.0,UPI,No,45000,0.0,45000.0
O02111,2025-08-19 00:51:51.022204440,C0228,Tablet,Electronics,West,4,30000,0.0,Credit Card,No,120000,0.0,120000.0
O02112,2025-08-19 03:28:50.506101220,C0436,Mouse,Accessories,South,4,800,0.15,Debit Card,No,3200,480.0,2720.0
O02113,2025-08-19 06:05:49.989998000,C0087,Laptop,Electronics,West,2,65000,0.1,Debit Card,No,130000,13000.0,117000.0
O02114,2025-08-19 08:42:49.473894780,C0184,Smartphone,Electronics,East,4,40000,0.0,Debit Card,No,160000,0.0,160000.0
O02115,2025-08-19 11:19:48.957791556,C0222,Webcam,Accessories,East,2,3500,0.05,Credit Card,No,7000,350.0,6650.0
O02116,2025-08-19 13:56:48.441688336,C0020,Mouse,Accessories,East,3,800,0.0,Cash,No,2400,0.0,2400.0
O02117,2025-08-19 16:33:47.925585116,C0409,Monitor,Electronics,North,1,15000,0.0,Cash,Yes,15000,0.0,15000.0
O02118,2025-08-19 19:10:47.409481896,C0004,Monitor,Electronics,North,2,15000,0.0,UPI,No,30000,0.0,30000.0
O02119,2025-08-19 21:47:46.893378676,C0155,Keyboard,Accessories,West,4,2000,0.0,Debit Card,No,8000,0.0,8000.0
O02120,2025-08-20 00:24:46.377275456,C0338,Headphones,Accessories,South,1,2500,0.15,UPI,Yes,2500,375.0,2125.0
O02121,2025-08-20 03:01:45.861172232,C0117,Keyboard,Accessories,South,3,2000,0.0,Credit Card,No,6000,0.0,6000.0
O02122,2025-08-20 05:38:45.345069012,C0414,Headphones,Accessories,South,1,2500,0.0,Debit Card,No,2500,0.0,2500.0
O02123,2025-08-20 08:15:44.828965792,C0326,Mouse,Accessories,North,1,800,0.0,Debit Card,No,800,0.0,800.0
O02124,2025-08-20 10:52:44.312862572,C0237,Mouse,Accessories,South,2,800,0.0,UPI,No,1600,0.0,1600.0
O02125,2025-08-20 13:29:43.796759352,C0214,Mouse,Accessories,North,2,800,0.0,Cash,No,1600,0.0,1600.0
O02126,2025-08-20 16:06:43.280656132,C0405,Smartphone,Electronics,North,3,40000,0.15,UPI,No,120000,18000.0,102000.0
O02127,2025-08-20 18:43:42.764552908,C0384,Webcam,Accessories,South,3,3500,0.05,Debit Card,No,10500,525.0,9975.0
O02128,2025-08-20 21:20:42.248449688,C0407,Monitor,Electronics,South,3,15000,0.15,UPI,No,45000,6750.0,38250.0
O02129,2025-08-20 23:57:41.732346468,C0149,Laptop,Electronics,South,4,65000,0.15,Debit Card,No,260000,39000.0,221000.0
O02130,2025-08-21 02:34:41.216243248,C0190,Webcam,Accessories,South,4,3500,0.1,UPI,No,14000,1400.0,12600.0
O02131,2025-08-21 05:11:40.700140028,C0361,Keyboard,Accessories,North,5,2000,0.15,UPI,No,10000,1500.0,8500.0
O02132,2025-08-21 07:48:40.184036808,C0285,Keyboard,Accessories,South,2,2000,0.05,Cash,No,4000,200.0,3800.0
O02133,2025-08-21 10:25:39.667933584,C0342,Laptop,Electronics,North,3,65000,0.15,Debit Card,No,195000,29250.0,165750.0
O02134,2025-08-21 13:02:39.151830364,C0288,Webcam,Accessories,North,1,3500,0.0,Debit Card,No,3500,0.0,3500.0
O02135,2025-08-21 15:39:38.635727144,C0491,Laptop,Electronics,West,2,65000,0.15,UPI,No,130000,19500.0,110500.0
O02136,2025-08-21 18:16:38.119623924,C0166,Smartphone,Electronics,North,3,40000,0.1,Credit Card,No,120000,12000.0,108000.0
O02137,2025-08-21 20:53:37.603520704,C0149,Keyboard,Accessories,South,3,2000,0.1,Cash,No,6000,600.0,5400.0
O02138,2025-08-21 23:30:37.087417484,C0168,Headphones,Accessories,East,2,2500,0.15,Debit Card,No,5000,750.0,4250.0
O02139,2025-08-22 02:07:36.571314260,C0174,Webcam,Accessories,East,3,3500,0.15,Credit Card,No,10500,1575.0,8925.0
O02140,2025-08-22 04:44:36.055211040,C0150,Tablet,Electronics,East,2,30000,0.0,Credit Card,No,60000,0.0,60000.0
O02141,2025-08-22 07:21:35.539107820,C0073,Monitor,Electronics,North,1,15000,0.05,Debit Card,No,15000,750.0,14250.0
O02142,2025-08-22 09:58:35.023004600,C0383,Monitor,Electronics,South,3,15000,0.15,Credit Card,No,45000,6750.0,38250.0
O02143,2025-08-22 12:35:34.506901380,C0285,Webcam,Accessories,West,3,3500,0.15,Credit Card,Yes,10500,1575.0,8925.0
O02144,2025-08-22 15:12:33.990798160,C0228,Tablet,Electronics,South,1,30000,0.0,Debit Card,No,30000,0.0,30000.0
O02145,2025-08-22 17:49:33.474694940,C0269,Laptop,Electronics,South,2,65000,0.1,UPI,No,130000,13000.0,117000.0
O02146,2025-08-22 20:26:32.958591716,C0327,Tablet,Electronics,South,2,30000,0.15,Credit Card,No,60000,9000.0,51000.0
O02147,2025-08-22 23:03:32.442488496,C0361,Headphones,Accessories,North,2,2500,0.15,Cash,No,5000,750.0,4250.0
O02148,2025-08-23 01:40:31.926385276,C0058,Keyboard,Accessories,South,1,2000,0.0,Debit Card,No,2000,0.0,2000.0
O02149,2025-08-23 04:17:31.410282056,C0482,Laptop,Electronics,East,2,65000,0.0,Credit Card,No,130000,0.0,130000.0
O02150,2025-08-23 06:54:30.894178836,C0009,Webcam,Accessories,East,5,3500,0.0,Credit Card,Yes,17500,0.0,17500.0
O02151,2025-08-23 09:31:30.378075616,C0063,Laptop,Electronics,East,3,65000,0.0,Cash,No,195000,0.0,195000.0
O02152,2025-08-23 12:08:29.861972392,C0128,Headphones,Accessories,East,5,2500,0.1,Credit Card,No,12500,1250.0,11250.0
O02153,2025-08-23 14:45:29.345869172,C0162,Webcam,Accessories,North,5,3500,0.1,Cash,Yes,17500,1750.0,15750.0
O02154,2025-08-23 17:22:28.829765952,C0339,Mouse,Accessories,West,1,800,0.0,Cash,No,800,0.0,800.0
O02155,2025-08-23 19:59:28.313662732,C0128,Laptop,Electronics,West,2,65000,0.0,Debit Card,No,130000,0.0,130000.0
O02156,2025-08-23 22:36:27.797559512,C0093,Webcam,Accessories,West,1,3500,0.0,Debit Card,No,3500,0.0,3500.0
O02157,2025-08-24 01:13:27.281456292,C0479,Webcam,Accessories,East,2,3500,0.1,Credit Card,No,7000,700.0,6300.0
O02158,2025-08-24 03:50:26.765353068,C0037,Keyboard,Accessories,East,5,2000,0.15,UPI,No,10000,1500.0,8500.0
O02159,2025-08-24 06:27:26.249249848,C0225,Laptop,Electronics,South,5,65000,0.1,Cash,Yes,325000,32500.0,292500.0
O02160,2025-08-24 09:04:25.733146628,C0231,Mouse,Accessories,West,3,800,0.0,Credit Card,No,2400,0.0,2400.0
O02161,2025-08-24 11:41:25.217043408,C0317,Smartphone,Electronics,East,2,40000,0.0,Credit Card,No,80000,0.0,80000.0
O02162,2025-08-24 14:18:24.700940188,C0047,Smartphone,Electronics,North,5,40000,0.0,Credit Card,No,200000,0.0,200000.0
O02163,2025-08-24 16:55:24.184836968,C0325,Keyboard,Accessories,West,3,2000,0.1,Cash,No,6000,600.0,5400.0
O02164,2025-08-24 19:32:23.668733744,C0326,Tablet,Electronics,West,2,30000,0.1,Debit Card,No,60000,6000.0,54000.0
O02165,2025-08-24 22:09:23.152630524,C0165,Monitor,Electronics,East,3,15000,0.05,UPI,No,45000,2250.0,42750.0
O02166,2025-08-25 00:46:22.636527304,C0031,Keyboard,Accessories,North,4,2000,0.1,Cash,No,8000,800.0,7200.0
O02167,2025-08-25 03:23:22.120424084,C0206,Laptop,Electronics,East,1,65000,0.05,Debit Card,No,65000,3250.0,61750.0
O02168,2025-08-25 06:00:21.604320864,C0102,Monitor,Electronics,South,1,15000,0.05,Credit Card,No,15000,750.0,14250.0
O02169,2025-08-25 08:37:21.088217644,C0184,Mouse,Accessories,South,1,800,0.05,Credit Card,No,800,40.0,760.0
O02170,2025-08-25 11:14:20.572114424,C0326,Smartphone,Electronics,North,1,40000,0.0,Credit Card,No,40000,0.0,40000.0
O02171,2025-08-25 13:51:20.056011200,C0183,Webcam,Accessories,East,3,3500,0.1,Debit Card,No,10500,1050.0,9450.0
O02172,2025-08-25 16:28:19.539907980,C0408,Tablet,Electronics,East,3,30000,0.15,Credit Card,No,90000,13500.0,76500.0
O02173,2025-08-25 19:05:19.023804760,C0392,Webcam,Accessories,East,4,3500,0.15,Debit Card,No,14000,2100.0,11900.0
O02174,2025-08-25 21:42:18.507701540,C0424,Laptop,Electronics,West,1,65000,0.15,UPI,No,65000,9750.0,55250.0
O02175,2025-08-26 00:19:17.991598320,C0454,Mouse,Accessories,West,5,800,0.15,Debit Card,No,4000,600.0,3400.0
O02176,2025-08-26 02:56:17.475495100,C0274,Laptop,Electronics,West,5,65000,0.15,UPI,No,325000,48750.0,276250.0
O02177,2025-08-26 05:33:16.959391876,C0069,Tablet,Electronics,South,4,30000,0.05,UPI,No,120000,6000.0,114000.0
O02178,2025-08-26 08:10:16.443288656,C0356,Headphones,Accessories,East,4,2500,0.1,UPI,No,10000,1000.0,9000.0
O02179,2025-08-26 10:47:15.927185436,C0161,Webcam,Accessories,South,2,3500,0.15,Debit Card,No,7000,1050.0,5950.0
O02180,2025-08-26 13:24:15.411082216,C0213,Monitor,Electronics,North,2,15000,0.15,Credit Card,No,30000,4500.0,25500.0
O02181,2025-08-26 16:01:14.894978996,C0433,Webcam,Accessories,North,5,3500,0.15,UPI,No,17500,2625.0,14875.0
O02182,2025-08-26 18:38:14.378875776,C0165,Laptop,Electronics,South,1,65000,0.1,Debit Card,No,65000,6500.0,58500.0
O02183,2025-08-26 21:15:13.862772552,C0190,Tablet,Electronics,North,4,30000,0.1,Cash,No,120000,12000.0,108000.0
O02184,2025-08-26 23:52:13.346669332,C0230,Tablet,Electronics,East,4,30000,0.1,Credit Card,No,120000,12000.0,108000.0
O02185,2025-08-27 02:29:12.830566112,C0204,Monitor,Electronics,West,1,15000,0.15,Credit Card,No,15000,2250.0,12750.0
O02186,2025-08-27 05:06:12.314462892,C0066,Tablet,Electronics,North,5,30000,0.05,Debit Card,No,150000,7500.0,142500.0
O02187,2025-08-27 07:43:11.798359672,C0193,Webcam,Accessories,East,2,3500,0.15,Credit Card,No,7000,1050.0,5950.0
O02188,2025-08-27 10:20:11.282256452,C0035,Keyboard,Accessories,South,3,2000,0.0,Debit Card,Yes,6000,0.0,6000.0
O02189,2025-08-27 12:57:10.766153228,C0303,Keyboard,Accessories,North,3,2000,0.0,Cash,No,6000,0.0,6000.0
O02190,2025-08-27 15:34:10.250050008,C0110,Smartphone,Electronics,West,1,40000,0.0,Cash,No,40000,0.0,40000.0
O02191,2025-08-27 18:11:09.733946788,C0269,Monitor,Electronics,West,4,15000,0.0,Debit Card,No,60000,0.0,60000.0
O02192,2025-08-27 20:48:09.217843568,C0370,Webcam,Accessories,West,2,3500,0.1,UPI,No,7000,700.0,6300.0
O02193,2025-08-27 23:25:08.701740348,C0424,Tablet,Electronics,South,5,30000,0.05,Cash,No,150000,7500.0,142500.0
O02194,2025-08-28 02:02:08.185637128,C0067,Keyboard,Accessories,South,1,2000,0.05,Credit Card,No,2000,100.0,1900.0
O02195,2025-08-28 04:39:07.669533904,C0178,Headphones,Accessories,South,2,2500,0.05,Credit Card,No,5000,250.0,4750.0
O02196,2025-08-28 07:16:07.153430684,C0239,Webcam,Accessories,North,4,3500,0.15,Cash,No,14000,2100.0,11900.0
O02197,2025-08-28 09:53:06.637327464,C0415,Tablet,Electronics,North,3,30000,0.0,Debit Card,No,90000,0.0,90000.0
O02198,2025-08-28 12:30:06.121224244,C0201,Keyboard,Accessories,North,2,2000,0.15,UPI,No,4000,600.0,3400.0
O02199,2025-08-28 15:07:05.605121024,C0246,Headphones,Accessories,North,4,2500,0.1,Credit Card,No,10000,1000.0,9000.0
O02200,2025-08-28 17:44:05.089017804,C0146,Monitor,Electronics,West,1,15000,0.15,UPI,No,15000,2250.0,12750.0
O02201,2025-08-28 20:21:04.572914584,C0341,Monitor,Electronics,West,1,15000,0.1,Credit Card,No,15000,1500.0,13500.0
O02202,2025-08-28 22:58:04.056811360,C0023,Mouse,Accessories,East,4,800,0.1,Debit Card,No,3200,320.0,2880.0
O02203,2025-08-29 01:35:03.540708140,C0300,Smartphone,Electronics,East,3,40000,0.1,Cash,No,120000,12000.0,108000.0
O02204,2025-08-29 04:12:03.024604920,C0104,Tablet,Electronics,North,2,30000,0.0,Credit Card,No,60000,0.0,60000.0
O02205,2025-08-29 06:49:02.508501700,C0480,Webcam,Accessories,East,1,3500,0.0,Credit Card,No,3500,0.0,3500.0
O02206,2025-08-29 09:26:01.992398480,C0027,Smartphone,Electronics,North,5,40000,0.0,Credit Card,No,200000,0.0,200000.0
O02207,2025-08-29 12:03:01.476295260,C0455,Smartphone,Electronics,West,3,40000,0.0,Credit Card,No,120000,0.0,120000.0
O02208,2025-08-29 14:40:00.960192036,C0486,Tablet,Electronics,East,4,30000,0.1,Cash,No,120000,12000.0,108000.0
O02209,2025-08-29 17:17:00.444088816,C0410,Smartphone,Electronics,North,4,40000,0.0,Cash,No,160000,0.0,160000.0
O02210,2025-08-29 19:53:59.927985596,C0492,Tablet,Electronics,East,2,30000,0.1,Debit Card,No,60000,6000.0,54000.0
O02211,2025-08-29 22:30:59.411882376,C0051,Monitor,Electronics,South,4,15000,0.1,Credit Card,No,60000,6000.0,54000.0
O02212,2025-08-30 01:07:58.895779156,C0137,Monitor,Electronics,West,1,15000,0.0,Credit Card,No,15000,0.0,15000.0
O02213,2025-08-30 03:44:58.379675936,C0042,Smartphone,Electronics,West,2,40000,0.05,Cash,No,80000,4000.0,76000.0
O02214,2025-08-30 06:21:57.863572712,C0475,Laptop,Electronics,North,1,65000,0.15,Credit Card,No,65000,9750.0,55250.0
O02215,2025-08-30 08:58:57.347469492,C0225,Headphones,Accessories,East,3,2500,0.0,Debit Card,No,7500,0.0,7500.0
O02216,2025-08-30 11:35:56.831366272,C0031,Laptop,Electronics,South,1,65000,0.15,UPI,No,65000,9750.0,55250.0
O02217,2025-08-30 14:12:56.315263052,C0081,Monitor,Electronics,South,5,15000,0.1,Debit Card,No,75000,7500.0,67500.0
O02218,2025-08-30 16:49:55.799159832,C0462,Smartphone,Electronics,North,3,40000,0.0,Credit Card,No,120000,0.0,120000.0
O02219,2025-08-30 19:26:55.283056612,C0265,Laptop,Electronics,West,1,65000,0.15,Cash,No,65000,9750.0,55250.0
O02220,2025-08-30 22:03:54.766953388,C0021,Monitor,Electronics,South,4,15000,0.05,Debit Card,No,60000,3000.0,57000.0
O02221,2025-08-31 00:40:54.250850168,C0324,Smartphone,Electronics,South,1,40000,0.15,Cash,No,40000,6000.0,34000.0
O02222,2025-08-31 03:17:53.734746948,C0430,Headphones,Accessories,South,1,2500,0.15,Credit Card,No,2500,375.0,2125.0
O02223,2025-08-31 05:54:53.218643728,C0304,Keyboard,Accessories,East,3,2000,0.05,Cash,No,6000,300.0,5700.0
O02224,2025-08-31 08:31:52.702540508,C0274,Mouse,Accessories,North,2,800,0.15,Cash,No,1600,240.0,1360.0
O02225,2025-08-31 11:08:52.186437288,C0408,Monitor,Electronics,South,4,15000,0.0,Cash,No,60000,0.0,60000.0
O02226,2025-08-31 13:45:51.670334064,C0204,Mouse,Accessories,North,3,800,0.1,Cash,No,2400,240.0,2160.0
O02227,2025-08-31 16:22:51.154230844,C0247,Tablet,Electronics,East,1,30000,0.1,Credit Card,Yes,30000,3000.0,27000.0
O02228,2025-08-31 18:59:50.638127624,C0237,Monitor,Electronics,West,5,15000,0.15,UPI,No,75000,11250.0,63750.0
O02229,2025-08-31 21:36:50.122024404,C0026,Smartphone,Electronics,West,4,40000,0.0,Debit Card,No,160000,0.0,160000.0
O02230,2025-09-01 00:13:49.605921184,C0341,Webcam,Accessories,East,2,3500,0.1,Credit Card,No,7000,700.0,6300.0
O02231,2025-09-01 02:50:49.089817964,C0183,Monitor,Electronics,South,1,15000,0.0,Debit Card,No,15000,0.0,15000.0
O02232,2025-09-01 05:27:48.573714744,C0387,Smartphone,Electronics,South,2,40000,0.1,Credit Card,No,80000,8000.0,72000.0
O02233,2025-09-01 08:04:48.057611520,C0406,Laptop,Electronics,North,1,65000,0.05,UPI,No,65000,3250.0,61750.0
O02234,2025-09-01 10:41:47.541508300,C0420,Headphones,Accessories,North,3,2500,0.0,Credit Card,No,7500,0.0,7500.0
O02235,2025-09-01 13:18:47.025405080,C0398,Headphones,Accessories,North,1,2500,0.0,UPI,No,2500,0.0,2500.0
O02236,2025-09-01 15:55:46.509301860,C0436,Tablet,Electronics,North,3,30000,0.15,Credit Card,No,90000,13500.0,76500.0
O02237,2025-09-01 18:32:45.993198640,C0428,Headphones,Accessories,South,5,2500,0.05,Credit Card,No,12500,625.0,11875.0
O02238,2025-09-01 21:09:45.477095420,C0236,Smartphone,Electronics,West,4,40000,0.0,Debit Card,No,160000,0.0,160000.0
O02239,2025-09-01 23:46:44.960992196,C0028,Keyboard,Accessories,South,1,2000,0.0,UPI,Yes,2000,0.0,2000.0
O02240,2025-09-02 02:23:44.444888976,C0142,Laptop,Electronics,South,1,65000,0.05,Cash,No,65000,3250.0,61750.0
O02241,2025-09-02 05:00:43.928785756,C0298,Mouse,Accessories,West,2,800,0.0,Cash,No,1600,0.0,1600.0
O02242,2025-09-02 07:37:43.412682536,C0244,Smartphone,Electronics,East,2,40000,0.05,UPI,No,80000,4000.0,76000.0
O02243,2025-09-02 10:14:42.896579316,C0053,Mouse,Accessories,South,4,800,0.1,UPI,No,3200,320.0,2880.0
O02244,2025-09-02 12:51:42.380476096,C0245,Headphones,Accessories,North,2,2500,0.1,Cash,No,5000,500.0,4500.0
O02245,2025-09-02 15:28:41.864372872,C0007,Keyboard,Accessories,West,2,2000,0.05,Cash,No,4000,200.0,3800.0
O02246,2025-09-02 18:05:41.348269652,C0318,Mouse,Accessories,South,5,800,0.05,Credit Card,No,4000,200.0,3800.0
O02247,2025-09-02 20:42:40.832166432,C0178,Mouse,Accessories,East,4,800,0.05,Credit Card,Yes,3200,160.0,3040.0
O02248,2025-09-02 23:19:40.316063212,C0151,Monitor,Electronics,East,3,15000,0.1,UPI,No,45000,4500.0,40500.0
O02249,2025-09-03 01:56:39.799959992,C0161,Webcam,Accessories,West,1,3500,0.1,Credit Card,No,3500,350.0,3150.0
O02250,2025-09-03 04:33:39.283856772,C0374,Webcam,Accessories,West,5,3500,0.0,Debit Card,Yes,17500,0.0,17500.0
O02251,2025-09-03 07:10:38.767753548,C0087,Headphones,Accessories,North,1,2500,0.1,UPI,No,2500,250.0,2250.0
O02252,2025-09-03 09:47:38.251650328,C0459,Laptop,Electronics,South,1,65000,0.1,Credit Card,No,65000,6500.0,58500.0
O02253,2025-09-03 12:24:37.735547108,C0177,Mouse,Accessories,South,2,800,0.15,UPI,Yes,1600,240.0,1360.0
O02254,2025-09-03 15:01:37.219443888,C0496,Keyboard,Accessories,North,1,2000,0.05,Cash,No,2000,100.0,1900.0
O02255,2025-09-03 17:38:36.703340668,C0452,Webcam,Accessories,West,3,3500,0.1,Cash,No,10500,1050.0,9450.0
O02256,2025-09-03 20:15:36.187237448,C0128,Keyboard,Accessories,West,1,2000,0.1,Debit Card,No,2000,200.0,1800.0
O02257,2025-09-03 22:52:35.671134224,C0221,Laptop,Electronics,North,1,65000,0.1,UPI,No,65000,6500.0,58500.0
O02258,2025-09-04 01:29:35.155031004,C0074,Laptop,Electronics,West,2,65000,0.05,Credit Card,No,130000,6500.0,123500.0
O02259,2025-09-04 04:06:34.638927784,C0203,Laptop,Electronics,North,2,65000,0.0,UPI,No,130000,0.0,130000.0
O02260,2025-09-04 06:43:34.122824564,C0082,Tablet,Electronics,West,2,30000,0.1,Cash,No,60000,6000.0,54000.0
O02261,2025-09-04 09:20:33.606721344,C0416,Webcam,Accessories,South,2,3500,0.1,Debit Card,No,7000,700.0,6300.0
O02262,2025-09-04 11:57:33.090618124,C0124,Tablet,Electronics,North,2,30000,0.1,Credit Card,No,60000,6000.0,54000.0
O02263,2025-09-04 14:34:32.574514904,C0287,Laptop,Electronics,South,1,65000,0.0,UPI,No,65000,0.0,65000.0
O02264,2025-09-04 17:11:32.058411680,C0118,Webcam,Accessories,East,2,3500,0.15,Credit Card,No,7000,1050.0,5950.0
O02265,2025-09-04 19:48:31.542308460,C0420,Laptop,Electronics,East,1,65000,0.15,UPI,No,65000,9750.0,55250.0
O02266,2025-09-04 22:25:31.026205240,C0296,Mouse,Accessories,West,4,800,0.15,Debit Card,No,3200,480.0,2720.0
O02267,2025-09-05 01:02:30.510102020,C0184,Laptop,Electronics,West,1,65000,0.05,Credit Card,No,65000,3250.0,61750.0
O02268,2025-09-05 03:39:29.993998800,C0329,Headphones,Accessories,West,3,2500,0.15,Credit Card,No,7500,1125.0,6375.0
O02269,2025-09-05 06:16:29.477895580,C0364,Laptop,Electronics,East,5,65000,0.05,Credit Card,No,325000,16250.0,308750.0
O02270,2025-09-05 08:53:28.961792356,C0184,Tablet,Electronics,South,2,30000,0.1,Credit Card,No,60000,6000.0,54000.0
O02271,2025-09-05 11:30:28.445689136,C0091,Laptop,Electronics,North,3,65000,0.15,Cash,No,195000,29250.0,165750.0
O02272,2025-09-05 14:07:27.929585916,C0008,Laptop,Electronics,West,4,65000,0.1,Debit Card,No,260000,26000.0,234000.0
O02273,2025-09-05 16:44:27.413482696,C0262,Headphones,Accessories,North,3,2500,0.15,Debit Card,No,7500,1125.0,6375.0
O02274,2025-09-05 19:21:26.897379476,C0349,Webcam,Accessories,West,2,3500,0.0,Cash,No,7000,0.0,7000.0
O02275,2025-09-05 21:58:26.381276256,C0088,Tablet,Electronics,South,4,30000,0.05,Debit Card,No,120000,6000.0,114000.0
O02276,2025-09-06 00:35:25.865173032,C0078,Webcam,Accessories,West,4,3500,0.0,Credit Card,No,14000,0.0,14000.0
O02277,2025-09-06 03:12:25.349069812,C0300,Smartphone,Electronics,South,5,40000,0.0,Credit Card,No,200000,0.0,200000.0
O02278,2025-09-06 05:49:24.832966592,C0231,Mouse,Accessories,East,4,800,0.0,UPI,No,3200,0.0,3200.0
O02279,2025-09-06 08:26:24.316863372,C0393,Laptop,Electronics,East,1,65000,0.0,Cash,Yes,65000,0.0,65000.0
O02280,2025-09-06 11:03:23.800760152,C0441,Laptop,Electronics,East,5,65000,0.05,Cash,No,325000,16250.0,308750.0
O02281,2025-09-06 13:40:23.284656932,C0038,Webcam,Accessories,North,4,3500,0.15,UPI,No,14000,2100.0,11900.0
O02282,2025-09-06 16:17:22.768553708,C0208,Monitor,Electronics,North,3,15000,0.15,UPI,No,45000,6750.0,38250.0
O02283,2025-09-06 18:54:22.252450488,C0087,Tablet,Electronics,East,1,30000,0.0,Cash,No,30000,0.0,30000.0
O02284,2025-09-06 21:31:21.736347268,C0076,Mouse,Accessories,West,2,800,0.0,Debit Card,No,1600,0.0,1600.0
O02285,2025-09-07 00:08:21.220244048,C0439,Smartphone,Electronics,West,2,40000,0.15,UPI,No,80000,12000.0,68000.0
O02286,2025-09-07 02:45:20.704140828,C0234,Monitor,Electronics,West,1,15000,0.0,Debit Card,No,15000,0.0,15000.0
O02287,2025-09-07 05:22:20.188037608,C0447,Headphones,Accessories,East,3,2500,0.05,Debit Card,No,7500,375.0,7125.0
O02288,2025-09-07 07:59:19.671934384,C0476,Headphones,Accessories,South,5,2500,0.1,UPI,No,12500,1250.0,11250.0
O02289,2025-09-07 10:36:19.155831164,C0439,Headphones,Accessories,West,1,2500,0.15,UPI,No,2500,375.0,2125.0
O02290,2025-09-07 13:13:18.639727944,C0398,Smartphone,Electronics,North,1,40000,0.0,Cash,No,40000,0.0,40000.0
O02291,2025-09-07 15:50:18.123624724,C0268,Laptop,Electronics,North,5,65000,0.05,Debit Card,No,325000,16250.0,308750.0
O02292,2025-09-07 18:27:17.607521504,C0451,Laptop,Electronics,South,5,65000,0.15,Cash,No,325000,48750.0,276250.0
O02293,2025-09-07 21:04:17.091418284,C0388,Headphones,Accessories,North,4,2500,0.1,Cash,Yes,10000,1000.0,9000.0
O02294,2025-09-07 23:41:16.575315064,C0002,Headphones,Accessories,North,4,2500,0.15,UPI,No,10000,1500.0,8500.0
O02295,2025-09-08 02:18:16.059211840,C0408,Headphones,Accessories,South,1,2500,0.1,Debit Card,No,2500,250.0,2250.0
O02296,2025-09-08 04:55:15.543108620,C0457,Tablet,Electronics,West,1,30000,0.15,Cash,No,30000,4500.0,25500.0
O02297,2025-09-08 07:32:15.027005400,C0169,Headphones,Accessories,West,4,2500,0.1,Cash,No,10000,1000.0,9000.0
O02298,2025-09-08 10:09:14.510902180,C0128,Tablet,Electronics,East,4,30000,0.05,Cash,No,120000,6000.0,114000.0
O02299,2025-09-08 12:46:13.994798960,C0423,Monitor,Electronics,North,3,15000,0.1,Cash,No,45000,4500.0,40500.0
O02300,2025-09-08 15:23:13.478695740,C0163,Monitor,Electronics,South,4,15000,0.0,Debit Card,No,60000,0.0,60000.0
O02301,2025-09-08 18:00:12.962592516,C0217,Mouse,Accessories,South,5,800,0.05,UPI,No,4000,200.0,3800.0
O02302,2025-09-08 20:37:12.446489296,C0488,Monitor,Electronics,West,3,15000,0.0,Debit Card,No,45000,0.0,45000.0
O02303,2025-09-08 23:14:11.930386076,C0004,Tablet,Electronics,South,2,30000,0.15,UPI,No,60000,9000.0,51000.0
O02304,2025-09-09 01:51:11.414282856,C0397,Keyboard,Accessories,West,1,2000,0.1,Cash,No,2000,200.0,1800.0
O02305,2025-09-09 04:28:10.898179636,C0354,Headphones,Accessories,East,3,2500,0.1,Credit Card,No,7500,750.0,6750.0
O02306,2025-09-09 07:05:10.382076416,C0442,Monitor,Electronics,East,3,15000,0.15,UPI,No,45000,6750.0,38250.0
O02307,2025-09-09 09:42:09.865973192,C0391,Smartphone,Electronics,South,5,40000,0.0,Cash,No,200000,0.0,200000.0
O02308,2025-09-09 12:19:09.349869972,C0266,Keyboard,Accessories,South,2,2000,0.05,UPI,No,4000,200.0,3800.0
O02309,2025-09-09 14:56:08.833766752,C0124,Webcam,Accessories,West,4,3500,0.1,UPI,No,14000,1400.0,12600.0
O02310,2025-09-09 17:33:08.317663532,C0177,Webcam,Accessories,South,1,3500,0.05,Cash,No,3500,175.0,3325.0
O02311,2025-09-09 20:10:07.801560312,C0202,Monitor,Electronics,North,2,15000,0.1,Cash,No,30000,3000.0,27000.0
O02312,2025-09-09 22:47:07.285457092,C0406,Mouse,Accessories,South,5,800,0.1,Debit Card,No,4000,400.0,3600.0
O02313,2025-09-10 01:24:06.769353868,C0476,Monitor,Electronics,West,4,15000,0.1,Debit Card,No,60000,6000.0,54000.0
O02314,2025-09-10 04:01:06.253250648,C0399,Keyboard,Accessories,North,4,2000,0.1,Debit Card,No,8000,800.0,7200.0
O02315,2025-09-10 06:38:05.737147428,C0172,Headphones,Accessories,North,1,2500,0.05,UPI,No,2500,125.0,2375.0
O02316,2025-09-10 09:15:05.221044208,C0127,Laptop,Electronics,South,4,65000,0.1,Debit Card,No,260000,26000.0,234000.0
O02317,2025-09-10 11:52:04.704940988,C0151,Tablet,Electronics,South,2,30000,0.1,Cash,No,60000,6000.0,54000.0
O02318,2025-09-10 14:29:04.188837768,C0033,Headphones,Accessories,East,4,2500,0.1,Credit Card,No,10000,1000.0,9000.0
O02319,2025-09-10 17:06:03.672734544,C0336,Monitor,Electronics,South,3,15000,0.0,Credit Card,No,45000,0.0,45000.0
O02320,2025-09-10 19:43:03.156631324,C0014,Monitor,Electronics,East,5,15000,0.15,Debit Card,No,75000,11250.0,63750.0
O02321,2025-09-10 22:20:02.640528104,C0355,Keyboard,Accessories,East,1,2000,0.15,Cash,No,2000,300.0,1700.0
O02322,2025-09-11 00:57:02.124424884,C0137,Smartphone,Electronics,East,1,40000,0.15,Cash,No,40000,6000.0,34000.0
O02323,2025-09-11 03:34:01.608321664,C0119,Laptop,Electronics,East,2,65000,0.15,Credit Card,No,130000,19500.0,110500.0
O02324,2025-09-11 06:11:01.092218444,C0354,Mouse,Accessories,East,4,800,0.1,Credit Card,No,3200,320.0,2880.0
O02325,2025-09-11 08:48:00.576115224,C0160,Monitor,Electronics,South,1,15000,0.1,Debit Card,No,15000,1500.0,13500.0
O02326,2025-09-11 11:25:00.060012000,C0295,Webcam,Accessories,North,3,3500,0.05,UPI,No,10500,525.0,9975.0
O02327,2025-09-11 14:01:59.543908780,C0275,Webcam,Accessories,East,5,3500,0.15,UPI,No,17500,2625.0,14875.0
O02328,2025-09-11 16:38:59.027805560,C0166,Tablet,Electronics,East,1,30000,0.1,UPI,No,30000,3000.0,27000.0
O02329,2025-09-11 19:15:58.511702340,C0248,Headphones,Accessories,West,5,2500,0.05,UPI,No,12500,625.0,11875.0
O02330,2025-09-11 21:52:57.995599120,C0120,Monitor,Electronics,West,5,15000,0.1,Cash,No,75000,7500.0,67500.0
O02331,2025-09-12 00:29:57.479495900,C0376,Webcam,Accessories,East,2,3500,0.0,Cash,No,7000,0.0,7000.0
O02332,2025-09-12 03:06:56.963392676,C0409,Tablet,Electronics,North,4,30000,0.05,Cash,No,120000,6000.0,114000.0
O02333,2025-09-12 05:43:56.447289456,C0454,Laptop,Electronics,South,2,65000,0.1,Debit Card,No,130000,13000.0,117000.0
O02334,2025-09-12 08:20:55.931186236,C0108,Mouse,Accessories,North,2,800,0.05,Debit Card,No,1600,80.0,1520.0
O02335,2025-09-12 10:57:55.415083016,C0102,Smartphone,Electronics,North,1,40000,0.15,Cash,Yes,40000,6000.0,34000.0
O02336,2025-09-12 13:34:54.898979796,C0107,Webcam,Accessories,East,5,3500,0.15,UPI,No,17500,2625.0,14875.0
O02337,2025-09-12 16:11:54.382876576,C0229,Smartphone,Electronics,East,3,40000,0.05,Credit Card,No,120000,6000.0,114000.0
O02338,2025-09-12 18:48:53.866773352,C0005,Monitor,Electronics,East,1,15000,0.1,Credit Card,No,15000,1500.0,13500.0
O02339,2025-09-12 21:25:53.350670132,C0029,Tablet,Electronics,North,4,30000,0.15,Debit Card,No,120000,18000.0,102000.0
O02340,2025-09-13 00:02:52.834566912,C0286,Keyboard,Accessories,East,1,2000,0.0,Credit Card,Yes,2000,0.0,2000.0
O02341,2025-09-13 02:39:52.318463692,C0188,Webcam,Accessories,East,2,3500,0.1,Debit Card,No,7000,700.0,6300.0
O02342,2025-09-13 05:16:51.802360472,C0173,Monitor,Electronics,East,1,15000,0.1,Debit Card,Yes,15000,1500.0,13500.0
O02343,2025-09-13 07:53:51.286257252,C0408,Monitor,Electronics,South,4,15000,0.1,UPI,Yes,60000,6000.0,54000.0
O02344,2025-09-13 10:30:50.770154028,C0275,Laptop,Electronics,North,5,65000,0.1,Credit Card,Yes,325000,32500.0,292500.0
O02345,2025-09-13 13:07:50.254050808,C0111,Tablet,Electronics,North,5,30000,0.15,Debit Card,No,150000,22500.0,127500.0
O02346,2025-09-13 15:44:49.737947588,C0387,Monitor,Electronics,East,4,15000,0.1,UPI,No,60000,6000.0,54000.0
O02347,2025-09-13 18:21:49.221844368,C0337,Monitor,Electronics,South,2,15000,0.15,Credit Card,Yes,30000,4500.0,25500.0
O02348,2025-09-13 20:58:48.705741148,C0352,Keyboard,Accessories,North,4,2000,0.0,UPI,No,8000,0.0,8000.0
O02349,2025-09-13 23:35:48.189637928,C0350,Tablet,Electronics,North,3,30000,0.05,Debit Card,No,90000,4500.0,85500.0
O02350,2025-09-14 02:12:47.673534704,C0143,Smartphone,Electronics,South,5,40000,0.1,Credit Card,No,200000,20000.0,180000.0
O02351,2025-09-14 04:49:47.157431484,C0225,Webcam,Accessories,South,2,3500,0.1,Credit Card,No,7000,700.0,6300.0
O02352,2025-09-14 07:26:46.641328264,C0458,Tablet,Electronics,South,3,30000,0.05,Credit Card,Yes,90000,4500.0,85500.0
O02353,2025-09-14 10:03:46.125225044,C0169,Headphones,Accessories,South,4,2500,0.0,UPI,No,10000,0.0,10000.0
O02354,2025-09-14 12:40:45.609121824,C0183,Keyboard,Accessories,South,2,2000,0.1,Debit Card,No,4000,400.0,3600.0
O02355,2025-09-14 15:17:45.093018604,C0270,Laptop,Electronics,South,3,65000,0.15,Credit Card,No,195000,29250.0,165750.0
O02356,2025-09-14 17:54:44.576915384,C0429,Monitor,Electronics,East,3,15000,0.15,UPI,No,45000,6750.0,38250.0
O02357,2025-09-14 20:31:44.060812160,C0288,Keyboard,Accessories,East,5,2000,0.15,Debit Card,No,10000,1500.0,8500.0
O02358,2025-09-14 23:08:43.544708940,C0115,Smartphone,Electronics,South,3,40000,0.1,UPI,No,120000,12000.0,108000.0
O02359,2025-09-15 01:45:43.028605720,C0228,Monitor,Electronics,South,5,15000,0.05,Credit Card,No,75000,3750.0,71250.0
O02360,2025-09-15 04:22:42.512502500,C0313,Laptop,Electronics,South,2,65000,0.0,Debit Card,No,130000,0.0,130000.0
O02361,2025-09-15 06:59:41.996399280,C0252,Mouse,Accessories,West,5,800,0.1,UPI,No,4000,400.0,3600.0
O02362,2025-09-15 09:36:41.480296060,C0322,Keyboard,Accessories,South,5,2000,0.1,UPI,No,10000,1000.0,9000.0
O02363,2025-09-15 12:13:40.964192836,C0454,Tablet,Electronics,South,5,30000,0.05,UPI,No,150000,7500.0,142500.0
O02364,2025-09-15 14:50:40.448089616,C0359,Keyboard,Accessories,East,1,2000,0.15,UPI,No,2000,300.0,1700.0
O02365,2025-09-15 17:27:39.931986396,C0136,Monitor,Electronics,South,3,15000,0.0,Cash,No,45000,0.0,45000.0
O02366,2025-09-15 20:04:39.415883176,C0326,Webcam,Accessories,North,3,3500,0.0,Cash,No,10500,0.0,10500.0
O02367,2025-09-15 22:41:38.899779956,C0383,Mouse,Accessories,South,1,800,0.1,Debit Card,No,800,80.0,720.0
O02368,2025-09-16 01:18:38.383676736,C0085,Mouse,Accessories,South,4,800,0.1,UPI,No,3200,320.0,2880.0
O02369,2025-09-16 03:55:37.867573512,C0431,Monitor,Electronics,North,4,15000,0.15,Credit Card,No,60000,9000.0,51000.0
O02370,2025-09-16 06:32:37.351470292,C0089,Headphones,Accessories,North,2,2500,0.15,Cash,No,5000,750.0,4250.0
O02371,2025-09-16 09:09:36.835367072,C0415,Laptop,Electronics,West,4,65000,0.0,Cash,No,260000,0.0,260000.0
O02372,2025-09-16 11:46:36.319263852,C0499,Keyboard,Accessories,East,4,2000,0.1,UPI,No,8000,800.0,7200.0
O02373,2025-09-16 14:23:35.803160632,C0012,Laptop,Electronics,West,1,65000,0.1,UPI,No,65000,6500.0,58500.0
O02374,2025-09-16 17:00:35.287057412,C0119,Laptop,Electronics,West,2,65000,0.05,Credit Card,No,130000,6500.0,123500.0
O02375,2025-09-16 19:37:34.770954188,C0184,Monitor,Electronics,East,1,15000,0.0,Cash,No,15000,0.0,15000.0
O02376,2025-09-16 22:14:34.254850968,C0165,Webcam,Accessories,West,5,3500,0.15,Debit Card,Yes,17500,2625.0,14875.0
O02377,2025-09-17 00:51:33.738747748,C0247,Webcam,Accessories,East,2,3500,0.0,Credit Card,No,7000,0.0,7000.0
O02378,2025-09-17 03:28:33.222644528,C0124,Smartphone,Electronics,North,2,40000,0.0,Credit Card,No,80000,0.0,80000.0
O02379,2025-09-17 06:05:32.706541308,C0204,Keyboard,Accessories,North,2,2000,0.0,Credit Card,No,4000,0.0,4000.0
O02380,2025-09-17 08:42:32.190438088,C0298,Keyboard,Accessories,East,2,2000,0.05,Credit Card,No,4000,200.0,3800.0
O02381,2025-09-17 11:19:31.674334868,C0123,Laptop,Electronics,East,3,65000,0.05,Debit Card,No,195000,9750.0,185250.0
O02382,2025-09-17 13:56:31.158231644,C0488,Keyboard,Accessories,North,4,2000,0.15,Credit Card,No,8000,1200.0,6800.0
O02383,2025-09-17 16:33:30.642128424,C0246,Smartphone,Electronics,West,1,40000,0.15,UPI,No,40000,6000.0,34000.0
O02384,2025-09-17 19:10:30.126025204,C0064,Keyboard,Accessories,East,5,2000,0.15,Credit Card,No,10000,1500.0,8500.0
O02385,2025-09-17 21:47:29.609921984,C0200,Monitor,Electronics,North,5,15000,0.05,Debit Card,No,75000,3750.0,71250.0
O02386,2025-09-18 00:24:29.093818764,C0169,Webcam,Accessories,North,1,3500,0.05,Cash,No,3500,175.0,3325.0
O02387,2025-09-18 03:01:28.577715544,C0105,Webcam,Accessories,West,3,3500,0.0,Cash,No,10500,0.0,10500.0
O02388,2025-09-18 05:38:28.061612320,C0182,Mouse,Accessories,North,1,800,0.05,UPI,No,800,40.0,760.0
O02389,2025-09-18 08:15:27.545509100,C0071,Monitor,Electronics,East,4,15000,0.1,UPI,No,60000,6000.0,54000.0
O02390,2025-09-18 10:52:27.029405880,C0057,Webcam,Accessories,South,2,3500,0.15,Credit Card,No,7000,1050.0,5950.0
O02391,2025-09-18 13:29:26.513302660,C0405,Laptop,Electronics,South,1,65000,0.05,Debit Card,No,65000,3250.0,61750.0
O02392,2025-09-18 16:06:25.997199440,C0126,Webcam,Accessories,North,5,3500,0.1,Cash,No,17500,1750.0,15750.0
O02393,2025-09-18 18:43:25.481096220,C0386,Keyboard,Accessories,South,1,2000,0.05,Cash,Yes,2000,100.0,1900.0
O02394,2025-09-18 21:20:24.964992996,C0302,Laptop,Electronics,South,2,65000,0.0,Debit Card,Yes,130000,0.0,130000.0
O02395,2025-09-18 23:57:24.448889776,C0024,Laptop,Electronics,West,2,65000,0.0,Credit Card,No,130000,0.0,130000.0
O02396,2025-09-19 02:34:23.932786556,C0242,Webcam,Accessories,East,2,3500,0.0,Debit Card,No,7000,0.0,7000.0
O02397,2025-09-19 05:11:23.416683336,C0258,Laptop,Electronics,West,4,65000,0.15,UPI,Yes,260000,39000.0,221000.0
O02398,2025-09-19 07:48:22.900580116,C0097,Webcam,Accessories,South,2,3500,0.1,Credit Card,No,7000,700.0,6300.0
O02399,2025-09-19 10:25:22.384476896,C0481,Laptop,Electronics,West,4,65000,0.05,Debit Card,No,260000,13000.0,247000.0
O02400,2025-09-19 13:02:21.868373672,C0416,Tablet,Electronics,North,2,30000,0.1,Cash,No,60000,6000.0,54000.0
O02401,2025-09-19 15:39:21.352270452,C0395,Laptop,Electronics,West,3,65000,0.1,Cash,No,195000,19500.0,175500.0
O02402,2025-09-19 18:16:20.836167232,C0491,Headphones,Accessories,South,3,2500,0.05,UPI,No,7500,375.0,7125.0
O02403,2025-09-19 20:53:20.320064012,C0423,Mouse,Accessories,East,3,800,0.1,Cash,No,2400,240.0,2160.0
O02404,2025-09-19 23:30:19.803960792,C0153,Smartphone,Electronics,North,5,40000,0.05,Cash,No,200000,10000.0,190000.0
O02405,2025-09-20 02:07:19.287857572,C0399,Keyboard,Accessories,East,2,2000,0.1,Debit Card,No,4000,400.0,3600.0
O02406,2025-09-20 04:44:18.771754348,C0291,Smartphone,Electronics,West,5,40000,0.15,Credit Card,No,200000,30000.0,170000.0
O02407,2025-09-20 07:21:18.255651128,C0263,Tablet,Electronics,West,2,30000,0.05,Debit Card,No,60000,3000.0,57000.0
O02408,2025-09-20 09:58:17.739547908,C0358,Monitor,Electronics,East,3,15000,0.15,Debit Card,No,45000,6750.0,38250.0
O02409,2025-09-20 12:35:17.223444688,C0011,Laptop,Electronics,East,2,65000,0.1,Debit Card,No,130000,13000.0,117000.0
O02410,2025-09-20 15:12:16.707341468,C0436,Mouse,Accessories,East,3,800,0.05,Credit Card,No,2400,120.0,2280.0
O02411,2025-09-20 17:49:16.191238248,C0129,Smartphone,Electronics,East,5,40000,0.05,Credit Card,No,200000,10000.0,190000.0
O02412,2025-09-20 20:26:15.675135028,C0109,Smartphone,Electronics,East,5,40000,0.1,UPI,No,200000,20000.0,180000.0
O02413,2025-09-20 23:03:15.159031804,C0309,Monitor,Electronics,South,3,15000,0.15,UPI,No,45000,6750.0,38250.0
O02414,2025-09-21 01:40:14.642928584,C0222,Keyboard,Accessories,West,1,2000,0.1,Credit Card,No,2000,200.0,1800.0
O02415,2025-09-21 04:17:14.126825364,C0048,Laptop,Electronics,North,2,65000,0.1,UPI,No,130000,13000.0,117000.0
O02416,2025-09-21 06:54:13.610722144,C0382,Webcam,Accessories,South,4,3500,0.0,UPI,Yes,14000,0.0,14000.0
O02417,2025-09-21 09:31:13.094618924,C0088,Keyboard,Accessories,West,1,2000,0.15,Debit Card,No,2000,300.0,1700.0
O02418,2025-09-21 12:08:12.578515704,C0332,Smartphone,Electronics,East,1,40000,0.05,Debit Card,No,40000,2000.0,38000.0
O02419,2025-09-21 14:45:12.062412480,C0360,Keyboard,Accessories,North,4,2000,0.0,UPI,No,8000,0.0,8000.0
O02420,2025-09-21 17:22:11.546309260,C0433,Tablet,Electronics,South,4,30000,0.15,UPI,No,120000,18000.0,102000.0
O02421,2025-09-21 19:59:11.030206040,C0241,Keyboard,Accessories,South,2,2000,0.05,Credit Card,No,4000,200.0,3800.0
O02422,2025-09-21 22:36:10.514102820,C0476,Tablet,Electronics,East,5,30000,0.1,UPI,No,150000,15000.0,135000.0
O02423,2025-09-22 01:13:09.997999600,C0430,Laptop,Electronics,East,1,65000,0.15,Cash,No,65000,9750.0,55250.0
O02424,2025-09-22 03:50:09.481896380,C0474,Smartphone,Electronics,East,2,40000,0.05,Cash,No,80000,4000.0,76000.0
O02425,2025-09-22 06:27:08.965793156,C0497,Tablet,Electronics,South,5,30000,0.05,Cash,No,150000,7500.0,142500.0
O02426,2025-09-22 09:04:08.449689936,C0065,Webcam,Accessories,West,4,3500,0.05,Credit Card,No,14000,700.0,13300.0
O02427,2025-09-22 11:41:07.933586716,C0034,Monitor,Electronics,South,3,15000,0.15,Debit Card,No,45000,6750.0,38250.0
O02428,2025-09-22 14:18:07.417483496,C0118,Laptop,Electronics,South,2,65000,0.05,Debit Card,No,130000,6500.0,123500.0
O02429,2025-09-22 16:55:06.901380276,C0497,Smartphone,Electronics,South,5,40000,0.05,Cash,No,200000,10000.0,190000.0
O02430,2025-09-22 19:32:06.385277056,C0178,Headphones,Accessories,West,5,2500,0.1,UPI,No,12500,1250.0,11250.0
O02431,2025-09-22 22:09:05.869173832,C0127,Tablet,Electronics,West,2,30000,0.15,Cash,Yes,60000,9000.0,51000.0
O02432,2025-09-23 00:46:05.353070612,C0234,Monitor,Electronics,North,4,15000,0.15,Cash,No,60000,9000.0,51000.0
O02433,2025-09-23 03:23:04.836967392,C0496,Headphones,Accessories,South,4,2500,0.15,UPI,No,10000,1500.0,8500.0
O02434,2025-09-23 06:00:04.320864172,C0449,Laptop,Electronics,East,1,65000,0.0,UPI,No,65000,0.0,65000.0
O02435,2025-09-23 08:37:03.804760952,C0394,Smartphone,Electronics,East,2,40000,0.15,Debit Card,No,80000,12000.0,68000.0
O02436,2025-09-23 11:14:03.288657732,C0316,Webcam,Accessories,West,4,3500,0.0,Credit Card,No,14000,0.0,14000.0
O02437,2025-09-23 13:51:02.772554508,C0235,Smartphone,Electronics,East,2,40000,0.1,Credit Card,No,80000,8000.0,72000.0
O02438,2025-09-23 16:28:02.256451288,C0261,Keyboard,Accessories,East,2,2000,0.05,UPI,No,4000,200.0,3800.0
O02439,2025-09-23 19:05:01.740348068,C0255,Smartphone,Electronics,West,1,40000,0.05,Debit Card,No,40000,2000.0,38000.0
O02440,2025-09-23 21:42:01.224244848,C0286,Webcam,Accessories,South,5,3500,0.0,Cash,No,17500,0.0,17500.0
O02441,2025-09-24 00:19:00.708141628,C0059,Tablet,Electronics,South,3,30000,0.0,Debit Card,Yes,90000,0.0,90000.0
O02442,2025-09-24 02:56:00.192038408,C0411,Tablet,Electronics,West,1,30000,0.1,Cash,No,30000,3000.0,27000.0
O02443,2025-09-24 05:32:59.675935188,C0413,Headphones,Accessories,East,5,2500,0.0,Cash,No,12500,0.0,12500.0
O02444,2025-09-24 08:09:59.159831964,C0080,Laptop,Electronics,North,2,65000,0.0,Debit Card,No,130000,0.0,130000.0
O02445,2025-09-24 10:46:58.643728744,C0390,Keyboard,Accessories,West,3,2000,0.05,Debit Card,No,6000,300.0,5700.0
O02446,2025-09-24 13:23:58.127625524,C0076,Monitor,Electronics,East,5,15000,0.05,Debit Card,No,75000,3750.0,71250.0
O02447,2025-09-24 16:00:57.611522304,C0167,Webcam,Accessories,West,5,3500,0.1,UPI,No,17500,1750.0,15750.0
O02448,2025-09-24 18:37:57.095419084,C0374,Laptop,Electronics,North,4,65000,0.15,UPI,No,260000,39000.0,221000.0
O02449,2025-09-24 21:14:56.579315864,C0289,Laptop,Electronics,North,3,65000,0.0,UPI,No,195000,0.0,195000.0
O02450,2025-09-24 23:51:56.063212640,C0097,Keyboard,Accessories,North,4,2000,0.0,Debit Card,No,8000,0.0,8000.0
O02451,2025-09-25 02:28:55.547109420,C0367,Keyboard,Accessories,East,1,2000,0.0,UPI,No,2000,0.0,2000.0
O02452,2025-09-25 05:05:55.031006200,C0368,Headphones,Accessories,North,2,2500,0.05,Debit Card,No,5000,250.0,4750.0
O02453,2025-09-25 07:42:54.514902980,C0184,Keyboard,Accessories,South,3,2000,0.05,UPI,No,6000,300.0,5700.0
O02454,2025-09-25 10:19:53.998799760,C0028,Smartphone,Electronics,North,4,40000,0.1,Credit Card,No,160000,16000.0,144000.0
O02455,2025-09-25 12:56:53.482696540,C0338,Headphones,Accessories,North,4,2500,0.05,Cash,No,10000,500.0,9500.0
O02456,2025-09-25 15:33:52.966593316,C0150,Headphones,Accessories,North,3,2500,0.05,UPI,No,7500,375.0,7125.0
O02457,2025-09-25 18:10:52.450490096,C0174,Laptop,Electronics,West,2,65000,0.05,UPI,No,130000,6500.0,123500.0
O02458,2025-09-25 20:47:51.934386876,C0450,Headphones,Accessories,South,5,2500,0.15,Cash,Yes,12500,1875.0,10625.0
O02459,2025-09-25 23:24:51.418283656,C0365,Headphones,Accessories,West,2,2500,0.1,Debit Card,No,5000,500.0,4500.0
O02460,2025-09-26 02:01:50.902180436,C0159,Headphones,Accessories,West,1,2500,0.15,UPI,No,2500,375.0,2125.0
O02461,2025-09-26 04:38:50.386077216,C0208,Keyboard,Accessories,East,5,2000,0.1,Cash,No,10000,1000.0,9000.0
O02462,2025-09-26 07:15:49.869973992,C0353,Smartphone,Electronics,East,2,40000,0.05,Cash,No,80000,4000.0,76000.0
O02463,2025-09-26 09:52:49.353870772,C0338,Webcam,Accessories,South,4,3500,0.15,UPI,No,14000,2100.0,11900.0
O02464,2025-09-26 12:29:48.837767552,C0028,Monitor,Electronics,North,4,15000,0.05,Debit Card,No,60000,3000.0,57000.0
O02465,2025-09-26 15:06:48.321664332,C0186,Monitor,Electronics,East,5,15000,0.1,Cash,No,75000,7500.0,67500.0
O02466,2025-09-26 17:43:47.805561112,C0013,Keyboard,Accessories,East,1,2000,0.05,Debit Card,No,2000,100.0,1900.0
O02467,2025-09-26 20:20:47.289457892,C0117,Mouse,Accessories,East,2,800,0.15,Credit Card,No,1600,240.0,1360.0
O02468,2025-09-26 22:57:46.773354668,C0295,Smartphone,Electronics,South,4,40000,0.05,Cash,No,160000,8000.0,152000.0
O02469,2025-09-27 01:34:46.257251448,C0318,Laptop,Electronics,South,2,65000,0.1,Cash,No,130000,13000.0,117000.0
O02470,2025-09-27 04:11:45.741148228,C0099,Laptop,Electronics,South,5,65000,0.1,Credit Card,No,325000,32500.0,292500.0
O02471,2025-09-27 06:48:45.225045008,C0131,Smartphone,Electronics,East,5,40000,0.0,Credit Card,Yes,200000,0.0,200000.0
O02472,2025-09-27 09:25:44.708941788,C0231,Webcam,Accessories,South,5,3500,0.05,Credit Card,No,17500,875.0,16625.0
O02473,2025-09-27 12:02:44.192838568,C0345,Monitor,Electronics,East,1,15000,0.0,UPI,No,15000,0.0,15000.0
O02474,2025-09-27 14:39:43.676735348,C0433,Monitor,Electronics,North,1,15000,0.1,Cash,No,15000,1500.0,13500.0
O02475,2025-09-27 17:16:43.160632124,C0156,Smartphone,Electronics,East,4,40000,0.15,UPI,No,160000,24000.0,136000.0
O02476,2025-09-27 19:53:42.644528904,C0193,Headphones,Accessories,North,4,2500,0.1,Credit Card,No,10000,1000.0,9000.0
O02477,2025-09-27 22:30:42.128425684,C0454,Keyboard,Accessories,West,2,2000,0.1,UPI,No,4000,400.0,3600.0
O02478,2025-09-28 01:07:41.612322464,C0390,Webcam,Accessories,West,1,3500,0.0,Debit Card,Yes,3500,0.0,3500.0
O02479,2025-09-28 03:44:41.096219244,C0400,Monitor,Electronics,East,2,15000,0.05,UPI,No,30000,1500.0,28500.0
O02480,2025-09-28 06:21:40.580116024,C0264,Keyboard,Accessories,North,3,2000,0.05,Debit Card,No,6000,300.0,5700.0
O02481,2025-09-28 08:58:40.064012800,C0454,Headphones,Accessories,West,3,2500,0.1,UPI,No,7500,750.0,6750.0
O02482,2025-09-28 11:35:39.547909580,C0325,Monitor,Electronics,South,1,15000,0.05,UPI,No,15000,750.0,14250.0
O02483,2025-09-28 14:12:39.031806360,C0295,Mouse,Accessories,North,3,800,0.1,Debit Card,No,2400,240.0,2160.0
O02484,2025-09-28 16:49:38.515703140,C0470,Laptop,Electronics,South,4,65000,0.1,Debit Card,No,260000,26000.0,234000.0
O02485,2025-09-28 19:26:37.999599920,C0105,Mouse,Accessories,North,2,800,0.05,Debit Card,No,1600,80.0,1520.0
O02486,2025-09-28 22:03:37.483496700,C0473,Headphones,Accessories,East,4,2500,0.0,Cash,No,10000,0.0,10000.0
O02487,2025-09-29 00:40:36.967393476,C0050,Mouse,Accessories,North,2,800,0.0,UPI,No,1600,0.0,1600.0
O02488,2025-09-29 03:17:36.451290256,C0080,Webcam,Accessories,South,2,3500,0.0,Debit Card,No,7000,0.0,7000.0
O02489,2025-09-29 05:54:35.935187036,C0107,Keyboard,Accessories,East,1,2000,0.1,Debit Card,No,2000,200.0,1800.0
O02490,2025-09-29 08:31:35.419083816,C0199,Mouse,Accessories,North,3,800,0.05,Cash,No,2400,120.0,2280.0
O02491,2025-09-29 11:08:34.902980596,C0437,Laptop,Electronics,West,5,65000,0.05,Credit Card,No,325000,16250.0,308750.0
O02492,2025-09-29 13:45:34.386877376,C0189,Laptop,Electronics,East,5,65000,0.1,Credit Card,No,325000,32500.0,292500.0
O02493,2025-09-29 16:22:33.870774152,C0128,Mouse,Accessories,North,3,800,0.05,UPI,No,2400,120.0,2280.0
O02494,2025-09-29 18:59:33.354670932,C0272,Tablet,Electronics,South,3,30000,0.0,Credit Card,No,90000,0.0,90000.0
O02495,2025-09-29 21:36:32.838567712,C0204,Mouse,Accessories,South,2,800,0.05,Credit Card,No,1600,80.0,1520.0
O02496,2025-09-30 00:13:32.322464492,C0395,Headphones,Accessories,South,3,2500,0.15,Debit Card,No,7500,1125.0,6375.0
O02497,2025-09-30 02:50:31.806361272,C0443,Headphones,Accessories,North,4,2500,0.05,Debit Card,No,10000,500.0,9500.0
O02498,2025-09-30 05:27:31.290258052,C0035,Smartphone,Electronics,East,1,40000,0.0,UPI,Yes,40000,0.0,40000.0
O02499,2025-09-30 08:04:30.774154828,C0358,Mouse,Accessories,West,1,800,0.0,Credit Card,No,800,0.0,800.0
O02500,2025-09-30 10:41:30.258051608,C0358,Keyboard,Accessories,South,2,2000,0.15,UPI,No,4000,600.0,3400.0
O02501,2025-09-30 13:18:29.741948388,C0207,Mouse,Accessories,East,4,800,0.0,UPI,No,3200,0.0,3200.0
O02502,2025-09-30 15:55:29.225845168,C0044,Headphones,Accessories,North,2,2500,0.0,Cash,No,5000,0.0,5000.0
O02503,2025-09-30 18:32:28.709741948,C0030,Headphones,Accessories,West,3,2500,0.15,Debit Card,No,7500,1125.0,6375.0
O02504,2025-09-30 21:09:28.193638728,C0032,Monitor,Electronics,East,3,15000,0.0,Debit Card,No,45000,0.0,45000.0
O02505,2025-09-30 23:46:27.677535508,C0459,Monitor,Electronics,South,4,15000,0.15,Debit Card,No,60000,9000.0,51000.0
O02506,2025-10-01 02:23:27.161432284,C0014,Mouse,Accessories,East,4,800,0.05,Debit Card,No,3200,160.0,3040.0
O02507,2025-10-01 05:00:26.645329064,C0106,Webcam,Accessories,West,4,3500,0.1,Cash,No,14000,1400.0,12600.0
O02508,2025-10-01 07:37:26.129225844,C0242,Headphones,Accessories,West,5,2500,0.1,Cash,No,12500,1250.0,11250.0
O02509,2025-10-01 10:14:25.613122624,C0043,Webcam,Accessories,North,1,3500,0.05,Cash,Yes,3500,175.0,3325.0
O02510,2025-10-01 12:51:25.097019404,C0312,Smartphone,Electronics,West,2,40000,0.0,Cash,No,80000,0.0,80000.0
O02511,2025-10-01 15:28:24.580916184,C0481,Tablet,Electronics,West,2,30000,0.15,UPI,No,60000,9000.0,51000.0
O02512,2025-10-01 18:05:24.064812960,C0294,Headphones,Accessories,East,3,2500,0.1,Debit Card,No,7500,750.0,6750.0
O02513,2025-10-01 20:42:23.548709740,C0286,Laptop,Electronics,North,3,65000,0.0,Debit Card,No,195000,0.0,195000.0
O02514,2025-10-01 23:19:23.032606520,C0286,Webcam,Accessories,East,2,3500,0.15,Credit Card,No,7000,1050.0,5950.0
O02515,2025-10-02 01:56:22.516503300,C0460,Laptop,Electronics,North,1,65000,0.1,Credit Card,No,65000,6500.0,58500.0
O02516,2025-10-02 04:33:22.000400080,C0334,Monitor,Electronics,South,2,15000,0.05,Debit Card,No,30000,1500.0,28500.0
O02517,2025-10-02 07:10:21.484296860,C0011,Tablet,Electronics,East,3,30000,0.1,Credit Card,No,90000,9000.0,81000.0
O02518,2025-10-02 09:47:20.968193636,C0046,Keyboard,Accessories,East,4,2000,0.05,Cash,No,8000,400.0,7600.0
O02519,2025-10-02 12:24:20.452090416,C0260,Webcam,Accessories,North,5,3500,0.05,Debit Card,No,17500,875.0,16625.0
O02520,2025-10-02 15:01:19.935987196,C0027,Headphones,Accessories,South,3,2500,0.0,Debit Card,No,7500,0.0,7500.0
O02521,2025-10-02 17:38:19.419883976,C0279,Monitor,Electronics,West,1,15000,0.1,Debit Card,No,15000,1500.0,13500.0
O02522,2025-10-02 20:15:18.903780756,C0277,Smartphone,Electronics,South,3,40000,0.05,Cash,No,120000,6000.0,114000.0
O02523,2025-10-02 22:52:18.387677536,C0087,Headphones,Accessories,South,3,2500,0.0,UPI,No,7500,0.0,7500.0
O02524,2025-10-03 01:29:17.871574312,C0368,Mouse,Accessories,North,1,800,0.1,Debit Card,No,800,80.0,720.0
O02525,2025-10-03 04:06:17.355471092,C0199,Tablet,Electronics,North,2,30000,0.15,Cash,No,60000,9000.0,51000.0
O02526,2025-10-03 06:43:16.839367872,C0033,Headphones,Accessories,West,5,2500,0.0,Credit Card,No,12500,0.0,12500.0
O02527,2025-10-03 09:20:16.323264652,C0215,Webcam,Accessories,East,3,3500,0.05,UPI,No,10500,525.0,9975.0
O02528,2025-10-03 11:57:15.807161432,C0327,Mouse,Accessories,South,4,800,0.1,Debit Card,No,3200,320.0,2880.0
O02529,2025-10-03 14:34:15.291058212,C0174,Keyboard,Accessories,North,3,2000,0.0,Credit Card,No,6000,0.0,6000.0
O02530,2025-10-03 17:11:14.774954988,C0060,Tablet,Electronics,East,1,30000,0.05,UPI,No,30000,1500.0,28500.0
O02531,2025-10-03 19:48:14.258851768,C0458,Monitor,Electronics,East,1,15000,0.0,UPI,No,15000,0.0,15000.0
O02532,2025-10-03 22:25:13.742748548,C0372,Tablet,Electronics,South,2,30000,0.05,UPI,No,60000,3000.0,57000.0
O02533,2025-10-04 01:02:13.226645328,C0003,Laptop,Electronics,North,5,65000,0.0,UPI,No,325000,0.0,325000.0
O02534,2025-10-04 03:39:12.710542108,C0498,Mouse,Accessories,North,1,800,0.1,Debit Card,Yes,800,80.0,720.0
O02535,2025-10-04 06:16:12.194438888,C0131,Mouse,Accessories,East,5,800,0.05,UPI,Yes,4000,200.0,3800.0
O02536,2025-10-04 08:53:11.678335668,C0470,Webcam,Accessories,West,3,3500,0.15,UPI,No,10500,1575.0,8925.0
O02537,2025-10-04 11:30:11.162232444,C0335,Smartphone,Electronics,West,3,40000,0.15,Debit Card,No,120000,18000.0,102000.0
O02538,2025-10-04 14:07:10.646129224,C0399,Mouse,Accessories,West,1,800,0.05,Credit Card,No,800,40.0,760.0
O02539,2025-10-04 16:44:10.130026004,C0129,Laptop,Electronics,East,3,65000,0.1,Debit Card,No,195000,19500.0,175500.0
O02540,2025-10-04 19:21:09.613922784,C0492,Tablet,Electronics,North,4,30000,0.15,Debit Card,No,120000,18000.0,102000.0
O02541,2025-10-04 21:58:09.097819564,C0169,Headphones,Accessories,West,5,2500,0.1,Cash,No,12500,1250.0,11250.0
O02542,2025-10-05 00:35:08.581716344,C0308,Monitor,Electronics,West,5,15000,0.0,Debit Card,No,75000,0.0,75000.0
O02543,2025-10-05 03:12:08.065613120,C0258,Smartphone,Electronics,East,3,40000,0.1,Debit Card,No,120000,12000.0,108000.0
O02544,2025-10-05 05:49:07.549509900,C0389,Tablet,Electronics,South,3,30000,0.05,UPI,No,90000,4500.0,85500.0
O02545,2025-10-05 08:26:07.033406680,C0316,Tablet,Electronics,South,4,30000,0.0,Cash,No,120000,0.0,120000.0
O02546,2025-10-05 11:03:06.517303460,C0138,Keyboard,Accessories,North,5,2000,0.0,Cash,Yes,10000,0.0,10000.0
O02547,2025-10-05 13:40:06.001200240,C0494,Keyboard,Accessories,East,1,2000,0.1,UPI,No,2000,200.0,1800.0
O02548,2025-10-05 16:17:05.485097020,C0496,Mouse,Accessories,South,2,800,0.05,Credit Card,No,1600,80.0,1520.0
O02549,2025-10-05 18:54:04.968993796,C0126,Tablet,Electronics,East,5,30000,0.0,Credit Card,No,150000,0.0,150000.0
O02550,2025-10-05 21:31:04.452890576,C0164,Webcam,Accessories,North,2,3500,0.05,UPI,No,7000,350.0,6650.0
O02551,2025-10-06 00:08:03.936787356,C0296,Monitor,Electronics,North,4,15000,0.15,Debit Card,No,60000,9000.0,51000.0
O02552,2025-10-06 02:45:03.420684136,C0130,Monitor,Electronics,East,4,15000,0.0,Debit Card,No,60000,0.0,60000.0
O02553,2025-10-06 05:22:02.904580916,C0401,Headphones,Accessories,North,4,2500,0.0,Debit Card,Yes,10000,0.0,10000.0
O02554,2025-10-06 07:59:02.388477696,C0222,Laptop,Electronics,East,3,65000,0.05,Cash,No,195000,9750.0,185250.0
O02555,2025-10-06 10:36:01.872374472,C0445,Tablet,Electronics,North,5,30000,0.15,Credit Card,Yes,150000,22500.0,127500.0
O02556,2025-10-06 13:13:01.356271252,C0383,Smartphone,Electronics,South,1,40000,0.15,UPI,No,40000,6000.0,34000.0
O02557,2025-10-06 15:50:00.840168032,C0048,Mouse,Accessories,North,3,800,0.0,Debit Card,No,2400,0.0,2400.0
O02558,2025-10-06 18:27:00.324064812,C0298,Tablet,Electronics,East,3,30000,0.0,UPI,No,90000,0.0,90000.0
O02559,2025-10-06 21:03:59.807961592,C0254,Laptop,Electronics,North,4,65000,0.1,Cash,No,260000,26000.0,234000.0
O02560,2025-10-06 23:40:59.291858372,C0091,Mouse,Accessories,South,5,800,0.05,Credit Card,No,4000,200.0,3800.0
O02561,2025-10-07 02:17:58.775755152,C0122,Webcam,Accessories,East,3,3500,0.1,Cash,Yes,10500,1050.0,9450.0
O02562,2025-10-07 04:54:58.259651928,C0227,Keyboard,Accessories,East,4,2000,0.0,Cash,No,8000,0.0,8000.0
O02563,2025-10-07 07:31:57.743548708,C0251,Laptop,Electronics,West,4,65000,0.1,Credit Card,No,260000,26000.0,234000.0
O02564,2025-10-07 10:08:57.227445488,C0470,Smartphone,Electronics,West,4,40000,0.15,UPI,No,160000,24000.0,136000.0
O02565,2025-10-07 12:45:56.711342268,C0048,Smartphone,Electronics,East,5,40000,0.15,Debit Card,No,200000,30000.0,170000.0
O02566,2025-10-07 15:22:56.195239048,C0109,Smartphone,Electronics,South,1,40000,0.15,Credit Card,No,40000,6000.0,34000.0
O02567,2025-10-07 17:59:55.679135828,C0031,Webcam,Accessories,West,2,3500,0.0,Credit Card,No,7000,0.0,7000.0
O02568,2025-10-07 20:36:55.163032604,C0248,Monitor,Electronics,East,5,15000,0.15,UPI,No,75000,11250.0,63750.0
O02569,2025-10-07 23:13:54.646929384,C0404,Laptop,Electronics,South,1,65000,0.05,Cash,No,65000,3250.0,61750.0
O02570,2025-10-08 01:50:54.130826164,C0236,Monitor,Electronics,West,3,15000,0.1,Credit Card,No,45000,4500.0,40500.0
O02571,2025-10-08 04:27:53.614722944,C0038,Keyboard,Accessories,East,5,2000,0.1,Credit Card,No,10000,1000.0,9000.0
O02572,2025-10-08 07:04:53.098619724,C0422,Keyboard,Accessories,North,3,2000,0.0,Debit Card,No,6000,0.0,6000.0
O02573,2025-10-08 09:41:52.582516504,C0050,Tablet,Electronics,West,3,30000,0.0,Cash,No,90000,0.0,90000.0
O02574,2025-10-08 12:18:52.066413280,C0499,Tablet,Electronics,East,4,30000,0.0,Debit Card,No,120000,0.0,120000.0
O02575,2025-10-08 14:55:51.550310060,C0216,Laptop,Electronics,West,3,65000,0.05,UPI,Yes,195000,9750.0,185250.0
O02576,2025-10-08 17:32:51.034206840,C0238,Smartphone,Electronics,East,3,40000,0.1,UPI,No,120000,12000.0,108000.0
O02577,2025-10-08 20:09:50.518103620,C0013,Monitor,Electronics,South,5,15000,0.15,UPI,No,75000,11250.0,63750.0
O02578,2025-10-08 22:46:50.002000400,C0371,Tablet,Electronics,West,4,30000,0.15,UPI,No,120000,18000.0,102000.0
O02579,2025-10-09 01:23:49.485897180,C0228,Webcam,Accessories,North,1,3500,0.15,Debit Card,No,3500,525.0,2975.0
O02580,2025-10-09 04:00:48.969793956,C0105,Tablet,Electronics,South,1,30000,0.1,UPI,No,30000,3000.0,27000.0
O02581,2025-10-09 06:37:48.453690736,C0125,Mouse,Accessories,West,5,800,0.0,Cash,No,4000,0.0,4000.0
O02582,2025-10-09 09:14:47.937587516,C0327,Smartphone,Electronics,East,5,40000,0.15,Debit Card,No,200000,30000.0,170000.0
O02583,2025-10-09 11:51:47.421484296,C0026,Headphones,Accessories,West,3,2500,0.15,UPI,No,7500,1125.0,6375.0
O02584,2025-10-09 14:28:46.905381076,C0291,Smartphone,Electronics,North,2,40000,0.0,UPI,No,80000,0.0,80000.0
O02585,2025-10-09 17:05:46.389277856,C0276,Monitor,Electronics,South,2,15000,0.05,Cash,No,30000,1500.0,28500.0
O02586,2025-10-09 19:42:45.873174632,C0102,Laptop,Electronics,East,5,65000,0.0,Credit Card,No,325000,0.0,325000.0
O02587,2025-10-09 22:19:45.357071412,C0081,Smartphone,Electronics,North,5,40000,0.05,Credit Card,No,200000,10000.0,190000.0
O02588,2025-10-10 00:56:44.840968192,C0124,Smartphone,Electronics,North,3,40000,0.1,Credit Card,No,120000,12000.0,108000.0
O02589,2025-10-10 03:33:44.324864972,C0296,Tablet,Electronics,East,2,30000,0.15,Cash,No,60000,9000.0,51000.0
O02590,2025-10-10 06:10:43.808761752,C0329,Tablet,Electronics,West,2,30000,0.0,UPI,No,60000,0.0,60000.0
O02591,2025-10-10 08:47:43.292658532,C0378,Tablet,Electronics,West,1,30000,0.1,Credit Card,No,30000,3000.0,27000.0
O02592,2025-10-10 11:24:42.776555312,C0370,Monitor,Electronics,South,2,15000,0.05,Debit Card,No,30000,1500.0,28500.0
O02593,2025-10-10 14:01:42.260452088,C0402,Laptop,Electronics,East,5,65000,0.05,Debit Card,No,325000,16250.0,308750.0
O02594,2025-10-10 16:38:41.744348868,C0215,Keyboard,Accessories,East,2,2000,0.1,Cash,No,4000,400.0,3600.0
O02595,2025-10-10 19:15:41.228245648,C0374,Monitor,Electronics,North,3,15000,0.0,Cash,Yes,45000,0.0,45000.0
O02596,2025-10-10 21:52:40.712142428,C0105,Headphones,Accessories,North,3,2500,0.15,Debit Card,Yes,7500,1125.0,6375.0
O02597,2025-10-11 00:29:40.196039208,C0403,Mouse,Accessories,East,1,800,0.0,Debit Card,No,800,0.0,800.0
O02598,2025-10-11 03:06:39.679935988,C0117,Keyboard,Accessories,South,1,2000,0.15,UPI,No,2000,300.0,1700.0
O02599,2025-10-11 05:43:39.163832764,C0375,Smartphone,Electronics,West,1,40000,0.05,Credit Card,No,40000,2000.0,38000.0
O02600,2025-10-11 08:20:38.647729544,C0263,Smartphone,Electronics,East,3,40000,0.15,Credit Card,No,120000,18000.0,102000.0
O02601,2025-10-11 10:57:38.131626324,C0310,Webcam,Accessories,West,4,3500,0.0,Debit Card,Yes,14000,0.0,14000.0
O02602,2025-10-11 13:34:37.615523104,C0002,Webcam,Accessories,South,5,3500,0.15,UPI,No,17500,2625.0,14875.0
O02603,2025-10-11 16:11:37.099419884,C0202,Laptop,Electronics,South,4,65000,0.15,UPI,No,260000,39000.0,221000.0
O02604,2025-10-11 18:48:36.583316664,C0191,Tablet,Electronics,South,2,30000,0.1,Debit Card,No,60000,6000.0,54000.0
O02605,2025-10-11 21:25:36.067213440,C0325,Smartphone,Electronics,West,4,40000,0.15,Cash,No,160000,24000.0,136000.0
O02606,2025-10-12 00:02:35.551110220,C0111,Mouse,Accessories,South,3,800,0.15,Debit Card,No,2400,360.0,2040.0
O02607,2025-10-12 02:39:35.035007000,C0297,Webcam,Accessories,South,5,3500,0.0,Credit Card,No,17500,0.0,17500.0
O02608,2025-10-12 05:16:34.518903780,C0414,Mouse,Accessories,South,5,800,0.15,UPI,No,4000,600.0,3400.0
O02609,2025-10-12 07:53:34.002800560,C0043,Keyboard,Accessories,East,5,2000,0.1,UPI,No,10000,1000.0,9000.0
O02610,2025-10-12 10:30:33.486697340,C0205,Smartphone,Electronics,East,3,40000,0.0,Credit Card,No,120000,0.0,120000.0
O02611,2025-10-12 13:07:32.970594116,C0290,Laptop,Electronics,West,3,65000,0.05,Debit Card,No,195000,9750.0,185250.0
O02612,2025-10-12 15:44:32.454490896,C0305,Smartphone,Electronics,East,5,40000,0.0,UPI,No,200000,0.0,200000.0
O02613,2025-10-12 18:21:31.938387676,C0032,Webcam,Accessories,South,1,3500,0.0,UPI,No,3500,0.0,3500.0
O02614,2025-10-12 20:58:31.422284456,C0267,Smartphone,Electronics,North,1,40000,0.15,Credit Card,No,40000,6000.0,34000.0
O02615,2025-10-12 23:35:30.906181236,C0456,Monitor,Electronics,West,1,15000,0.1,UPI,No,15000,1500.0,13500.0
O02616,2025-10-13 02:12:30.390078016,C0199,Tablet,Electronics,West,5,30000,0.0,Debit Card,No,150000,0.0,150000.0
O02617,2025-10-13 04:49:29.873974792,C0074,Headphones,Accessories,East,1,2500,0.15,Debit Card,No,2500,375.0,2125.0
O02618,2025-10-13 07:26:29.357871572,C0179,Tablet,Electronics,East,3,30000,0.05,Cash,No,90000,4500.0,85500.0
O02619,2025-10-13 10:03:28.841768352,C0268,Monitor,Electronics,East,5,15000,0.0,UPI,No,75000,0.0,75000.0
O02620,2025-10-13 12:40:28.325665132,C0445,Tablet,Electronics,East,4,30000,0.0,Cash,Yes,120000,0.0,120000.0
O02621,2025-10-13 15:17:27.809561912,C0037,Monitor,Electronics,West,5,15000,0.05,UPI,No,75000,3750.0,71250.0
O02622,2025-10-13 17:54:27.293458692,C0144,Monitor,Electronics,West,4,15000,0.0,Cash,No,60000,0.0,60000.0
O02623,2025-10-13 20:31:26.777355472,C0382,Tablet,Electronics,North,4,30000,0.0,UPI,No,120000,0.0,120000.0
O02624,2025-10-13 23:08:26.261252248,C0150,Keyboard,Accessories,West,1,2000,0.0,Credit Card,No,2000,0.0,2000.0
O02625,2025-10-14 01:45:25.745149028,C0222,Smartphone,Electronics,South,1,40000,0.05,Debit Card,No,40000,2000.0,38000.0
O02626,2025-10-14 04:22:25.229045808,C0179,Headphones,Accessories,North,3,2500,0.0,Credit Card,No,7500,0.0,7500.0
O02627,2025-10-14 06:59:24.712942588,C0274,Webcam,Accessories,South,5,3500,0.05,Credit Card,Yes,17500,875.0,16625.0
O02628,2025-10-14 09:36:24.196839368,C0174,Headphones,Accessories,North,5,2500,0.1,Debit Card,No,12500,1250.0,11250.0
O02629,2025-10-14 12:13:23.680736148,C0186,Headphones,Accessories,South,1,2500,0.05,Cash,No,2500,125.0,2375.0
O02630,2025-10-14 14:50:23.164632924,C0218,Mouse,Accessories,South,5,800,0.0,Cash,No,4000,0.0,4000.0
O02631,2025-10-14 17:27:22.648529704,C0274,Tablet,Electronics,South,2,30000,0.05,Credit Card,No,60000,3000.0,57000.0
O02632,2025-10-14 20:04:22.132426484,C0266,Smartphone,Electronics,West,3,40000,0.15,UPI,No,120000,18000.0,102000.0
O02633,2025-10-14 22:41:21.616323264,C0479,Laptop,Electronics,South,1,65000,0.15,Debit Card,No,65000,9750.0,55250.0
O02634,2025-10-15 01:18:21.100220044,C0108,Webcam,Accessories,West,3,3500,0.1,Debit Card,No,10500,1050.0,9450.0
O02635,2025-10-15 03:55:20.584116824,C0276,Monitor,Electronics,West,2,15000,0.1,Credit Card,No,30000,3000.0,27000.0
O02636,2025-10-15 06:32:20.068013600,C0227,Mouse,Accessories,North,4,800,0.05,Debit Card,No,3200,160.0,3040.0
O02637,2025-10-15 09:09:19.551910380,C0273,Laptop,Electronics,North,2,65000,0.1,Credit Card,No,130000,13000.0,117000.0
O02638,2025-10-15 11:46:19.035807160,C0485,Tablet,Electronics,North,3,30000,0.05,UPI,No,90000,4500.0,85500.0
O02639,2025-10-15 14:23:18.519703940,C0041,Tablet,Electronics,North,3,30000,0.1,UPI,No,90000,9000.0,81000.0
O02640,2025-10-15 17:00:18.003600720,C0046,Laptop,Electronics,North,1,65000,0.1,Cash,No,65000,6500.0,58500.0
O02641,2025-10-15 19:37:17.487497500,C0441,Keyboard,Accessories,East,2,2000,0.15,Credit Card,No,4000,600.0,3400.0
O02642,2025-10-15 22:14:16.971394276,C0336,Smartphone,Electronics,South,4,40000,0.0,UPI,No,160000,0.0,160000.0
O02643,2025-10-16 00:51:16.455291056,C0333,Mouse,Accessories,South,3,800,0.05,Debit Card,No,2400,120.0,2280.0
O02644,2025-10-16 03:28:15.939187836,C0106,Mouse,Accessories,North,3,800,0.1,Debit Card,No,2400,240.0,2160.0
O02645,2025-10-16 06:05:15.423084616,C0361,Mouse,Accessories,North,1,800,0.15,Debit Card,No,800,120.0,680.0
O02646,2025-10-16 08:42:14.906981396,C0438,Tablet,Electronics,East,4,30000,0.15,Cash,No,120000,18000.0,102000.0
O02647,2025-10-16 11:19:14.390878176,C0359,Keyboard,Accessories,West,4,2000,0.15,UPI,No,8000,1200.0,6800.0
O02648,2025-10-16 13:56:13.874774952,C0293,Tablet,Electronics,North,5,30000,0.1,Debit Card,Yes,150000,15000.0,135000.0
O02649,2025-10-16 16:33:13.358671732,C0135,Tablet,Electronics,North,3,30000,0.1,Cash,No,90000,9000.0,81000.0
O02650,2025-10-16 19:10:12.842568512,C0229,Smartphone,Electronics,South,2,40000,0.1,Debit Card,No,80000,8000.0,72000.0
O02651,2025-10-16 21:47:12.326465292,C0157,Laptop,Electronics,East,5,65000,0.1,Cash,Yes,325000,32500.0,292500.0
O02652,2025-10-17 00:24:11.810362072,C0365,Keyboard,Accessories,South,2,2000,0.1,Cash,No,4000,400.0,3600.0
O02653,2025-10-17 03:01:11.294258852,C0444,Webcam,Accessories,South,2,3500,0.1,Debit Card,No,7000,700.0,6300.0
O02654,2025-10-17 05:38:10.778155632,C0456,Monitor,Electronics,West,2,15000,0.1,Credit Card,Yes,30000,3000.0,27000.0
O02655,2025-10-17 08:15:10.262052408,C0442,Smartphone,Electronics,East,5,40000,0.1,UPI,No,200000,20000.0,180000.0
O02656,2025-10-17 10:52:09.745949188,C0264,Mouse,Accessories,South,1,800,0.15,Cash,No,800,120.0,680.0
O02657,2025-10-17 13:29:09.229845968,C0345,Smartphone,Electronics,South,2,40000,0.15,Credit Card,No,80000,12000.0,68000.0
O02658,2025-10-17 16:06:08.713742748,C0278,Keyboard,Accessories,South,3,2000,0.1,Credit Card,No,6000,600.0,5400.0
O02659,2025-10-17 18:43:08.197639528,C0020,Laptop,Electronics,East,1,65000,0.1,Credit Card,No,65000,6500.0,58500.0
O02660,2025-10-17 21:20:07.681536308,C0297,Webcam,Accessories,West,2,3500,0.1,UPI,No,7000,700.0,6300.0
O02661,2025-10-17 23:57:07.165433084,C0384,Webcam,Accessories,North,4,3500,0.1,Credit Card,Yes,14000,1400.0,12600.0
O02662,2025-10-18 02:34:06.649329864,C0020,Laptop,Electronics,North,2,65000,0.0,Debit Card,No,130000,0.0,130000.0
O02663,2025-10-18 05:11:06.133226644,C0186,Monitor,Electronics,East,3,15000,0.0,UPI,No,45000,0.0,45000.0
O02664,2025-10-18 07:48:05.617123424,C0373,Headphones,Accessories,North,1,2500,0.15,Cash,No,2500,375.0,2125.0
O02665,2025-10-18 10:25:05.101020204,C0443,Webcam,Accessories,East,1,3500,0.0,Cash,Yes,3500,0.0,3500.0
O02666,2025-10-18 13:02:04.584916984,C0343,Mouse,Accessories,East,3,800,0.15,Cash,No,2400,360.0,2040.0
O02667,2025-10-18 15:39:04.068813760,C0421,Smartphone,Electronics,East,5,40000,0.1,Credit Card,No,200000,20000.0,180000.0
O02668,2025-10-18 18:16:03.552710540,C0481,Tablet,Electronics,East,3,30000,0.05,Cash,No,90000,4500.0,85500.0
O02669,2025-10-18 20:53:03.036607320,C0206,Headphones,Accessories,South,1,2500,0.05,Credit Card,No,2500,125.0,2375.0
O02670,2025-10-18 23:30:02.520504100,C0213,Laptop,Electronics,East,1,65000,0.05,Cash,No,65000,3250.0,61750.0
O02671,2025-10-19 02:07:02.004400880,C0342,Webcam,Accessories,North,3,3500,0.05,Credit Card,No,10500,525.0,9975.0
O02672,2025-10-19 04:44:01.488297660,C0094,Monitor,Electronics,South,4,15000,0.1,Debit Card,No,60000,6000.0,54000.0
O02673,2025-10-19 07:21:00.972194436,C0073,Monitor,Electronics,North,2,15000,0.15,Cash,No,30000,4500.0,25500.0
O02674,2025-10-19 09:58:00.456091216,C0048,Keyboard,Accessories,South,3,2000,0.15,Cash,No,6000,900.0,5100.0
O02675,2025-10-19 12:34:59.939987996,C0272,Tablet,Electronics,East,4,30000,0.05,Cash,No,120000,6000.0,114000.0
O02676,2025-10-19 15:11:59.423884776,C0174,Headphones,Accessories,South,1,2500,0.1,Debit Card,No,2500,250.0,2250.0
O02677,2025-10-19 17:48:58.907781556,C0491,Laptop,Electronics,West,2,65000,0.0,UPI,No,130000,0.0,130000.0
O02678,2025-10-19 20:25:58.391678336,C0448,Laptop,Electronics,South,5,65000,0.15,Debit Card,No,325000,48750.0,276250.0
O02679,2025-10-19 23:02:57.875575112,C0241,Headphones,Accessories,East,1,2500,0.0,Credit Card,Yes,2500,0.0,2500.0
O02680,2025-10-20 01:39:57.359471892,C0151,Laptop,Electronics,North,3,65000,0.1,Cash,No,195000,19500.0,175500.0
O02681,2025-10-20 04:16:56.843368672,C0049,Tablet,Electronics,West,4,30000,0.1,Debit Card,No,120000,12000.0,108000.0
O02682,2025-10-20 06:53:56.327265452,C0103,Smartphone,Electronics,South,2,40000,0.0,Debit Card,No,80000,0.0,80000.0
O02683,2025-10-20 09:30:55.811162232,C0473,Laptop,Electronics,North,2,65000,0.1,Credit Card,No,130000,13000.0,117000.0
O02684,2025-10-20 12:07:55.295059012,C0407,Keyboard,Accessories,East,1,2000,0.1,Debit Card,No,2000,200.0,1800.0
O02685,2025-10-20 14:44:54.778955792,C0275,Keyboard,Accessories,North,2,2000,0.1,Debit Card,No,4000,400.0,3600.0
O02686,2025-10-20 17:21:54.262852568,C0097,Monitor,Electronics,North,1,15000,0.0,Credit Card,No,15000,0.0,15000.0
O02687,2025-10-20 19:58:53.746749348,C0463,Monitor,Electronics,South,2,15000,0.0,Cash,No,30000,0.0,30000.0
O02688,2025-10-20 22:35:53.230646128,C0488,Monitor,Electronics,West,4,15000,0.05,Credit Card,No,60000,3000.0,57000.0
O02689,2025-10-21 01:12:52.714542908,C0233,Laptop,Electronics,West,2,65000,0.1,Credit Card,No,130000,13000.0,117000.0
O02690,2025-10-21 03:49:52.198439688,C0215,Tablet,Electronics,South,5,30000,0.0,UPI,No,150000,0.0,150000.0
O02691,2025-10-21 06:26:51.682336468,C0448,Keyboard,Accessories,North,1,2000,0.05,Debit Card,No,2000,100.0,1900.0
O02692,2025-10-21 09:03:51.166233244,C0062,Mouse,Accessories,North,5,800,0.15,Debit Card,No,4000,600.0,3400.0
O02693,2025-10-21 11:40:50.650130024,C0071,Mouse,Accessories,East,5,800,0.15,Credit Card,No,4000,600.0,3400.0
O02694,2025-10-21 14:17:50.134026804,C0234,Laptop,Electronics,North,5,65000,0.0,Credit Card,No,325000,0.0,325000.0
O02695,2025-10-21 16:54:49.617923584,C0276,Tablet,Electronics,West,5,30000,0.0,Credit Card,No,150000,0.0,150000.0
O02696,2025-10-21 19:31:49.101820364,C0132,Webcam,Accessories,South,3,3500,0.0,UPI,No,10500,0.0,10500.0
O02697,2025-10-21 22:08:48.585717144,C0014,Smartphone,Electronics,East,1,40000,0.15,Debit Card,No,40000,6000.0,34000.0
O02698,2025-10-22 00:45:48.069613920,C0452,Webcam,Accessories,North,1,3500,0.05,Credit Card,No,3500,175.0,3325.0
O02699,2025-10-22 03:22:47.553510700,C0145,Keyboard,Accessories,East,4,2000,0.15,Credit Card,No,8000,1200.0,6800.0
O02700,2025-10-22 05:59:47.037407480,C0425,Headphones,Accessories,South,1,2500,0.1,Credit Card,No,2500,250.0,2250.0
O02701,2025-10-22 08:36:46.521304260,C0273,Keyboard,Accessories,South,5,2000,0.1,Debit Card,Yes,10000,1000.0,9000.0
O02702,2025-10-22 11:13:46.005201040,C0423,Webcam,Accessories,West,5,3500,0.15,Cash,No,17500,2625.0,14875.0
O02703,2025-10-22 13:50:45.489097820,C0413,Keyboard,Accessories,East,1,2000,0.0,Credit Card,No,2000,0.0,2000.0
O02704,2025-10-22 16:27:44.972994596,C0491,Smartphone,Electronics,North,4,40000,0.1,Cash,No,160000,16000.0,144000.0
O02705,2025-10-22 19:04:44.456891376,C0089,Mouse,Accessories,South,3,800,0.1,Cash,No,2400,240.0,2160.0
O02706,2025-10-22 21:41:43.940788156,C0320,Laptop,Electronics,South,4,65000,0.05,Credit Card,No,260000,13000.0,247000.0
O02707,2025-10-23 00:18:43.424684936,C0479,Mouse,Accessories,West,1,800,0.1,Credit Card,No,800,80.0,720.0
O02708,2025-10-23 02:55:42.908581716,C0259,Smartphone,Electronics,West,2,40000,0.05,Credit Card,No,80000,4000.0,76000.0
O02709,2025-10-23 05:32:42.392478496,C0160,Laptop,Electronics,East,4,65000,0.05,Debit Card,No,260000,13000.0,247000.0
O02710,2025-10-23 08:09:41.876375272,C0478,Webcam,Accessories,South,2,3500,0.1,Debit Card,No,7000,700.0,6300.0
O02711,2025-10-23 10:46:41.360272052,C0176,Mouse,Accessories,South,3,800,0.1,UPI,No,2400,240.0,2160.0
O02712,2025-10-23 13:23:40.844168832,C0274,Headphones,Accessories,South,5,2500,0.15,Cash,No,12500,1875.0,10625.0
O02713,2025-10-23 16:00:40.328065612,C0381,Webcam,Accessories,South,5,3500,0.0,Cash,No,17500,0.0,17500.0
O02714,2025-10-23 18:37:39.811962392,C0244,Mouse,Accessories,North,2,800,0.05,UPI,No,1600,80.0,1520.0
O02715,2025-10-23 21:14:39.295859172,C0325,Smartphone,Electronics,East,4,40000,0.05,UPI,No,160000,8000.0,152000.0
O02716,2025-10-23 23:51:38.779755952,C0430,Smartphone,Electronics,North,2,40000,0.0,UPI,No,80000,0.0,80000.0
O02717,2025-10-24 02:28:38.263652728,C0289,Webcam,Accessories,East,3,3500,0.15,Cash,No,10500,1575.0,8925.0
O02718,2025-10-24 05:05:37.747549508,C0053,Laptop,Electronics,West,3,65000,0.15,Credit Card,No,195000,29250.0,165750.0
O02719,2025-10-24 07:42:37.231446288,C0481,Webcam,Accessories,East,2,3500,0.15,Debit Card,Yes,7000,1050.0,5950.0
O02720,2025-10-24 10:19:36.715343068,C0447,Smartphone,Electronics,North,2,40000,0.15,Credit Card,No,80000,12000.0,68000.0
O02721,2025-10-24 12:56:36.199239848,C0317,Webcam,Accessories,East,5,3500,0.15,Credit Card,No,17500,2625.0,14875.0
O02722,2025-10-24 15:33:35.683136628,C0436,Smartphone,Electronics,South,4,40000,0.05,Debit Card,No,160000,8000.0,152000.0
O02723,2025-10-24 18:10:35.167033404,C0434,Webcam,Accessories,South,2,3500,0.05,UPI,No,7000,350.0,6650.0
O02724,2025-10-24 20:47:34.650930184,C0348,Webcam,Accessories,West,3,3500,0.1,Credit Card,No,10500,1050.0,9450.0
O02725,2025-10-24 23:24:34.134826964,C0377,Headphones,Accessories,East,4,2500,0.15,Debit Card,No,10000,1500.0,8500.0
O02726,2025-10-25 02:01:33.618723744,C0475,Webcam,Accessories,East,2,3500,0.0,Cash,No,7000,0.0,7000.0
O02727,2025-10-25 04:38:33.102620524,C0337,Tablet,Electronics,West,3,30000,0.0,Cash,No,90000,0.0,90000.0
O02728,2025-10-25 07:15:32.586517304,C0189,Webcam,Accessories,South,1,3500,0.15,Cash,No,3500,525.0,2975.0
O02729,2025-10-25 09:52:32.070414080,C0068,Headphones,Accessories,South,5,2500,0.0,Debit Card,No,12500,0.0,12500.0
O02730,2025-10-25 12:29:31.554310860,C0182,Smartphone,Electronics,South,5,40000,0.1,UPI,No,200000,20000.0,180000.0
O02731,2025-10-25 15:06:31.038207640,C0198,Smartphone,Electronics,East,5,40000,0.05,Debit Card,No,200000,10000.0,190000.0
O02732,2025-10-25 17:43:30.522104420,C0461,Smartphone,Electronics,East,3,40000,0.15,Cash,No,120000,18000.0,102000.0
O02733,2025-10-25 20:20:30.006001200,C0063,Headphones,Accessories,East,4,2500,0.15,Debit Card,No,10000,1500.0,8500.0
O02734,2025-10-25 22:57:29.489897980,C0174,Keyboard,Accessories,West,2,2000,0.05,Debit Card,No,4000,200.0,3800.0
O02735,2025-10-26 01:34:28.973794756,C0313,Webcam,Accessories,East,3,3500,0.05,Credit Card,No,10500,525.0,9975.0
O02736,2025-10-26 04:11:28.457691536,C0426,Monitor,Electronics,South,1,15000,0.0,Cash,No,15000,0.0,15000.0
O02737,2025-10-26 06:48:27.941588316,C0316,Tablet,Electronics,South,4,30000,0.0,UPI,No,120000,0.0,120000.0
O02738,2025-10-26 09:25:27.425485096,C0292,Smartphone,Electronics,North,4,40000,0.1,Cash,No,160000,16000.0,144000.0
O02739,2025-10-26 12:02:26.909381876,C0057,Headphones,Accessories,East,4,2500,0.0,Cash,No,10000,0.0,10000.0
O02740,2025-10-26 14:39:26.393278656,C0337,Headphones,Accessories,North,1,2500,0.05,Credit Card,No,2500,125.0,2375.0
O02741,2025-10-26 17:16:25.877175432,C0300,Laptop,Electronics,North,2,65000,0.15,Cash,No,130000,19500.0,110500.0
O02742,2025-10-26 19:53:25.361072212,C0064,Smartphone,Electronics,North,3,40000,0.15,Debit Card,No,120000,18000.0,102000.0
O02743,2025-10-26 22:30:24.844968992,C0462,Mouse,Accessories,South,3,800,0.0,Debit Card,No,2400,0.0,2400.0
O02744,2025-10-27 01:07:24.328865772,C0208,Keyboard,Accessories,South,2,2000,0.1,Cash,No,4000,400.0,3600.0
O02745,2025-10-27 03:44:23.812762552,C0410,Mouse,Accessories,West,4,800,0.1,Cash,No,3200,320.0,2880.0
O02746,2025-10-27 06:21:23.296659332,C0221,Tablet,Electronics,West,3,30000,0.05,Credit Card,No,90000,4500.0,85500.0
O02747,2025-10-27 08:58:22.780556112,C0037,Mouse,Accessories,North,1,800,0.0,UPI,Yes,800,0.0,800.0
O02748,2025-10-27 11:35:22.264452888,C0441,Webcam,Accessories,South,5,3500,0.05,Cash,No,17500,875.0,16625.0
O02749,2025-10-27 14:12:21.748349668,C0217,Mouse,Accessories,East,2,800,0.1,Credit Card,No,1600,160.0,1440.0
O02750,2025-10-27 16:49:21.232246448,C0249,Webcam,Accessories,West,3,3500,0.15,Debit Card,No,10500,1575.0,8925.0
O02751,2025-10-27 19:26:20.716143228,C0231,Webcam,Accessories,North,3,3500,0.05,Credit Card,No,10500,525.0,9975.0
O02752,2025-10-27 22:03:20.200040008,C0031,Keyboard,Accessories,West,1,2000,0.1,Cash,No,2000,200.0,1800.0
O02753,2025-10-28 00:40:19.683936788,C0318,Tablet,Electronics,South,2,30000,0.15,UPI,No,60000,9000.0,51000.0
O02754,2025-10-28 03:17:19.167833564,C0118,Mouse,Accessories,West,5,800,0.0,Cash,No,4000,0.0,4000.0
O02755,2025-10-28 05:54:18.651730344,C0332,Laptop,Electronics,North,2,65000,0.1,Debit Card,No,130000,13000.0,117000.0
O02756,2025-10-28 08:31:18.135627124,C0453,Tablet,Electronics,South,1,30000,0.1,Credit Card,No,30000,3000.0,27000.0
O02757,2025-10-28 11:08:17.619523904,C0065,Smartphone,Electronics,West,4,40000,0.0,UPI,No,160000,0.0,160000.0
O02758,2025-10-28 13:45:17.103420684,C0108,Keyboard,Accessories,East,3,2000,0.0,Cash,No,6000,0.0,6000.0
O02759,2025-10-28 16:22:16.587317464,C0334,Headphones,Accessories,West,1,2500,0.05,UPI,No,2500,125.0,2375.0
O02760,2025-10-28 18:59:16.071214240,C0430,Mouse,Accessories,South,5,800,0.0,UPI,Yes,4000,0.0,4000.0
O02761,2025-10-28 21:36:15.555111020,C0425,Tablet,Electronics,South,4,30000,0.05,UPI,No,120000,6000.0,114000.0
O02762,2025-10-29 00:13:15.039007800,C0006,Smartphone,Electronics,North,1,40000,0.1,Debit Card,No,40000,4000.0,36000.0
O02763,2025-10-29 02:50:14.522904580,C0329,Webcam,Accessories,South,1,3500,0.1,Credit Card,No,3500,350.0,3150.0
O02764,2025-10-29 05:27:14.006801360,C0085,Headphones,Accessories,East,4,2500,0.05,Debit Card,No,10000,500.0,9500.0
O02765,2025-10-29 08:04:13.490698140,C0180,Laptop,Electronics,East,5,65000,0.0,Debit Card,No,325000,0.0,325000.0
O02766,2025-10-29 10:41:12.974594916,C0024,Webcam,Accessories,North,3,3500,0.1,UPI,No,10500,1050.0,9450.0
O02767,2025-10-29 13:18:12.458491696,C0251,Keyboard,Accessories,West,5,2000,0.15,Credit Card,No,10000,1500.0,8500.0
O02768,2025-10-29 15:55:11.942388476,C0364,Headphones,Accessories,North,1,2500,0.0,Cash,No,2500,0.0,2500.0
O02769,2025-10-29 18:32:11.426285256,C0405,Headphones,Accessories,East,4,2500,0.05,Debit Card,No,10000,500.0,9500.0
O02770,2025-10-29 21:09:10.910182036,C0255,Keyboard,Accessories,West,3,2000,0.1,Cash,Yes,6000,600.0,5400.0
O02771,2025-10-29 23:46:10.394078816,C0258,Mouse,Accessories,East,4,800,0.05,Credit Card,No,3200,160.0,3040.0
O02772,2025-10-30 02:23:09.877975596,C0446,Webcam,Accessories,West,3,3500,0.0,Debit Card,No,10500,0.0,10500.0
O02773,2025-10-30 05:00:09.361872372,C0300,Webcam,Accessories,West,1,3500,0.0,Debit Card,No,3500,0.0,3500.0
O02774,2025-10-30 07:37:08.845769152,C0479,Tablet,Electronics,East,5,30000,0.0,Credit Card,No,150000,0.0,150000.0
O02775,2025-10-30 10:14:08.329665932,C0407,Mouse,Accessories,East,4,800,0.0,Cash,No,3200,0.0,3200.0
O02776,2025-10-30 12:51:07.813562712,C0414,Monitor,Electronics,South,5,15000,0.0,Cash,No,75000,0.0,75000.0
O02777,2025-10-30 15:28:07.297459492,C0222,Monitor,Electronics,North,4,15000,0.1,Debit Card,No,60000,6000.0,54000.0
O02778,2025-10-30 18:05:06.781356272,C0203,Keyboard,Accessories,East,4,2000,0.05,UPI,Yes,8000,400.0,7600.0
O02779,2025-10-30 20:42:06.265253048,C0227,Webcam,Accessories,West,1,3500,0.1,Credit Card,No,3500,350.0,3150.0
O02780,2025-10-30 23:19:05.749149828,C0187,Webcam,Accessories,East,3,3500,0.0,Credit Card,Yes,10500,0.0,10500.0
O02781,2025-10-31 01:56:05.233046608,C0444,Tablet,Electronics,North,1,30000,0.1,Debit Card,No,30000,3000.0,27000.0
O02782,2025-10-31 04:33:04.716943388,C0334,Webcam,Accessories,North,3,3500,0.1,Credit Card,No,10500,1050.0,9450.0
O02783,2025-10-31 07:10:04.200840168,C0289,Smartphone,Electronics,North,1,40000,0.1,UPI,No,40000,4000.0,36000.0
O02784,2025-10-31 09:47:03.684736948,C0146,Monitor,Electronics,South,2,15000,0.05,Cash,Yes,30000,1500.0,28500.0
O02785,2025-10-31 12:24:03.168633724,C0385,Keyboard,Accessories,West,1,2000,0.1,Cash,No,2000,200.0,1800.0
O02786,2025-10-31 15:01:02.652530504,C0461,Keyboard,Accessories,East,2,2000,0.1,Credit Card,No,4000,400.0,3600.0
O02787,2025-10-31 17:38:02.136427284,C0416,Headphones,Accessories,East,5,2500,0.05,Credit Card,No,12500,625.0,11875.0
O02788,2025-10-31 20:15:01.620324064,C0120,Webcam,Accessories,South,2,3500,0.1,Debit Card,No,7000,700.0,6300.0
O02789,2025-10-31 22:52:01.104220844,C0240,Mouse,Accessories,West,3,800,0.05,Cash,No,2400,120.0,2280.0
O02790,2025-11-01 01:29:00.588117624,C0205,Monitor,Electronics,West,4,15000,0.1,Credit Card,Yes,60000,6000.0,54000.0
O02791,2025-11-01 04:06:00.072014400,C0481,Monitor,Electronics,East,2,15000,0.05,Debit Card,No,30000,1500.0,28500.0
O02792,2025-11-01 06:42:59.555911180,C0156,Smartphone,Electronics,North,2,40000,0.15,Cash,No,80000,12000.0,68000.0
O02793,2025-11-01 09:19:59.039807960,C0408,Mouse,Accessories,South,2,800,0.1,Credit Card,No,1600,160.0,1440.0
O02794,2025-11-01 11:56:58.523704740,C0414,Monitor,Electronics,East,5,15000,0.05,Credit Card,No,75000,3750.0,71250.0
O02795,2025-11-01 14:33:58.007601520,C0336,Keyboard,Accessories,East,5,2000,0.15,Credit Card,Yes,10000,1500.0,8500.0
O02796,2025-11-01 17:10:57.491498300,C0383,Tablet,Electronics,West,2,30000,0.15,UPI,Yes,60000,9000.0,51000.0
O02797,2025-11-01 19:47:56.975395076,C0134,Headphones,Accessories,West,5,2500,0.0,UPI,No,12500,0.0,12500.0
O02798,2025-11-01 22:24:56.459291856,C0138,Laptop,Electronics,South,5,65000,0.0,Debit Card,Yes,325000,0.0,325000.0
O02799,2025-11-02 01:01:55.943188636,C0096,Webcam,Accessories,North,4,3500,0.05,UPI,No,14000,700.0,13300.0
O02800,2025-11-02 03:38:55.427085416,C0338,Tablet,Electronics,South,2,30000,0.05,Cash,No,60000,3000.0,57000.0
O02801,2025-11-02 06:15:54.910982196,C0095,Mouse,Accessories,West,3,800,0.15,UPI,No,2400,360.0,2040.0
O02802,2025-11-02 08:52:54.394878976,C0192,Monitor,Electronics,South,4,15000,0.15,Credit Card,No,60000,9000.0,51000.0
O02803,2025-11-02 11:29:53.878775756,C0136,Headphones,Accessories,West,2,2500,0.05,Debit Card,Yes,5000,250.0,4750.0
O02804,2025-11-02 14:06:53.362672532,C0283,Monitor,Electronics,South,1,15000,0.1,Credit Card,Yes,15000,1500.0,13500.0
O02805,2025-11-02 16:43:52.846569312,C0131,Laptop,Electronics,North,3,65000,0.05,UPI,No,195000,9750.0,185250.0
O02806,2025-11-02 19:20:52.330466092,C0498,Tablet,Electronics,West,1,30000,0.15,Credit Card,No,30000,4500.0,25500.0
O02807,2025-11-02 21:57:51.814362872,C0340,Tablet,Electronics,South,4,30000,0.05,Debit Card,No,120000,6000.0,114000.0
O02808,2025-11-03 00:34:51.298259652,C0466,Headphones,Accessories,West,5,2500,0.15,Debit Card,No,12500,1875.0,10625.0
O02809,2025-11-03 03:11:50.782156432,C0171,Webcam,Accessories,South,1,3500,0.1,UPI,No,3500,350.0,3150.0
O02810,2025-11-03 05:48:50.266053208,C0406,Keyboard,Accessories,West,3,2000,0.0,Credit Card,No,6000,0.0,6000.0
O02811,2025-11-03 08:25:49.749949988,C0251,Headphones,Accessories,South,1,2500,0.15,Debit Card,No,2500,375.0,2125.0
O02812,2025-11-03 11:02:49.233846768,C0013,Tablet,Electronics,North,5,30000,0.1,UPI,No,150000,15000.0,135000.0
O02813,2025-11-03 13:39:48.717743548,C0036,Tablet,Electronics,East,2,30000,0.0,UPI,No,60000,0.0,60000.0
O02814,2025-11-03 16:16:48.201640328,C0237,Headphones,Accessories,South,3,2500,0.1,UPI,Yes,7500,750.0,6750.0
O02815,2025-11-03 18:53:47.685537108,C0495,Monitor,Electronics,West,2,15000,0.15,UPI,No,30000,4500.0,25500.0
O02816,2025-11-03 21:30:47.169433884,C0192,Webcam,Accessories,North,1,3500,0.05,Debit Card,No,3500,175.0,3325.0
O02817,2025-11-04 00:07:46.653330664,C0468,Headphones,Accessories,North,3,2500,0.05,Credit Card,No,7500,375.0,7125.0
O02818,2025-11-04 02:44:46.137227444,C0144,Headphones,Accessories,West,5,2500,0.15,Credit Card,No,12500,1875.0,10625.0
O02819,2025-11-04 05:21:45.621124224,C0382,Keyboard,Accessories,North,5,2000,0.0,Debit Card,No,10000,0.0,10000.0
O02820,2025-11-04 07:58:45.105021004,C0443,Smartphone,Electronics,East,1,40000,0.15,UPI,No,40000,6000.0,34000.0
O02821,2025-11-04 10:35:44.588917784,C0050,Keyboard,Accessories,North,4,2000,0.0,Cash,No,8000,0.0,8000.0
O02822,2025-11-04 13:12:44.072814560,C0401,Smartphone,Electronics,North,1,40000,0.1,Cash,No,40000,4000.0,36000.0
O02823,2025-11-04 15:49:43.556711340,C0092,Mouse,Accessories,West,1,800,0.1,UPI,No,800,80.0,720.0
O02824,2025-11-04 18:26:43.040608120,C0259,Webcam,Accessories,West,1,3500,0.1,Credit Card,No,3500,350.0,3150.0
O02825,2025-11-04 21:03:42.524504900,C0242,Monitor,Electronics,West,3,15000,0.1,Credit Card,Yes,45000,4500.0,40500.0
O02826,2025-11-04 23:40:42.008401680,C0292,Monitor,Electronics,West,3,15000,0.05,Credit Card,No,45000,2250.0,42750.0
O02827,2025-11-05 02:17:41.492298460,C0107,Smartphone,Electronics,East,2,40000,0.05,Cash,No,80000,4000.0,76000.0
O02828,2025-11-05 04:54:40.976195236,C0249,Mouse,Accessories,North,1,800,0.1,Debit Card,No,800,80.0,720.0
O02829,2025-11-05 07:31:40.460092016,C0078,Laptop,Electronics,South,3,65000,0.0,UPI,No,195000,0.0,195000.0
O02830,2025-11-05 10:08:39.943988796,C0282,Headphones,Accessories,West,3,2500,0.1,Cash,No,7500,750.0,6750.0
O02831,2025-11-05 12:45:39.427885576,C0159,Monitor,Electronics,West,3,15000,0.15,Debit Card,No,45000,6750.0,38250.0
O02832,2025-11-05 15:22:38.911782356,C0161,Laptop,Electronics,North,4,65000,0.0,UPI,No,260000,0.0,260000.0
O02833,2025-11-05 17:59:38.395679136,C0066,Smartphone,Electronics,East,5,40000,0.1,Cash,No,200000,20000.0,180000.0
O02834,2025-11-05 20:36:37.879575916,C0142,Smartphone,Electronics,South,5,40000,0.05,UPI,No,200000,10000.0,190000.0
O02835,2025-11-05 23:13:37.363472692,C0403,Smartphone,Electronics,East,4,40000,0.1,Debit Card,No,160000,16000.0,144000.0
O02836,2025-11-06 01:50:36.847369472,C0483,Headphones,Accessories,South,4,2500,0.05,Credit Card,No,10000,500.0,9500.0
O02837,2025-11-06 04:27:36.331266252,C0368,Mouse,Accessories,West,1,800,0.1,Credit Card,No,800,80.0,720.0
O02838,2025-11-06 07:04:35.815163032,C0061,Laptop,Electronics,North,5,65000,0.15,UPI,No,325000,48750.0,276250.0
O02839,2025-11-06 09:41:35.299059812,C0253,Mouse,Accessories,East,3,800,0.0,Debit Card,No,2400,0.0,2400.0
O02840,2025-11-06 12:18:34.782956592,C0443,Headphones,Accessories,North,2,2500,0.0,Credit Card,No,5000,0.0,5000.0
O02841,2025-11-06 14:55:34.266853368,C0318,Laptop,Electronics,West,5,65000,0.05,Credit Card,No,325000,16250.0,308750.0
O02842,2025-11-06 17:32:33.750750148,C0088,Keyboard,Accessories,North,5,2000,0.0,Debit Card,No,10000,0.0,10000.0
O02843,2025-11-06 20:09:33.234646928,C0292,Tablet,Electronics,South,5,30000,0.0,Cash,No,150000,0.0,150000.0
O02844,2025-11-06 22:46:32.718543708,C0372,Mouse,Accessories,North,2,800,0.0,UPI,No,1600,0.0,1600.0
O02845,2025-11-07 01:23:32.202440488,C0469,Webcam,Accessories,North,5,3500,0.05,Debit Card,No,17500,875.0,16625.0
O02846,2025-11-07 04:00:31.686337268,C0185,Monitor,Electronics,North,5,15000,0.05,Debit Card,No,75000,3750.0,71250.0
O02847,2025-11-07 06:37:31.170234044,C0465,Headphones,Accessories,South,3,2500,0.15,Debit Card,No,7500,1125.0,6375.0
O02848,2025-11-07 09:14:30.654130824,C0209,Mouse,Accessories,North,4,800,0.05,UPI,No,3200,160.0,3040.0
O02849,2025-11-07 11:51:30.138027604,C0318,Headphones,Accessories,East,1,2500,0.0,Credit Card,No,2500,0.0,2500.0
O02850,2025-11-07 14:28:29.621924384,C0063,Tablet,Electronics,East,3,30000,0.0,Credit Card,No,90000,0.0,90000.0
O02851,2025-11-07 17:05:29.105821164,C0487,Headphones,Accessories,North,2,2500,0.05,Credit Card,No,5000,250.0,4750.0
O02852,2025-11-07 19:42:28.589717944,C0287,Laptop,Electronics,West,2,65000,0.0,UPI,No,130000,0.0,130000.0
O02853,2025-11-07 22:19:28.073614720,C0374,Tablet,Electronics,East,2,30000,0.1,Credit Card,No,60000,6000.0,54000.0
O02854,2025-11-08 00:56:27.557511500,C0442,Headphones,Accessories,West,5,2500,0.05,UPI,No,12500,625.0,11875.0
O02855,2025-11-08 03:33:27.041408280,C0016,Tablet,Electronics,North,3,30000,0.15,Credit Card,No,90000,13500.0,76500.0
O02856,2025-11-08 06:10:26.525305060,C0460,Laptop,Electronics,South,3,65000,0.05,Cash,No,195000,9750.0,185250.0
O02857,2025-11-08 08:47:26.009201840,C0054,Smartphone,Electronics,North,1,40000,0.0,Credit Card,No,40000,0.0,40000.0
O02858,2025-11-08 11:24:25.493098620,C0050,Laptop,Electronics,West,4,65000,0.05,Cash,No,260000,13000.0,247000.0
O02859,2025-11-08 14:01:24.976995396,C0304,Webcam,Accessories,West,5,3500,0.05,UPI,No,17500,875.0,16625.0
O02860,2025-11-08 16:38:24.460892176,C0225,Keyboard,Accessories,East,1,2000,0.0,Debit Card,No,2000,0.0,2000.0
O02861,2025-11-08 19:15:23.944788956,C0318,Monitor,Electronics,South,3,15000,0.1,Cash,No,45000,4500.0,40500.0
O02862,2025-11-08 21:52:23.428685736,C0255,Webcam,Accessories,North,2,3500,0.0,Credit Card,No,7000,0.0,7000.0
O02863,2025-11-09 00:29:22.912582516,C0417,Smartphone,Electronics,East,4,40000,0.0,Debit Card,No,160000,0.0,160000.0
O02864,2025-11-09 03:06:22.396479296,C0075,Keyboard,Accessories,South,1,2000,0.05,Debit Card,No,2000,100.0,1900.0
O02865,2025-11-09 05:43:21.880376076,C0488,Smartphone,Electronics,East,1,40000,0.0,Cash,No,40000,0.0,40000.0
O02866,2025-11-09 08:20:21.364272852,C0185,Keyboard,Accessories,North,4,2000,0.1,UPI,No,8000,800.0,7200.0
O02867,2025-11-09 10:57:20.848169632,C0111,Mouse,Accessories,South,1,800,0.0,Debit Card,No,800,0.0,800.0
O02868,2025-11-09 13:34:20.332066412,C0267,Monitor,Electronics,West,1,15000,0.15,Cash,No,15000,2250.0,12750.0
O02869,2025-11-09 16:11:19.815963192,C0470,Monitor,Electronics,West,1,15000,0.05,Cash,No,15000,750.0,14250.0
O02870,2025-11-09 18:48:19.299859972,C0030,Smartphone,Electronics,South,2,40000,0.05,UPI,No,80000,4000.0,76000.0
O02871,2025-11-09 21:25:18.783756752,C0045,Laptop,Electronics,West,5,65000,0.05,UPI,No,325000,16250.0,308750.0
O02872,2025-11-10 00:02:18.267653528,C0145,Mouse,Accessories,South,5,800,0.05,UPI,No,4000,200.0,3800.0
O02873,2025-11-10 02:39:17.751550308,C0055,Monitor,Electronics,North,3,15000,0.0,Debit Card,No,45000,0.0,45000.0
O02874,2025-11-10 05:16:17.235447088,C0293,Mouse,Accessories,West,4,800,0.1,Cash,No,3200,320.0,2880.0
O02875,2025-11-10 07:53:16.719343868,C0311,Smartphone,Electronics,South,3,40000,0.05,Cash,No,120000,6000.0,114000.0
O02876,2025-11-10 10:30:16.203240648,C0342,Keyboard,Accessories,West,2,2000,0.0,Cash,No,4000,0.0,4000.0
O02877,2025-11-10 13:07:15.687137428,C0357,Smartphone,Electronics,North,1,40000,0.1,UPI,No,40000,4000.0,36000.0
O02878,2025-11-10 15:44:15.171034204,C0315,Keyboard,Accessories,West,4,2000,0.15,Debit Card,No,8000,1200.0,6800.0
O02879,2025-11-10 18:21:14.654930984,C0087,Tablet,Electronics,South,5,30000,0.1,Cash,No,150000,15000.0,135000.0
O02880,2025-11-10 20:58:14.138827764,C0128,Keyboard,Accessories,West,4,2000,0.15,UPI,No,8000,1200.0,6800.0
O02881,2025-11-10 23:35:13.622724544,C0067,Mouse,Accessories,South,5,800,0.15,Cash,No,4000,600.0,3400.0
O02882,2025-11-11 02:12:13.106621324,C0006,Keyboard,Accessories,West,4,2000,0.1,Debit Card,No,8000,800.0,7200.0
O02883,2025-11-11 04:49:12.590518104,C0345,Keyboard,Accessories,West,1,2000,0.0,Cash,No,2000,0.0,2000.0
O02884,2025-11-11 07:26:12.074414880,C0287,Webcam,Accessories,West,5,3500,0.15,Debit Card,No,17500,2625.0,14875.0
O02885,2025-11-11 10:03:11.558311660,C0145,Monitor,Electronics,West,2,15000,0.15,Debit Card,No,30000,4500.0,25500.0
O02886,2025-11-11 12:40:11.042208440,C0282,Smartphone,Electronics,West,3,40000,0.05,UPI,No,120000,6000.0,114000.0
O02887,2025-11-11 15:17:10.526105220,C0143,Webcam,Accessories,West,3,3500,0.1,Credit Card,No,10500,1050.0,9450.0
O02888,2025-11-11 17:54:10.010002000,C0003,Webcam,Accessories,East,3,3500,0.1,Credit Card,No,10500,1050.0,9450.0
O02889,2025-11-11 20:31:09.493898780,C0294,Headphones,Accessories,South,2,2500,0.1,Cash,No,5000,500.0,4500.0
O02890,2025-11-11 23:08:08.977795556,C0428,Keyboard,Accessories,East,5,2000,0.1,Debit Card,No,10000,1000.0,9000.0
O02891,2025-11-12 01:45:08.461692336,C0229,Webcam,Accessories,East,3,3500,0.15,Credit Card,No,10500,1575.0,8925.0
O02892,2025-11-12 04:22:07.945589116,C0069,Smartphone,Electronics,East,5,40000,0.15,Cash,No,200000,30000.0,170000.0
O02893,2025-11-12 06:59:07.429485896,C0306,Smartphone,Electronics,East,4,40000,0.1,Cash,No,160000,16000.0,144000.0
O02894,2025-11-12 09:36:06.913382676,C0131,Smartphone,Electronics,West,3,40000,0.15,UPI,No,120000,18000.0,102000.0
O02895,2025-11-12 12:13:06.397279456,C0064,Keyboard,Accessories,South,1,2000,0.0,Debit Card,Yes,2000,0.0,2000.0
O02896,2025-11-12 14:50:05.881176236,C0033,Laptop,Electronics,North,3,65000,0.15,UPI,Yes,195000,29250.0,165750.0
O02897,2025-11-12 17:27:05.365073012,C0431,Monitor,Electronics,East,4,15000,0.05,Debit Card,No,60000,3000.0,57000.0
O02898,2025-11-12 20:04:04.848969792,C0313,Keyboard,Accessories,East,2,2000,0.05,Debit Card,No,4000,200.0,3800.0
O02899,2025-11-12 22:41:04.332866572,C0460,Headphones,Accessories,South,2,2500,0.05,Debit Card,No,5000,250.0,4750.0
O02900,2025-11-13 01:18:03.816763352,C0428,Smartphone,Electronics,East,4,40000,0.0,UPI,No,160000,0.0,160000.0
O02901,2025-11-13 03:55:03.300660132,C0331,Monitor,Electronics,East,3,15000,0.15,Credit Card,No,45000,6750.0,38250.0
O02902,2025-11-13 06:32:02.784556912,C0037,Tablet,Electronics,West,5,30000,0.05,Debit Card,No,150000,7500.0,142500.0
O02903,2025-11-13 09:09:02.268453688,C0185,Webcam,Accessories,South,4,3500,0.05,Credit Card,No,14000,700.0,13300.0
O02904,2025-11-13 11:46:01.752350468,C0121,Laptop,Electronics,East,1,65000,0.0,Cash,No,65000,0.0,65000.0
O02905,2025-11-13 14:23:01.236247248,C0154,Laptop,Electronics,South,1,65000,0.15,Credit Card,No,65000,9750.0,55250.0
O02906,2025-11-13 17:00:00.720144028,C0474,Laptop,Electronics,West,1,65000,0.0,Debit Card,No,65000,0.0,65000.0
O02907,2025-11-13 19:37:00.204040808,C0297,Headphones,Accessories,South,2,2500,0.1,Credit Card,No,5000,500.0,4500.0
O02908,2025-11-13 22:13:59.687937588,C0068,Mouse,Accessories,South,4,800,0.15,Credit Card,No,3200,480.0,2720.0
O02909,2025-11-14 00:50:59.171834364,C0352,Laptop,Electronics,East,3,65000,0.0,UPI,No,195000,0.0,195000.0
O02910,2025-11-14 03:27:58.655731144,C0237,Smartphone,Electronics,West,5,40000,0.1,Debit Card,Yes,200000,20000.0,180000.0
O02911,2025-11-14 06:04:58.139627924,C0098,Laptop,Electronics,East,3,65000,0.0,Cash,No,195000,0.0,195000.0
O02912,2025-11-14 08:41:57.623524704,C0029,Keyboard,Accessories,East,2,2000,0.0,Cash,No,4000,0.0,4000.0
O02913,2025-11-14 11:18:57.107421484,C0163,Laptop,Electronics,East,5,65000,0.0,Cash,No,325000,0.0,325000.0
O02914,2025-11-14 13:55:56.591318264,C0470,Headphones,Accessories,West,4,2500,0.0,Credit Card,No,10000,0.0,10000.0
O02915,2025-11-14 16:32:56.075215040,C0097,Mouse,Accessories,North,5,800,0.1,Cash,No,4000,400.0,3600.0
O02916,2025-11-14 19:09:55.559111820,C0221,Tablet,Electronics,South,5,30000,0.1,Debit Card,No,150000,15000.0,135000.0
O02917,2025-11-14 21:46:55.043008600,C0309,Laptop,Electronics,West,4,65000,0.0,Cash,No,260000,0.0,260000.0
O02918,2025-11-15 00:23:54.526905380,C0403,Headphones,Accessories,West,2,2500,0.15,Debit Card,No,5000,750.0,4250.0
O02919,2025-11-15 03:00:54.010802160,C0483,Tablet,Electronics,West,3,30000,0.15,Cash,No,90000,13500.0,76500.0
O02920,2025-11-15 05:37:53.494698940,C0004,Smartphone,Electronics,East,2,40000,0.15,UPI,No,80000,12000.0,68000.0
O02921,2025-11-15 08:14:52.978595716,C0483,Tablet,Electronics,East,3,30000,0.15,Credit Card,No,90000,13500.0,76500.0
O02922,2025-11-15 10:51:52.462492496,C0271,Tablet,Electronics,North,2,30000,0.15,Cash,No,60000,9000.0,51000.0
O02923,2025-11-15 13:28:51.946389276,C0140,Webcam,Accessories,North,2,3500,0.1,Cash,No,7000,700.0,6300.0
O02924,2025-11-15 16:05:51.430286056,C0257,Monitor,Electronics,South,5,15000,0.15,UPI,No,75000,11250.0,63750.0
O02925,2025-11-15 18:42:50.914182836,C0018,Tablet,Electronics,West,3,30000,0.0,Credit Card,No,90000,0.0,90000.0
O02926,2025-11-15 21:19:50.398079616,C0473,Headphones,Accessories,East,1,2500,0.1,Debit Card,No,2500,250.0,2250.0
O02927,2025-11-15 23:56:49.881976396,C0275,Headphones,Accessories,South,4,2500,0.0,Cash,No,10000,0.0,10000.0
O02928,2025-11-16 02:33:49.365873172,C0030,Laptop,Electronics,East,3,65000,0.1,UPI,No,195000,19500.0,175500.0
O02929,2025-11-16 05:10:48.849769952,C0122,Mouse,Accessories,East,1,800,0.05,Credit Card,No,800,40.0,760.0
O02930,2025-11-16 07:47:48.333666732,C0489,Webcam,Accessories,South,5,3500,0.05,Credit Card,No,17500,875.0,16625.0
O02931,2025-11-16 10:24:47.817563512,C0480,Smartphone,Electronics,North,2,40000,0.15,UPI,No,80000,12000.0,68000.0
O02932,2025-11-16 13:01:47.301460292,C0147,Tablet,Electronics,East,2,30000,0.1,Credit Card,No,60000,6000.0,54000.0
O02933,2025-11-16 15:38:46.785357072,C0271,Monitor,Electronics,North,2,15000,0.05,UPI,No,30000,1500.0,28500.0
O02934,2025-11-16 18:15:46.269253848,C0075,Mouse,Accessories,North,3,800,0.0,Cash,No,2400,0.0,2400.0
O02935,2025-11-16 20:52:45.753150628,C0034,Tablet,Electronics,South,1,30000,0.1,UPI,Yes,30000,3000.0,27000.0
O02936,2025-11-16 23:29:45.237047408,C0063,Headphones,Accessories,North,4,2500,0.1,Debit Card,No,10000,1000.0,9000.0
O02937,2025-11-17 02:06:44.720944188,C0056,Headphones,Accessories,North,1,2500,0.1,Cash,No,2500,250.0,2250.0
O02938,2025-11-17 04:43:44.204840968,C0117,Tablet,Electronics,West,5,30000,0.0,UPI,No,150000,0.0,150000.0
O02939,2025-11-17 07:20:43.688737748,C0156,Keyboard,Accessories,West,4,2000,0.0,Credit Card,No,8000,0.0,8000.0
O02940,2025-11-17 09:57:43.172634524,C0453,Mouse,Accessories,East,5,800,0.0,Debit Card,No,4000,0.0,4000.0
O02941,2025-11-17 12:34:42.656531304,C0202,Webcam,Accessories,South,3,3500,0.1,UPI,No,10500,1050.0,9450.0
O02942,2025-11-17 15:11:42.140428084,C0278,Mouse,Accessories,South,2,800,0.15,Debit Card,No,1600,240.0,1360.0
O02943,2025-11-17 17:48:41.624324864,C0205,Monitor,Electronics,North,4,15000,0.05,UPI,No,60000,3000.0,57000.0
O02944,2025-11-17 20:25:41.108221644,C0445,Laptop,Electronics,North,1,65000,0.0,Credit Card,No,65000,0.0,65000.0
O02945,2025-11-17 23:02:40.592118424,C0439,Smartphone,Electronics,West,5,40000,0.0,Debit Card,No,200000,0.0,200000.0
O02946,2025-11-18 01:39:40.076015200,C0443,Keyboard,Accessories,South,1,2000,0.0,Cash,No,2000,0.0,2000.0
O02947,2025-11-18 04:16:39.559911980,C0356,Mouse,Accessories,North,1,800,0.0,Cash,No,800,0.0,800.0
O02948,2025-11-18 06:53:39.043808760,C0398,Laptop,Electronics,West,5,65000,0.05,Debit Card,No,325000,16250.0,308750.0
O02949,2025-11-18 09:30:38.527705540,C0067,Monitor,Electronics,East,3,15000,0.05,Debit Card,No,45000,2250.0,42750.0
O02950,2025-11-18 12:07:38.011602320,C0300,Tablet,Electronics,West,2,30000,0.15,Debit Card,No,60000,9000.0,51000.0
O02951,2025-11-18 14:44:37.495499100,C0486,Mouse,Accessories,East,4,800,0.1,Credit Card,No,3200,320.0,2880.0
O02952,2025-11-18 17:21:36.979395876,C0277,Headphones,Accessories,North,4,2500,0.0,Debit Card,No,10000,0.0,10000.0
O02953,2025-11-18 19:58:36.463292656,C0057,Tablet,Electronics,South,4,30000,0.0,Credit Card,No,120000,0.0,120000.0
O02954,2025-11-18 22:35:35.947189436,C0373,Smartphone,Electronics,South,2,40000,0.15,Cash,No,80000,12000.0,68000.0
O02955,2025-11-19 01:12:35.431086216,C0258,Webcam,Accessories,East,3,3500,0.15,Credit Card,No,10500,1575.0,8925.0
O02956,2025-11-19 03:49:34.914982996,C0430,Keyboard,Accessories,West,5,2000,0.05,Credit Card,No,10000,500.0,9500.0
O02957,2025-11-19 06:26:34.398879776,C0368,Webcam,Accessories,South,3,3500,0.05,Debit Card,No,10500,525.0,9975.0
O02958,2025-11-19 09:03:33.882776556,C0244,Smartphone,Electronics,South,5,40000,0.05,Credit Card,No,200000,10000.0,190000.0
O02959,2025-11-19 11:40:33.366673332,C0300,Laptop,Electronics,East,2,65000,0.1,Cash,No,130000,13000.0,117000.0
O02960,2025-11-19 14:17:32.850570112,C0033,Headphones,Accessories,East,1,2500,0.15,Debit Card,No,2500,375.0,2125.0
O02961,2025-11-19 16:54:32.334466892,C0408,Smartphone,Electronics,West,3,40000,0.05,Debit Card,No,120000,6000.0,114000.0
O02962,2025-11-19 19:31:31.818363672,C0088,Keyboard,Accessories,West,4,2000,0.0,Cash,No,8000,0.0,8000.0
O02963,2025-11-19 22:08:31.302260452,C0458,Keyboard,Accessories,North,2,2000,0.05,Cash,No,4000,200.0,3800.0
O02964,2025-11-20 00:45:30.786157232,C0293,Tablet,Electronics,North,4,30000,0.0,Credit Card,No,120000,0.0,120000.0
O02965,2025-11-20 03:22:30.270054008,C0427,Monitor,Electronics,North,3,15000,0.15,Debit Card,No,45000,6750.0,38250.0
O02966,2025-11-20 05:59:29.753950788,C0259,Tablet,Electronics,West,2,30000,0.1,Credit Card,No,60000,6000.0,54000.0
O02967,2025-11-20 08:36:29.237847568,C0459,Monitor,Electronics,East,1,15000,0.05,Debit Card,No,15000,750.0,14250.0
O02968,2025-11-20 11:13:28.721744348,C0349,Mouse,Accessories,East,1,800,0.15,Credit Card,No,800,120.0,680.0
O02969,2025-11-20 13:50:28.205641128,C0191,Monitor,Electronics,East,2,15000,0.05,UPI,No,30000,1500.0,28500.0
O02970,2025-11-20 16:27:27.689537908,C0422,Smartphone,Electronics,North,4,40000,0.15,UPI,No,160000,24000.0,136000.0
O02971,2025-11-20 19:04:27.173434684,C0159,Laptop,Electronics,West,5,65000,0.15,Debit Card,No,325000,48750.0,276250.0
O02972,2025-11-20 21:41:26.657331464,C0464,Monitor,Electronics,East,3,15000,0.15,UPI,No,45000,6750.0,38250.0
O02973,2025-11-21 00:18:26.141228244,C0147,Monitor,Electronics,East,5,15000,0.0,Debit Card,No,75000,0.0,75000.0
O02974,2025-11-21 02:55:25.625125024,C0049,Monitor,Electronics,East,3,15000,0.0,Credit Card,No,45000,0.0,45000.0
O02975,2025-11-21 05:32:25.109021804,C0342,Monitor,Electronics,East,2,15000,0.0,UPI,No,30000,0.0,30000.0
O02976,2025-11-21 08:09:24.592918584,C0017,Smartphone,Electronics,South,3,40000,0.15,Credit Card,No,120000,18000.0,102000.0
O02977,2025-11-21 10:46:24.076815360,C0174,Mouse,Accessories,West,5,800,0.1,UPI,No,4000,400.0,3600.0
O02978,2025-11-21 13:23:23.560712140,C0123,Mouse,Accessories,South,3,800,0.15,Credit Card,No,2400,360.0,2040.0
O02979,2025-11-21 16:00:23.044608920,C0257,Smartphone,Electronics,North,4,40000,0.05,Credit Card,No,160000,8000.0,152000.0
O02980,2025-11-21 18:37:22.528505700,C0089,Mouse,Accessories,West,2,800,0.0,Debit Card,No,1600,0.0,1600.0
O02981,2025-11-21 21:14:22.012402480,C0388,Laptop,Electronics,South,1,65000,0.05,Credit Card,No,65000,3250.0,61750.0
O02982,2025-11-21 23:51:21.496299260,C0493,Monitor,Electronics,North,4,15000,0.15,Cash,No,60000,9000.0,51000.0
O02983,2025-11-22 02:28:20.980196040,C0293,Keyboard,Accessories,North,5,2000,0.1,Credit Card,No,10000,1000.0,9000.0
O02984,2025-11-22 05:05:20.464092816,C0264,Mouse,Accessories,West,5,800,0.1,Debit Card,No,4000,400.0,3600.0
O02985,2025-11-22 07:42:19.947989596,C0075,Tablet,Electronics,East,2,30000,0.05,UPI,No,60000,3000.0,57000.0
O02986,2025-11-22 10:19:19.431886376,C0016,Tablet,Electronics,South,2,30000,0.0,Cash,No,60000,0.0,60000.0
O02987,2025-11-22 12:56:18.915783156,C0467,Headphones,Accessories,West,2,2500,0.1,Cash,No,5000,500.0,4500.0
O02988,2025-11-22 15:33:18.399679936,C0053,Webcam,Accessories,West,1,3500,0.1,Debit Card,No,3500,350.0,3150.0
O02989,2025-11-22 18:10:17.883576716,C0231,Webcam,Accessories,South,4,3500,0.0,Cash,No,14000,0.0,14000.0
O02990,2025-11-22 20:47:17.367473492,C0295,Tablet,Electronics,North,4,30000,0.05,Credit Card,No,120000,6000.0,114000.0
O02991,2025-11-22 23:24:16.851370272,C0273,Webcam,Accessories,West,5,3500,0.0,Cash,No,17500,0.0,17500.0
O02992,2025-11-23 02:01:16.335267052,C0309,Monitor,Electronics,West,3,15000,0.0,Debit Card,No,45000,0.0,45000.0
O02993,2025-11-23 04:38:15.819163832,C0225,Webcam,Accessories,North,2,3500,0.05,Credit Card,No,7000,350.0,6650.0
O02994,2025-11-23 07:15:15.303060612,C0172,Keyboard,Accessories,West,2,2000,0.1,Cash,No,4000,400.0,3600.0
O02995,2025-11-23 09:52:14.786957392,C0069,Tablet,Electronics,West,4,30000,0.15,Debit Card,No,120000,18000.0,102000.0
O02996,2025-11-23 12:29:14.270854168,C0289,Smartphone,Electronics,East,2,40000,0.0,Cash,No,80000,0.0,80000.0
O02997,2025-11-23 15:06:13.754750948,C0493,Monitor,Electronics,East,5,15000,0.0,Debit Card,No,75000,0.0,75000.0
O02998,2025-11-23 17:43:13.238647728,C0395,Mouse,Accessories,West,4,800,0.1,Debit Card,No,3200,320.0,2880.0
O02999,2025-11-23 20:20:12.722544508,C0159,Keyboard,Accessories,South,5,2000,0.0,Debit Card,No,10000,0.0,10000.0
O03000,2025-11-23 22:57:12.206441288,C0034,Keyboard,Accessories,North,3,2000,0.1,Cash,No,6000,600.0,5400.0
O03001,2025-11-24 01:34:11.690338068,C0482,Webcam,Accessories,East,5,3500,0.1,Credit Card,No,17500,1750.0,15750.0
O03002,2025-11-24 04:11:11.174234844,C0483,Mouse,Accessories,North,1,800,0.05,Credit Card,No,800,40.0,760.0
O03003,2025-11-24 06:48:10.658131624,C0241,Smartphone,Electronics,East,1,40000,0.15,Cash,Yes,40000,6000.0,34000.0
O03004,2025-11-24 09:25:10.142028404,C0296,Smartphone,Electronics,East,2,40000,0.0,Cash,No,80000,0.0,80000.0
O03005,2025-11-24 12:02:09.625925184,C0209,Mouse,Accessories,North,1,800,0.15,UPI,No,800,120.0,680.0
O03006,2025-11-24 14:39:09.109821964,C0172,Headphones,Accessories,East,5,2500,0.05,Cash,Yes,12500,625.0,11875.0
O03007,2025-11-24 17:16:08.593718744,C0474,Mouse,Accessories,North,3,800,0.05,Credit Card,No,2400,120.0,2280.0
O03008,2025-11-24 19:53:08.077615520,C0450,Headphones,Accessories,South,4,2500,0.0,Cash,No,10000,0.0,10000.0
O03009,2025-11-24 22:30:07.561512300,C0495,Webcam,Accessories,South,4,3500,0.0,UPI,No,14000,0.0,14000.0
O03010,2025-11-25 01:07:07.045409080,C0024,Monitor,Electronics,East,2,15000,0.05,UPI,No,30000,1500.0,28500.0
O03011,2025-11-25 03:44:06.529305860,C0036,Keyboard,Accessories,West,1,2000,0.1,Cash,No,2000,200.0,1800.0
O03012,2025-11-25 06:21:06.013202640,C0140,Smartphone,Electronics,West,2,40000,0.15,Credit Card,No,80000,12000.0,68000.0
O03013,2025-11-25 08:58:05.497099420,C0205,Webcam,Accessories,North,5,3500,0.05,Credit Card,No,17500,875.0,16625.0
O03014,2025-11-25 11:35:04.980996200,C0004,Webcam,Accessories,West,5,3500,0.15,Debit Card,No,17500,2625.0,14875.0
O03015,2025-11-25 14:12:04.464892976,C0432,Monitor,Electronics,North,4,15000,0.15,Credit Card,No,60000,9000.0,51000.0
O03016,2025-11-25 16:49:03.948789756,C0083,Smartphone,Electronics,West,1,40000,0.1,Cash,No,40000,4000.0,36000.0
O03017,2025-11-25 19:26:03.432686536,C0020,Laptop,Electronics,North,1,65000,0.15,Debit Card,No,65000,9750.0,55250.0
O03018,2025-11-25 22:03:02.916583316,C0354,Laptop,Electronics,East,2,65000,0.0,Credit Card,No,130000,0.0,130000.0
O03019,2025-11-26 00:40:02.400480096,C0355,Laptop,Electronics,East,4,65000,0.15,UPI,No,260000,39000.0,221000.0
O03020,2025-11-26 03:17:01.884376876,C0003,Laptop,Electronics,North,3,65000,0.0,Debit Card,No,195000,0.0,195000.0
O03021,2025-11-26 05:54:01.368273652,C0493,Laptop,Electronics,East,2,65000,0.05,Cash,No,130000,6500.0,123500.0
O03022,2025-11-26 08:31:00.852170432,C0037,Webcam,Accessories,East,2,3500,0.15,UPI,No,7000,1050.0,5950.0
O03023,2025-11-26 11:08:00.336067212,C0224,Smartphone,Electronics,West,3,40000,0.0,Cash,Yes,120000,0.0,120000.0
O03024,2025-11-26 13:44:59.819963992,C0427,Keyboard,Accessories,South,4,2000,0.15,Cash,No,8000,1200.0,6800.0
O03025,2025-11-26 16:21:59.303860772,C0295,Mouse,Accessories,South,3,800,0.15,Debit Card,No,2400,360.0,2040.0
O03026,2025-11-26 18:58:58.787757552,C0319,Tablet,Electronics,East,1,30000,0.1,Debit Card,No,30000,3000.0,27000.0
O03027,2025-11-26 21:35:58.271654328,C0378,Monitor,Electronics,North,1,15000,0.0,UPI,Yes,15000,0.0,15000.0
O03028,2025-11-27 00:12:57.755551108,C0497,Laptop,Electronics,East,3,65000,0.15,Debit Card,No,195000,29250.0,165750.0
O03029,2025-11-27 02:49:57.239447888,C0321,Mouse,Accessories,North,5,800,0.05,Cash,No,4000,200.0,3800.0
O03030,2025-11-27 05:26:56.723344668,C0347,Tablet,Electronics,South,3,30000,0.05,Credit Card,No,90000,4500.0,85500.0
O03031,2025-11-27 08:03:56.207241448,C0261,Tablet,Electronics,South,2,30000,0.0,Debit Card,No,60000,0.0,60000.0
O03032,2025-11-27 10:40:55.691138228,C0060,Smartphone,Electronics,East,3,40000,0.15,Debit Card,No,120000,18000.0,102000.0
O03033,2025-11-27 13:17:55.175035004,C0155,Laptop,Electronics,East,1,65000,0.05,Cash,No,65000,3250.0,61750.0
O03034,2025-11-27 15:54:54.658931784,C0268,Headphones,Accessories,East,1,2500,0.05,Credit Card,No,2500,125.0,2375.0
O03035,2025-11-27 18:31:54.142828564,C0418,Smartphone,Electronics,West,5,40000,0.05,Debit Card,Yes,200000,10000.0,190000.0
O03036,2025-11-27 21:08:53.626725344,C0445,Keyboard,Accessories,South,3,2000,0.05,Cash,No,6000,300.0,5700.0
O03037,2025-11-27 23:45:53.110622124,C0335,Keyboard,Accessories,East,1,2000,0.15,UPI,No,2000,300.0,1700.0
O03038,2025-11-28 02:22:52.594518904,C0129,Laptop,Electronics,West,2,65000,0.0,Credit Card,No,130000,0.0,130000.0
O03039,2025-11-28 04:59:52.078415680,C0437,Webcam,Accessories,West,4,3500,0.1,UPI,No,14000,1400.0,12600.0
O03040,2025-11-28 07:36:51.562312460,C0161,Tablet,Electronics,West,3,30000,0.1,UPI,No,90000,9000.0,81000.0
O03041,2025-11-28 10:13:51.046209240,C0036,Headphones,Accessories,West,3,2500,0.05,Cash,No,7500,375.0,7125.0
O03042,2025-11-28 12:50:50.530106020,C0448,Keyboard,Accessories,West,1,2000,0.0,Debit Card,No,2000,0.0,2000.0
O03043,2025-11-28 15:27:50.014002800,C0072,Smartphone,Electronics,West,1,40000,0.1,Debit Card,No,40000,4000.0,36000.0
O03044,2025-11-28 18:04:49.497899580,C0321,Keyboard,Accessories,East,4,2000,0.05,Debit Card,No,8000,400.0,7600.0
O03045,2025-11-28 20:41:48.981796360,C0229,Smartphone,Electronics,East,3,40000,0.1,UPI,No,120000,12000.0,108000.0
O03046,2025-11-28 23:18:48.465693136,C0350,Headphones,Accessories,South,5,2500,0.1,Credit Card,No,12500,1250.0,11250.0
O03047,2025-11-29 01:55:47.949589916,C0057,Laptop,Electronics,North,5,65000,0.15,Debit Card,No,325000,48750.0,276250.0
O03048,2025-11-29 04:32:47.433486696,C0067,Keyboard,Accessories,West,4,2000,0.1,Debit Card,Yes,8000,800.0,7200.0
O03049,2025-11-29 07:09:46.917383476,C0228,Tablet,Electronics,North,5,30000,0.15,Credit Card,Yes,150000,22500.0,127500.0
O03050,2025-11-29 09:46:46.401280256,C0412,Monitor,Electronics,East,5,15000,0.1,UPI,No,75000,7500.0,67500.0
O03051,2025-11-29 12:23:45.885177036,C0087,Webcam,Accessories,West,5,3500,0.0,UPI,No,17500,0.0,17500.0
O03052,2025-11-29 15:00:45.369073812,C0143,Laptop,Electronics,South,1,65000,0.0,Debit Card,No,65000,0.0,65000.0
O03053,2025-11-29 17:37:44.852970592,C0074,Tablet,Electronics,South,1,30000,0.15,Cash,No,30000,4500.0,25500.0
O03054,2025-11-29 20:14:44.336867372,C0399,Monitor,Electronics,East,2,15000,0.05,Debit Card,No,30000,1500.0,28500.0
O03055,2025-11-29 22:51:43.820764152,C0104,Mouse,Accessories,East,4,800,0.0,Credit Card,No,3200,0.0,3200.0
O03056,2025-11-30 01:28:43.304660932,C0383,Monitor,Electronics,West,1,15000,0.0,Cash,No,15000,0.0,15000.0
O03057,2025-11-30 04:05:42.788557712,C0125,Webcam,Accessories,North,1,3500,0.1,Cash,No,3500,350.0,3150.0
O03058,2025-11-30 06:42:42.272454488,C0254,Headphones,Accessories,South,2,2500,0.05,UPI,No,5000,250.0,4750.0
O03059,2025-11-30 09:19:41.756351268,C0251,Monitor,Electronics,West,2,15000,0.05,Cash,No,30000,1500.0,28500.0
O03060,2025-11-30 11:56:41.240248048,C0450,Monitor,Electronics,East,1,15000,0.05,Credit Card,No,15000,750.0,14250.0
O03061,2025-11-30 14:33:40.724144828,C0490,Headphones,Accessories,South,5,2500,0.1,Debit Card,No,12500,1250.0,11250.0
O03062,2025-11-30 17:10:40.208041608,C0123,Smartphone,Electronics,South,4,40000,0.0,UPI,No,160000,0.0,160000.0
O03063,2025-11-30 19:47:39.691938388,C0111,Keyboard,Accessories,East,1,2000,0.1,Debit Card,No,2000,200.0,1800.0
O03064,2025-11-30 22:24:39.175835164,C0363,Webcam,Accessories,West,2,3500,0.05,Debit Card,No,7000,350.0,6650.0
O03065,2025-12-01 01:01:38.659731944,C0403,Mouse,Accessories,North,2,800,0.0,UPI,No,1600,0.0,1600.0
O03066,2025-12-01 03:38:38.143628724,C0082,Smartphone,Electronics,North,1,40000,0.0,Credit Card,No,40000,0.0,40000.0
O03067,2025-12-01 06:15:37.627525504,C0398,Mouse,Accessories,West,5,800,0.15,Credit Card,No,4000,600.0,3400.0
O03068,2025-12-01 08:52:37.111422284,C0281,Tablet,Electronics,North,2,30000,0.05,Cash,No,60000,3000.0,57000.0
O03069,2025-12-01 11:29:36.595319064,C0389,Webcam,Accessories,West,1,3500,0.1,Credit Card,No,3500,350.0,3150.0
O03070,2025-12-01 14:06:36.079215840,C0215,Laptop,Electronics,West,5,65000,0.0,Debit Card,No,325000,0.0,325000.0
O03071,2025-12-01 16:43:35.563112620,C0410,Keyboard,Accessories,West,3,2000,0.05,Debit Card,No,6000,300.0,5700.0
O03072,2025-12-01 19:20:35.047009400,C0495,Tablet,Electronics,West,1,30000,0.0,Credit Card,No,30000,0.0,30000.0
O03073,2025-12-01 21:57:34.530906180,C0347,Keyboard,Accessories,South,1,2000,0.0,Credit Card,No,2000,0.0,2000.0
O03074,2025-12-02 00:34:34.014802960,C0263,Mouse,Accessories,West,3,800,0.15,Cash,Yes,2400,360.0,2040.0
O03075,2025-12-02 03:11:33.498699740,C0358,Mouse,Accessories,South,2,800,0.0,Cash,No,1600,0.0,1600.0
O03076,2025-12-02 05:48:32.982596520,C0212,Smartphone,Electronics,South,4,40000,0.1,UPI,No,160000,16000.0,144000.0
O03077,2025-12-02 08:25:32.466493296,C0473,Webcam,Accessories,West,5,3500,0.0,UPI,No,17500,0.0,17500.0
O03078,2025-12-02 11:02:31.950390076,C0306,Smartphone,Electronics,North,5,40000,0.0,Cash,No,200000,0.0,200000.0
O03079,2025-12-02 13:39:31.434286856,C0321,Smartphone,Electronics,West,1,40000,0.0,Credit Card,No,40000,0.0,40000.0
O03080,2025-12-02 16:16:30.918183636,C0463,Webcam,Accessories,East,2,3500,0.15,UPI,No,7000,1050.0,5950.0
O03081,2025-12-02 18:53:30.402080416,C0353,Webcam,Accessories,West,3,3500,0.1,Cash,No,10500,1050.0,9450.0
O03082,2025-12-02 21:30:29.885977196,C0167,Headphones,Accessories,East,3,2500,0.05,UPI,No,7500,375.0,7125.0
O03083,2025-12-03 00:07:29.369873972,C0285,Keyboard,Accessories,North,5,2000,0.1,Credit Card,No,10000,1000.0,9000.0
O03084,2025-12-03 02:44:28.853770752,C0209,Tablet,Electronics,North,3,30000,0.05,Cash,Yes,90000,4500.0,85500.0
O03085,2025-12-03 05:21:28.337667532,C0482,Monitor,Electronics,West,1,15000,0.15,Cash,No,15000,2250.0,12750.0
O03086,2025-12-03 07:58:27.821564312,C0099,Tablet,Electronics,West,1,30000,0.0,Credit Card,No,30000,0.0,30000.0
O03087,2025-12-03 10:35:27.305461092,C0370,Laptop,Electronics,South,3,65000,0.0,UPI,No,195000,0.0,195000.0
O03088,2025-12-03 13:12:26.789357872,C0476,Smartphone,Electronics,South,2,40000,0.05,Credit Card,No,80000,4000.0,76000.0
O03089,2025-12-03 15:49:26.273254648,C0376,Mouse,Accessories,North,3,800,0.1,Debit Card,No,2400,240.0,2160.0
O03090,2025-12-03 18:26:25.757151428,C0169,Mouse,Accessories,North,5,800,0.05,Debit Card,No,4000,200.0,3800.0
O03091,2025-12-03 21:03:25.241048208,C0145,Headphones,Accessories,South,4,2500,0.05,Credit Card,No,10000,500.0,9500.0
O03092,2025-12-03 23:40:24.724944988,C0312,Laptop,Electronics,West,5,65000,0.15,Debit Card,No,325000,48750.0,276250.0
O03093,2025-12-04 02:17:24.208841768,C0469,Mouse,Accessories,West,5,800,0.05,Cash,No,4000,200.0,3800.0
O03094,2025-12-04 04:54:23.692738548,C0292,Headphones,Accessories,North,4,2500,0.1,Credit Card,No,10000,1000.0,9000.0
O03095,2025-12-04 07:31:23.176635324,C0144,Monitor,Electronics,East,1,15000,0.0,UPI,No,15000,0.0,15000.0
O03096,2025-12-04 10:08:22.660532104,C0111,Smartphone,Electronics,South,4,40000,0.15,Credit Card,No,160000,24000.0,136000.0
O03097,2025-12-04 12:45:22.144428884,C0206,Keyboard,Accessories,East,2,2000,0.05,UPI,No,4000,200.0,3800.0
O03098,2025-12-04 15:22:21.628325664,C0233,Tablet,Electronics,South,3,30000,0.15,Credit Card,No,90000,13500.0,76500.0
O03099,2025-12-04 17:59:21.112222444,C0297,Headphones,Accessories,North,5,2500,0.0,Debit Card,No,12500,0.0,12500.0
O03100,2025-12-04 20:36:20.596119224,C0182,Laptop,Electronics,East,2,65000,0.1,Debit Card,No,130000,13000.0,117000.0
O03101,2025-12-04 23:13:20.080016000,C0337,Webcam,Accessories,West,2,3500,0.15,Credit Card,No,7000,1050.0,5950.0
O03102,2025-12-05 01:50:19.563912780,C0427,Smartphone,Electronics,East,3,40000,0.1,UPI,No,120000,12000.0,108000.0
O03103,2025-12-05 04:27:19.047809560,C0294,Monitor,Electronics,West,2,15000,0.05,Cash,No,30000,1500.0,28500.0
O03104,2025-12-05 07:04:18.531706340,C0120,Mouse,Accessories,North,3,800,0.0,Credit Card,No,2400,0.0,2400.0
O03105,2025-12-05 09:41:18.015603120,C0133,Webcam,Accessories,East,2,3500,0.15,Cash,No,7000,1050.0,5950.0
O03106,2025-12-05 12:18:17.499499900,C0302,Laptop,Electronics,East,3,65000,0.15,UPI,No,195000,29250.0,165750.0
O03107,2025-12-05 14:55:16.983396680,C0146,Laptop,Electronics,East,2,65000,0.15,Debit Card,No,130000,19500.0,110500.0
O03108,2025-12-05 17:32:16.467293456,C0410,Laptop,Electronics,East,4,65000,0.15,Cash,No,260000,39000.0,221000.0
O03109,2025-12-05 20:09:15.951190236,C0080,Smartphone,Electronics,West,3,40000,0.1,Credit Card,No,120000,12000.0,108000.0
O03110,2025-12-05 22:46:15.435087016,C0440,Laptop,Electronics,West,2,65000,0.05,Debit Card,No,130000,6500.0,123500.0
O03111,2025-12-06 01:23:14.918983796,C0439,Mouse,Accessories,West,3,800,0.0,UPI,No,2400,0.0,2400.0
O03112,2025-12-06 04:00:14.402880576,C0395,Laptop,Electronics,North,2,65000,0.05,UPI,No,130000,6500.0,123500.0
O03113,2025-12-06 06:37:13.886777356,C0046,Monitor,Electronics,East,5,15000,0.0,Debit Card,No,75000,0.0,75000.0
O03114,2025-12-06 09:14:13.370674132,C0490,Keyboard,Accessories,West,5,2000,0.0,Cash,No,10000,0.0,10000.0
O03115,2025-12-06 11:51:12.854570912,C0113,Mouse,Accessories,South,4,800,0.15,Cash,No,3200,480.0,2720.0
O03116,2025-12-06 14:28:12.338467692,C0481,Keyboard,Accessories,West,3,2000,0.0,Credit Card,No,6000,0.0,6000.0
O03117,2025-12-06 17:05:11.822364472,C0490,Keyboard,Accessories,East,5,2000,0.15,UPI,No,10000,1500.0,8500.0
O03118,2025-12-06 19:42:11.306261252,C0403,Mouse,Accessories,North,4,800,0.05,Debit Card,No,3200,160.0,3040.0
O03119,2025-12-06 22:19:10.790158032,C0234,Monitor,Electronics,South,1,15000,0.15,Debit Card,No,15000,2250.0,12750.0
O03120,2025-12-07 00:56:10.274054808,C0287,Webcam,Accessories,East,5,3500,0.05,Debit Card,No,17500,875.0,16625.0
O03121,2025-12-07 03:33:09.757951588,C0200,Smartphone,Electronics,East,5,40000,0.15,Debit Card,No,200000,30000.0,170000.0
O03122,2025-12-07 06:10:09.241848368,C0013,Laptop,Electronics,North,5,65000,0.15,Credit Card,No,325000,48750.0,276250.0
O03123,2025-12-07 08:47:08.725745148,C0489,Monitor,Electronics,North,1,15000,0.05,UPI,No,15000,750.0,14250.0
O03124,2025-12-07 11:24:08.209641928,C0048,Tablet,Electronics,West,5,30000,0.15,Cash,No,150000,22500.0,127500.0
O03125,2025-12-07 14:01:07.693538708,C0477,Mouse,Accessories,South,5,800,0.15,Debit Card,No,4000,600.0,3400.0
O03126,2025-12-07 16:38:07.177435484,C0438,Tablet,Electronics,East,4,30000,0.1,Credit Card,No,120000,12000.0,108000.0
O03127,2025-12-07 19:15:06.661332264,C0311,Smartphone,Electronics,East,1,40000,0.1,UPI,No,40000,4000.0,36000.0
O03128,2025-12-07 21:52:06.145229044,C0051,Tablet,Electronics,North,1,30000,0.05,Debit Card,Yes,30000,1500.0,28500.0
O03129,2025-12-08 00:29:05.629125824,C0298,Monitor,Electronics,West,5,15000,0.1,Cash,No,75000,7500.0,67500.0
O03130,2025-12-08 03:06:05.113022604,C0237,Laptop,Electronics,South,4,65000,0.05,Credit Card,No,260000,13000.0,247000.0
O03131,2025-12-08 05:43:04.596919384,C0499,Monitor,Electronics,South,4,15000,0.15,Credit Card,No,60000,9000.0,51000.0
O03132,2025-12-08 08:20:04.080816160,C0071,Webcam,Accessories,South,3,3500,0.05,Debit Card,No,10500,525.0,9975.0
O03133,2025-12-08 10:57:03.564712940,C0207,Tablet,Electronics,South,1,30000,0.05,Debit Card,No,30000,1500.0,28500.0
O03134,2025-12-08 13:34:03.048609720,C0496,Smartphone,Electronics,West,4,40000,0.15,Debit Card,No,160000,24000.0,136000.0
O03135,2025-12-08 16:11:02.532506500,C0253,Smartphone,Electronics,West,1,40000,0.1,Cash,No,40000,4000.0,36000.0
O03136,2025-12-08 18:48:02.016403280,C0323,Headphones,Accessories,West,3,2500,0.1,Cash,No,7500,750.0,6750.0
O03137,2025-12-08 21:25:01.500300060,C0165,Keyboard,Accessories,West,3,2000,0.0,UPI,No,6000,0.0,6000.0
O03138,2025-12-09 00:02:00.984196840,C0494,Webcam,Accessories,West,3,3500,0.15,Debit Card,No,10500,1575.0,8925.0
O03139,2025-12-09 02:39:00.468093616,C0176,Keyboard,Accessories,South,3,2000,0.15,Debit Card,No,6000,900.0,5100.0
O03140,2025-12-09 05:15:59.951990396,C0295,Monitor,Electronics,East,2,15000,0.15,UPI,No,30000,4500.0,25500.0
O03141,2025-12-09 07:52:59.435887176,C0165,Keyboard,Accessories,West,1,2000,0.05,UPI,No,2000,100.0,1900.0
O03142,2025-12-09 10:29:58.919783956,C0299,Laptop,Electronics,North,5,65000,0.15,Credit Card,No,325000,48750.0,276250.0
O03143,2025-12-09 13:06:58.403680736,C0191,Keyboard,Accessories,South,4,2000,0.15,Cash,No,8000,1200.0,6800.0
O03144,2025-12-09 15:43:57.887577516,C0019,Monitor,Electronics,South,2,15000,0.0,Credit Card,No,30000,0.0,30000.0
O03145,2025-12-09 18:20:57.371474292,C0317,Keyboard,Accessories,North,3,2000,0.0,Credit Card,Yes,6000,0.0,6000.0
O03146,2025-12-09 20:57:56.855371072,C0232,Keyboard,Accessories,East,1,2000,0.05,Debit Card,No,2000,100.0,1900.0
O03147,2025-12-09 23:34:56.339267852,C0434,Webcam,Accessories,North,1,3500,0.0,Debit Card,No,3500,0.0,3500.0
O03148,2025-12-10 02:11:55.823164632,C0242,Keyboard,Accessories,North,5,2000,0.0,Credit Card,No,10000,0.0,10000.0
O03149,2025-12-10 04:48:55.307061412,C0274,Laptop,Electronics,East,3,65000,0.15,Debit Card,No,195000,29250.0,165750.0
O03150,2025-12-10 07:25:54.790958192,C0481,Laptop,Electronics,South,3,65000,0.15,Credit Card,No,195000,29250.0,165750.0
O03151,2025-12-10 10:02:54.274854968,C0153,Headphones,Accessories,North,2,2500,0.15,UPI,No,5000,750.0,4250.0
O03152,2025-12-10 12:39:53.758751748,C0407,Laptop,Electronics,South,1,65000,0.15,Credit Card,No,65000,9750.0,55250.0
O03153,2025-12-10 15:16:53.242648528,C0357,Headphones,Accessories,South,3,2500,0.15,UPI,No,7500,1125.0,6375.0
O03154,2025-12-10 17:53:52.726545308,C0195,Webcam,Accessories,East,1,3500,0.05,Credit Card,No,3500,175.0,3325.0
O03155,2025-12-10 20:30:52.210442088,C0307,Headphones,Accessories,West,1,2500,0.1,Debit Card,No,2500,250.0,2250.0
O03156,2025-12-10 23:07:51.694338868,C0432,Monitor,Electronics,North,4,15000,0.1,Debit Card,No,60000,6000.0,54000.0
O03157,2025-12-11 01:44:51.178235644,C0355,Smartphone,Electronics,East,4,40000,0.15,Debit Card,Yes,160000,24000.0,136000.0
O03158,2025-12-11 04:21:50.662132424,C0053,Webcam,Accessories,East,5,3500,0.1,Debit Card,No,17500,1750.0,15750.0
O03159,2025-12-11 06:58:50.146029204,C0227,Smartphone,Electronics,South,5,40000,0.05,Credit Card,No,200000,10000.0,190000.0
O03160,2025-12-11 09:35:49.629925984,C0077,Tablet,Electronics,West,1,30000,0.1,UPI,No,30000,3000.0,27000.0
O03161,2025-12-11 12:12:49.113822764,C0348,Webcam,Accessories,West,5,3500,0.15,Credit Card,No,17500,2625.0,14875.0
O03162,2025-12-11 14:49:48.597719544,C0415,Laptop,Electronics,West,3,65000,0.0,Cash,No,195000,0.0,195000.0
O03163,2025-12-11 17:26:48.081616320,C0467,Mouse,Accessories,West,4,800,0.15,Credit Card,No,3200,480.0,2720.0
O03164,2025-12-11 20:03:47.565513100,C0456,Laptop,Electronics,West,4,65000,0.1,Credit Card,No,260000,26000.0,234000.0
O03165,2025-12-11 22:40:47.049409880,C0179,Monitor,Electronics,East,3,15000,0.1,UPI,Yes,45000,4500.0,40500.0
O03166,2025-12-12 01:17:46.533306660,C0250,Laptop,Electronics,East,3,65000,0.05,Cash,No,195000,9750.0,185250.0
O03167,2025-12-12 03:54:46.017203440,C0495,Laptop,Electronics,East,2,65000,0.0,UPI,No,130000,0.0,130000.0
O03168,2025-12-12 06:31:45.501100220,C0136,Tablet,Electronics,South,1,30000,0.05,Debit Card,No,30000,1500.0,28500.0
O03169,2025-12-12 09:08:44.984997000,C0237,Tablet,Electronics,North,1,30000,0.1,Debit Card,No,30000,3000.0,27000.0
O03170,2025-12-12 11:45:44.468893776,C0146,Monitor,Electronics,North,3,15000,0.1,Credit Card,No,45000,4500.0,40500.0
O03171,2025-12-12 14:22:43.952790556,C0109,Keyboard,Accessories,North,3,2000,0.0,Credit Card,No,6000,0.0,6000.0
O03172,2025-12-12 16:59:43.436687336,C0085,Tablet,Electronics,West,5,30000,0.05,Cash,No,150000,7500.0,142500.0
O03173,2025-12-12 19:36:42.920584116,C0169,Headphones,Accessories,South,4,2500,0.05,Debit Card,No,10000,500.0,9500.0
O03174,2025-12-12 22:13:42.404480896,C0412,Keyboard,Accessories,South,3,2000,0.15,Cash,No,6000,900.0,5100.0
O03175,2025-12-13 00:50:41.888377676,C0057,Webcam,Accessories,North,3,3500,0.0,Cash,No,10500,0.0,10500.0
O03176,2025-12-13 03:27:41.372274452,C0069,Tablet,Electronics,South,2,30000,0.15,Debit Card,Yes,60000,9000.0,51000.0
O03177,2025-12-13 06:04:40.856171232,C0382,Smartphone,Electronics,West,3,40000,0.05,Cash,Yes,120000,6000.0,114000.0
O03178,2025-12-13 08:41:40.340068012,C0028,Keyboard,Accessories,North,1,2000,0.1,Cash,No,2000,200.0,1800.0
O03179,2025-12-13 11:18:39.823964792,C0231,Keyboard,Accessories,South,3,2000,0.15,Credit Card,No,6000,900.0,5100.0
O03180,2025-12-13 13:55:39.307861572,C0104,Webcam,Accessories,West,5,3500,0.1,Debit Card,No,17500,1750.0,15750.0
O03181,2025-12-13 16:32:38.791758352,C0095,Tablet,Electronics,North,1,30000,0.0,Cash,No,30000,0.0,30000.0
O03182,2025-12-13 19:09:38.275655128,C0442,Tablet,Electronics,West,4,30000,0.0,Credit Card,Yes,120000,0.0,120000.0
O03183,2025-12-13 21:46:37.759551908,C0225,Smartphone,Electronics,South,3,40000,0.1,UPI,No,120000,12000.0,108000.0
O03184,2025-12-14 00:23:37.243448688,C0431,Tablet,Electronics,South,3,30000,0.15,UPI,No,90000,13500.0,76500.0
O03185,2025-12-14 03:00:36.727345468,C0196,Laptop,Electronics,South,5,65000,0.05,Credit Card,No,325000,16250.0,308750.0
O03186,2025-12-14 05:37:36.211242248,C0269,Headphones,Accessories,South,2,2500,0.0,Cash,No,5000,0.0,5000.0
O03187,2025-12-14 08:14:35.695139028,C0304,Smartphone,Electronics,South,2,40000,0.1,Cash,No,80000,8000.0,72000.0
O03188,2025-12-14 10:51:35.179035804,C0406,Webcam,Accessories,East,2,3500,0.1,Debit Card,No,7000,700.0,6300.0
O03189,2025-12-14 13:28:34.662932584,C0212,Keyboard,Accessories,South,5,2000,0.15,UPI,No,10000,1500.0,8500.0
O03190,2025-12-14 16:05:34.146829364,C0282,Keyboard,Accessories,East,3,2000,0.15,Credit Card,No,6000,900.0,5100.0
O03191,2025-12-14 18:42:33.630726144,C0018,Laptop,Electronics,South,3,65000,0.15,UPI,Yes,195000,29250.0,165750.0
O03192,2025-12-14 21:19:33.114622924,C0483,Monitor,Electronics,East,1,15000,0.05,Credit Card,No,15000,750.0,14250.0
O03193,2025-12-14 23:56:32.598519704,C0214,Mouse,Accessories,South,2,800,0.05,Debit Card,No,1600,80.0,1520.0
O03194,2025-12-15 02:33:32.082416484,C0466,Webcam,Accessories,South,2,3500,0.15,UPI,No,7000,1050.0,5950.0
O03195,2025-12-15 05:10:31.566313260,C0420,Tablet,Electronics,South,1,30000,0.15,Cash,No,30000,4500.0,25500.0
O03196,2025-12-15 07:47:31.050210040,C0269,Headphones,Accessories,East,3,2500,0.15,UPI,No,7500,1125.0,6375.0
O03197,2025-12-15 10:24:30.534106820,C0394,Laptop,Electronics,South,3,65000,0.1,Cash,No,195000,19500.0,175500.0
O03198,2025-12-15 13:01:30.018003600,C0479,Mouse,Accessories,South,2,800,0.1,Debit Card,No,1600,160.0,1440.0
O03199,2025-12-15 15:38:29.501900380,C0069,Laptop,Electronics,West,4,65000,0.05,UPI,No,260000,13000.0,247000.0
O03200,2025-12-15 18:15:28.985797160,C0423,Smartphone,Electronics,West,1,40000,0.05,Cash,No,40000,2000.0,38000.0
O03201,2025-12-15 20:52:28.469693936,C0405,Laptop,Electronics,East,4,65000,0.0,Cash,No,260000,0.0,260000.0
O03202,2025-12-15 23:29:27.953590716,C0131,Smartphone,Electronics,South,1,40000,0.05,Credit Card,No,40000,2000.0,38000.0
O03203,2025-12-16 02:06:27.437487496,C0007,Keyboard,Accessories,North,1,2000,0.15,UPI,No,2000,300.0,1700.0
O03204,2025-12-16 04:43:26.921384276,C0436,Laptop,Electronics,North,4,65000,0.1,Cash,Yes,260000,26000.0,234000.0
O03205,2025-12-16 07:20:26.405281056,C0135,Monitor,Electronics,South,1,15000,0.0,UPI,Yes,15000,0.0,15000.0
O03206,2025-12-16 09:57:25.889177836,C0145,Laptop,Electronics,West,4,65000,0.1,Cash,No,260000,26000.0,234000.0
O03207,2025-12-16 12:34:25.373074612,C0090,Smartphone,Electronics,East,3,40000,0.05,Debit Card,No,120000,6000.0,114000.0
O03208,2025-12-16 15:11:24.856971392,C0240,Smartphone,Electronics,South,4,40000,0.05,Credit Card,No,160000,8000.0,152000.0
O03209,2025-12-16 17:48:24.340868172,C0359,Webcam,Accessories,South,3,3500,0.15,Cash,No,10500,1575.0,8925.0
O03210,2025-12-16 20:25:23.824764952,C0004,Monitor,Electronics,North,1,15000,0.05,Credit Card,No,15000,750.0,14250.0
O03211,2025-12-16 23:02:23.308661732,C0456,Smartphone,Electronics,West,3,40000,0.05,UPI,No,120000,6000.0,114000.0
O03212,2025-12-17 01:39:22.792558512,C0390,Monitor,Electronics,South,5,15000,0.05,UPI,No,75000,3750.0,71250.0
O03213,2025-12-17 04:16:22.276455288,C0201,Headphones,Accessories,East,1,2500,0.1,UPI,No,2500,250.0,2250.0
O03214,2025-12-17 06:53:21.760352068,C0431,Laptop,Electronics,East,5,65000,0.0,Debit Card,No,325000,0.0,325000.0
O03215,2025-12-17 09:30:21.244248848,C0016,Monitor,Electronics,North,1,15000,0.0,UPI,No,15000,0.0,15000.0
O03216,2025-12-17 12:07:20.728145628,C0098,Laptop,Electronics,North,3,65000,0.15,Credit Card,No,195000,29250.0,165750.0
O03217,2025-12-17 14:44:20.212042408,C0119,Tablet,Electronics,East,3,30000,0.05,Cash,No,90000,4500.0,85500.0
O03218,2025-12-17 17:21:19.695939188,C0392,Webcam,Accessories,East,2,3500,0.15,UPI,No,7000,1050.0,5950.0
O03219,2025-12-17 19:58:19.179835964,C0018,Monitor,Electronics,East,5,15000,0.05,Credit Card,No,75000,3750.0,71250.0
O03220,2025-12-17 22:35:18.663732744,C0212,Webcam,Accessories,North,2,3500,0.05,Credit Card,No,7000,350.0,6650.0
O03221,2025-12-18 01:12:18.147629524,C0126,Keyboard,Accessories,East,3,2000,0.0,Cash,Yes,6000,0.0,6000.0
O03222,2025-12-18 03:49:17.631526304,C0283,Smartphone,Electronics,West,4,40000,0.1,Credit Card,No,160000,16000.0,144000.0
O03223,2025-12-18 06:26:17.115423084,C0297,Monitor,Electronics,South,2,15000,0.05,Cash,No,30000,1500.0,28500.0
O03224,2025-12-18 09:03:16.599319864,C0471,Monitor,Electronics,East,1,15000,0.15,Credit Card,No,15000,2250.0,12750.0
O03225,2025-12-18 11:40:16.083216644,C0084,Webcam,Accessories,West,2,3500,0.0,Debit Card,No,7000,0.0,7000.0
O03226,2025-12-18 14:17:15.567113420,C0221,Keyboard,Accessories,South,2,2000,0.15,Debit Card,No,4000,600.0,3400.0
O03227,2025-12-18 16:54:15.051010200,C0235,Headphones,Accessories,East,2,2500,0.1,Debit Card,No,5000,500.0,4500.0
O03228,2025-12-18 19:31:14.534906980,C0464,Monitor,Electronics,West,1,15000,0.1,Cash,No,15000,1500.0,13500.0
O03229,2025-12-18 22:08:14.018803760,C0279,Monitor,Electronics,East,4,15000,0.0,UPI,No,60000,0.0,60000.0
O03230,2025-12-19 00:45:13.502700540,C0030,Laptop,Electronics,East,5,65000,0.1,Debit Card,No,325000,32500.0,292500.0
O03231,2025-12-19 03:22:12.986597320,C0384,Keyboard,Accessories,North,5,2000,0.1,Cash,No,10000,1000.0,9000.0
O03232,2025-12-19 05:59:12.470494096,C0331,Monitor,Electronics,East,3,15000,0.05,UPI,No,45000,2250.0,42750.0
O03233,2025-12-19 08:36:11.954390876,C0082,Headphones,Accessories,East,2,2500,0.15,Debit Card,No,5000,750.0,4250.0
O03234,2025-12-19 11:13:11.438287656,C0095,Webcam,Accessories,South,1,3500,0.05,Credit Card,No,3500,175.0,3325.0
O03235,2025-12-19 13:50:10.922184436,C0462,Headphones,Accessories,North,4,2500,0.05,Debit Card,No,10000,500.0,9500.0
O03236,2025-12-19 16:27:10.406081216,C0263,Keyboard,Accessories,South,4,2000,0.0,Debit Card,No,8000,0.0,8000.0
O03237,2025-12-19 19:04:09.889977996,C0395,Mouse,Accessories,West,5,800,0.0,Credit Card,No,4000,0.0,4000.0
O03238,2025-12-19 21:41:09.373874772,C0060,Keyboard,Accessories,East,3,2000,0.05,Debit Card,No,6000,300.0,5700.0
O03239,2025-12-20 00:18:08.857771552,C0496,Monitor,Electronics,North,5,15000,0.1,Debit Card,No,75000,7500.0,67500.0
O03240,2025-12-20 02:55:08.341668332,C0196,Keyboard,Accessories,South,3,2000,0.1,Cash,No,6000,600.0,5400.0
O03241,2025-12-20 05:32:07.825565112,C0234,Webcam,Accessories,North,4,3500,0.15,Credit Card,No,14000,2100.0,11900.0
O03242,2025-12-20 08:09:07.309461892,C0250,Webcam,Accessories,South,2,3500,0.15,Cash,No,7000,1050.0,5950.0
O03243,2025-12-20 10:46:06.793358672,C0341,Smartphone,Electronics,West,1,40000,0.05,Credit Card,No,40000,2000.0,38000.0
O03244,2025-12-20 13:23:06.277255448,C0139,Laptop,Electronics,East,3,65000,0.05,Debit Card,No,195000,9750.0,185250.0
O03245,2025-12-20 16:00:05.761152228,C0282,Webcam,Accessories,West,2,3500,0.15,UPI,No,7000,1050.0,5950.0
O03246,2025-12-20 18:37:05.245049008,C0093,Keyboard,Accessories,East,3,2000,0.05,Debit Card,No,6000,300.0,5700.0
O03247,2025-12-20 21:14:04.728945788,C0047,Mouse,Accessories,East,5,800,0.15,Cash,No,4000,600.0,3400.0
O03248,2025-12-20 23:51:04.212842568,C0366,Mouse,Accessories,South,1,800,0.15,Debit Card,No,800,120.0,680.0
O03249,2025-12-21 02:28:03.696739348,C0057,Laptop,Electronics,East,4,65000,0.15,Debit Card,No,260000,39000.0,221000.0
O03250,2025-12-21 05:05:03.180636124,C0121,Webcam,Accessories,West,1,3500,0.05,Debit Card,No,3500,175.0,3325.0
O03251,2025-12-21 07:42:02.664532904,C0153,Smartphone,Electronics,East,5,40000,0.15,Credit Card,No,200000,30000.0,170000.0
O03252,2025-12-21 10:19:02.148429684,C0119,Headphones,Accessories,South,2,2500,0.1,Debit Card,No,5000,500.0,4500.0
O03253,2025-12-21 12:56:01.632326464,C0159,Headphones,Accessories,East,1,2500,0.15,Debit Card,No,2500,375.0,2125.0
O03254,2025-12-21 15:33:01.116223244,C0093,Smartphone,Electronics,West,4,40000,0.15,UPI,No,160000,24000.0,136000.0
O03255,2025-12-21 18:10:00.600120024,C0482,Monitor,Electronics,West,3,15000,0.15,Credit Card,No,45000,6750.0,38250.0
O03256,2025-12-21 20:47:00.084016804,C0236,Keyboard,Accessories,South,2,2000,0.1,Cash,No,4000,400.0,3600.0
O03257,2025-12-21 23:23:59.567913580,C0226,Monitor,Electronics,South,3,15000,0.05,Cash,No,45000,2250.0,42750.0
O03258,2025-12-22 02:00:59.051810360,C0040,Tablet,Electronics,South,5,30000,0.1,Cash,No,150000,15000.0,135000.0
O03259,2025-12-22 04:37:58.535707140,C0429,Keyboard,Accessories,North,1,2000,0.15,Debit Card,No,2000,300.0,1700.0
O03260,2025-12-22 07:14:58.019603920,C0167,Monitor,Electronics,South,2,15000,0.1,Debit Card,No,30000,3000.0,27000.0
O03261,2025-12-22 09:51:57.503500700,C0345,Tablet,Electronics,South,1,30000,0.0,Debit Card,No,30000,0.0,30000.0
O03262,2025-12-22 12:28:56.987397480,C0195,Tablet,Electronics,West,5,30000,0.05,Debit Card,No,150000,7500.0,142500.0
O03263,2025-12-22 15:05:56.471294256,C0012,Smartphone,Electronics,West,1,40000,0.05,Debit Card,No,40000,2000.0,38000.0
O03264,2025-12-22 17:42:55.955191036,C0265,Laptop,Electronics,East,1,65000,0.0,UPI,No,65000,0.0,65000.0
O03265,2025-12-22 20:19:55.439087816,C0447,Webcam,Accessories,West,2,3500,0.1,UPI,No,7000,700.0,6300.0
O03266,2025-12-22 22:56:54.922984596,C0259,Monitor,Electronics,West,4,15000,0.0,UPI,No,60000,0.0,60000.0
O03267,2025-12-23 01:33:54.406881376,C0249,Monitor,Electronics,East,5,15000,0.15,Debit Card,No,75000,11250.0,63750.0
O03268,2025-12-23 04:10:53.890778156,C0402,Mouse,Accessories,East,1,800,0.05,Credit Card,No,800,40.0,760.0
O03269,2025-12-23 06:47:53.374674932,C0011,Headphones,Accessories,South,4,2500,0.0,Debit Card,No,10000,0.0,10000.0
O03270,2025-12-23 09:24:52.858571712,C0396,Headphones,Accessories,North,3,2500,0.0,Debit Card,No,7500,0.0,7500.0
O03271,2025-12-23 12:01:52.342468492,C0443,Headphones,Accessories,South,5,2500,0.1,Credit Card,No,12500,1250.0,11250.0
O03272,2025-12-23 14:38:51.826365272,C0080,Laptop,Electronics,West,2,65000,0.0,Credit Card,No,130000,0.0,130000.0
O03273,2025-12-23 17:15:51.310262052,C0402,Laptop,Electronics,East,5,65000,0.1,Cash,No,325000,32500.0,292500.0
O03274,2025-12-23 19:52:50.794158832,C0426,Laptop,Electronics,East,1,65000,0.05,Credit Card,No,65000,3250.0,61750.0
O03275,2025-12-23 22:29:50.278055608,C0275,Monitor,Electronics,West,3,15000,0.1,Cash,No,45000,4500.0,40500.0
O03276,2025-12-24 01:06:49.761952388,C0110,Smartphone,Electronics,South,2,40000,0.0,Debit Card,No,80000,0.0,80000.0
O03277,2025-12-24 03:43:49.245849168,C0070,Tablet,Electronics,East,1,30000,0.1,Cash,No,30000,3000.0,27000.0
O03278,2025-12-24 06:20:48.729745948,C0461,Smartphone,Electronics,West,1,40000,0.15,Cash,No,40000,6000.0,34000.0
O03279,2025-12-24 08:57:48.213642728,C0276,Laptop,Electronics,South,2,65000,0.0,Credit Card,Yes,130000,0.0,130000.0
O03280,2025-12-24 11:34:47.697539508,C0252,Monitor,Electronics,East,5,15000,0.1,Credit Card,No,75000,7500.0,67500.0
O03281,2025-12-24 14:11:47.181436284,C0188,Mouse,Accessories,North,2,800,0.0,Debit Card,No,1600,0.0,1600.0
O03282,2025-12-24 16:48:46.665333064,C0092,Mouse,Accessories,South,3,800,0.0,Credit Card,No,2400,0.0,2400.0
O03283,2025-12-24 19:25:46.149229844,C0413,Laptop,Electronics,West,1,65000,0.1,Credit Card,No,65000,6500.0,58500.0
O03284,2025-12-24 22:02:45.633126624,C0360,Tablet,Electronics,North,5,30000,0.05,Credit Card,No,150000,7500.0,142500.0
O03285,2025-12-25 00:39:45.117023404,C0449,Webcam,Accessories,South,4,3500,0.0,Cash,No,14000,0.0,14000.0
O03286,2025-12-25 03:16:44.600920184,C0358,Monitor,Electronics,West,1,15000,0.05,Credit Card,No,15000,750.0,14250.0
O03287,2025-12-25 05:53:44.084816964,C0204,Monitor,Electronics,North,2,15000,0.15,UPI,No,30000,4500.0,25500.0
O03288,2025-12-25 08:30:43.568713740,C0245,Tablet,Electronics,West,4,30000,0.05,Credit Card,Yes,120000,6000.0,114000.0
O03289,2025-12-25 11:07:43.052610520,C0272,Tablet,Electronics,South,4,30000,0.15,UPI,No,120000,18000.0,102000.0
O03290,2025-12-25 13:44:42.536507300,C0256,Mouse,Accessories,North,3,800,0.15,Cash,No,2400,360.0,2040.0
O03291,2025-12-25 16:21:42.020404080,C0379,Keyboard,Accessories,South,4,2000,0.15,UPI,No,8000,1200.0,6800.0
O03292,2025-12-25 18:58:41.504300860,C0454,Tablet,Electronics,East,5,30000,0.1,Debit Card,No,150000,15000.0,135000.0
O03293,2025-12-25 21:35:40.988197640,C0329,Mouse,Accessories,East,5,800,0.1,Debit Card,No,4000,400.0,3600.0
O03294,2025-12-26 00:12:40.472094416,C0007,Laptop,Electronics,East,1,65000,0.0,Cash,No,65000,0.0,65000.0
O03295,2025-12-26 02:49:39.955991196,C0184,Webcam,Accessories,East,5,3500,0.0,Debit Card,No,17500,0.0,17500.0
O03296,2025-12-26 05:26:39.439887976,C0447,Keyboard,Accessories,North,4,2000,0.05,Credit Card,No,8000,400.0,7600.0
O03297,2025-12-26 08:03:38.923784756,C0350,Mouse,Accessories,West,5,800,0.0,Credit Card,No,4000,0.0,4000.0
O03298,2025-12-26 10:40:38.407681536,C0335,Tablet,Electronics,North,4,30000,0.05,UPI,No,120000,6000.0,114000.0
O03299,2025-12-26 13:17:37.891578316,C0177,Webcam,Accessories,North,1,3500,0.15,Cash,No,3500,525.0,2975.0
O03300,2025-12-26 15:54:37.375475092,C0424,Smartphone,Electronics,North,5,40000,0.1,Debit Card,No,200000,20000.0,180000.0
O03301,2025-12-26 18:31:36.859371872,C0414,Headphones,Accessories,West,1,2500,0.15,UPI,No,2500,375.0,2125.0
O03302,2025-12-26 21:08:36.343268652,C0043,Laptop,Electronics,South,2,65000,0.05,Debit Card,Yes,130000,6500.0,123500.0
O03303,2025-12-26 23:45:35.827165432,C0344,Mouse,Accessories,North,5,800,0.05,Debit Card,No,4000,200.0,3800.0
O03304,2025-12-27 02:22:35.311062212,C0105,Mouse,Accessories,North,1,800,0.15,Cash,No,800,120.0,680.0
O03305,2025-12-27 04:59:34.794958992,C0267,Keyboard,Accessories,North,4,2000,0.05,Cash,Yes,8000,400.0,7600.0
O03306,2025-12-27 07:36:34.278855768,C0006,Tablet,Electronics,South,3,30000,0.05,UPI,No,90000,4500.0,85500.0
O03307,2025-12-27 10:13:33.762752548,C0383,Keyboard,Accessories,East,4,2000,0.0,Debit Card,No,8000,0.0,8000.0
O03308,2025-12-27 12:50:33.246649328,C0051,Smartphone,Electronics,North,1,40000,0.05,UPI,No,40000,2000.0,38000.0
O03309,2025-12-27 15:27:32.730546108,C0104,Smartphone,Electronics,East,4,40000,0.15,Cash,No,160000,24000.0,136000.0
O03310,2025-12-27 18:04:32.214442888,C0272,Laptop,Electronics,South,5,65000,0.15,Debit Card,No,325000,48750.0,276250.0
O03311,2025-12-27 20:41:31.698339668,C0192,Headphones,Accessories,South,5,2500,0.0,Cash,No,12500,0.0,12500.0
O03312,2025-12-27 23:18:31.182236444,C0014,Mouse,Accessories,North,3,800,0.15,UPI,No,2400,360.0,2040.0
O03313,2025-12-28 01:55:30.666133224,C0298,Webcam,Accessories,West,5,3500,0.1,Cash,No,17500,1750.0,15750.0
O03314,2025-12-28 04:32:30.150030004,C0337,Webcam,Accessories,South,5,3500,0.05,Debit Card,No,17500,875.0,16625.0
O03315,2025-12-28 07:09:29.633926784,C0128,Smartphone,Electronics,South,1,40000,0.05,Debit Card,No,40000,2000.0,38000.0
O03316,2025-12-28 09:46:29.117823564,C0351,Monitor,Electronics,East,1,15000,0.15,Cash,No,15000,2250.0,12750.0
O03317,2025-12-28 12:23:28.601720344,C0177,Headphones,Accessories,West,2,2500,0.15,Credit Card,No,5000,750.0,4250.0
O03318,2025-12-28 15:00:28.085617124,C0299,Webcam,Accessories,South,2,3500,0.05,Credit Card,No,7000,350.0,6650.0
O03319,2025-12-28 17:37:27.569513900,C0155,Headphones,Accessories,North,3,2500,0.1,UPI,No,7500,750.0,6750.0
O03320,2025-12-28 20:14:27.053410680,C0251,Laptop,Electronics,East,2,65000,0.1,Credit Card,No,130000,13000.0,117000.0
O03321,2025-12-28 22:51:26.537307460,C0357,Smartphone,Electronics,South,3,40000,0.15,Credit Card,No,120000,18000.0,102000.0
O03322,2025-12-29 01:28:26.021204240,C0217,Webcam,Accessories,East,3,3500,0.0,Debit Card,No,10500,0.0,10500.0
O03323,2025-12-29 04:05:25.505101020,C0245,Laptop,Electronics,South,4,65000,0.0,UPI,No,260000,0.0,260000.0
O03324,2025-12-29 06:42:24.988997800,C0297,Laptop,Electronics,West,5,65000,0.15,Debit Card,No,325000,48750.0,276250.0
O03325,2025-12-29 09:19:24.472894576,C0195,Smartphone,Electronics,East,2,40000,0.1,Credit Card,No,80000,8000.0,72000.0
O03326,2025-12-29 11:56:23.956791356,C0213,Laptop,Electronics,South,1,65000,0.0,Cash,No,65000,0.0,65000.0
O03327,2025-12-29 14:33:23.440688136,C0262,Tablet,Electronics,East,3,30000,0.1,Cash,No,90000,9000.0,81000.0
O03328,2025-12-29 17:10:22.924584916,C0230,Monitor,Electronics,East,1,15000,0.0,Debit Card,No,15000,0.0,15000.0
O03329,2025-12-29 19:47:22.408481696,C0416,Tablet,Electronics,East,1,30000,0.1,Cash,No,30000,3000.0,27000.0
O03330,2025-12-29 22:24:21.892378476,C0098,Keyboard,Accessories,North,1,2000,0.1,Credit Card,No,2000,200.0,1800.0
O03331,2025-12-30 01:01:21.376275252,C0127,Headphones,Accessories,East,5,2500,0.0,UPI,No,12500,0.0,12500.0
O03332,2025-12-30 03:38:20.860172032,C0003,Headphones,Accessories,West,1,2500,0.15,Credit Card,No,2500,375.0,2125.0
O03333,2025-12-30 06:15:20.344068812,C0192,Smartphone,Electronics,West,3,40000,0.0,Cash,No,120000,0.0,120000.0
O03334,2025-12-30 08:52:19.827965592,C0002,Tablet,Electronics,South,3,30000,0.1,UPI,No,90000,9000.0,81000.0
O03335,2025-12-30 11:29:19.311862372,C0133,Keyboard,Accessories,South,1,2000,0.1,Cash,No,2000,200.0,1800.0
O03336,2025-12-30 14:06:18.795759152,C0498,Headphones,Accessories,North,5,2500,0.1,Debit Card,No,12500,1250.0,11250.0
O03337,2025-12-30 16:43:18.279655928,C0280,Laptop,Electronics,West,5,65000,0.05,Cash,No,325000,16250.0,308750.0
O03338,2025-12-30 19:20:17.763552708,C0406,Smartphone,Electronics,West,1,40000,0.05,Debit Card,No,40000,2000.0,38000.0
O03339,2025-12-30 21:57:17.247449488,C0222,Laptop,Electronics,East,2,65000,0.05,Cash,No,130000,6500.0,123500.0
O03340,2025-12-31 00:34:16.731346268,C0289,Webcam,Accessories,West,5,3500,0.1,Debit Card,No,17500,1750.0,15750.0
O03341,2025-12-31 03:11:16.215243048,C0060,Smartphone,Electronics,North,5,40000,0.15,Credit Card,No,200000,30000.0,170000.0
O03342,2025-12-31 05:48:15.699139828,C0155,Laptop,Electronics,East,2,65000,0.05,Cash,No,130000,6500.0,123500.0
O03343,2025-12-31 08:25:15.183036604,C0038,Webcam,Accessories,North,2,3500,0.0,Debit Card,No,7000,0.0,7000.0
O03344,2025-12-31 11:02:14.666933384,C0146,Headphones,Accessories,East,2,2500,0.15,UPI,No,5000,750.0,4250.0
O03345,2025-12-31 13:39:14.150830164,C0484,Laptop,Electronics,North,1,65000,0.05,UPI,No,65000,3250.0,61750.0
O03346,2025-12-31 16:16:13.634726944,C0393,Laptop,Electronics,East,5,65000,0.0,UPI,No,325000,0.0,325000.0
O03347,2025-12-31 18:53:13.118623724,C0055,Keyboard,Accessories,South,2,2000,0.0,Credit Card,No,4000,0.0,4000.0
O03348,2025-12-31 21:30:12.602520504,C0245,Headphones,Accessories,East,2,2500,0.0,Cash,No,5000,0.0,5000.0
O03349,2026-01-01 00:07:12.086417284,C0436,Laptop,Electronics,East,4,65000,0.0,UPI,No,260000,0.0,260000.0
O03350,2026-01-01 02:44:11.570314060,C0438,Laptop,Electronics,South,1,65000,0.15,UPI,No,65000,9750.0,55250.0
O03351,2026-01-01 05:21:11.054210840,C0454,Monitor,Electronics,North,4,15000,0.15,Cash,No,60000,9000.0,51000.0
O03352,2026-01-01 07:58:10.538107620,C0405,Webcam,Accessories,South,4,3500,0.15,UPI,No,14000,2100.0,11900.0
O03353,2026-01-01 10:35:10.022004400,C0148,Smartphone,Electronics,North,4,40000,0.1,Debit Card,No,160000,16000.0,144000.0
O03354,2026-01-01 13:12:09.505901180,C0318,Smartphone,Electronics,West,3,40000,0.1,Cash,No,120000,12000.0,108000.0
O03355,2026-01-01 15:49:08.989797960,C0271,Keyboard,Accessories,South,2,2000,0.1,Debit Card,No,4000,400.0,3600.0
O03356,2026-01-01 18:26:08.473694736,C0236,Webcam,Accessories,South,4,3500,0.15,Debit Card,No,14000,2100.0,11900.0
O03357,2026-01-01 21:03:07.957591516,C0405,Mouse,Accessories,East,5,800,0.15,UPI,No,4000,600.0,3400.0
O03358,2026-01-01 23:40:07.441488296,C0012,Headphones,Accessories,North,3,2500,0.05,UPI,No,7500,375.0,7125.0
O03359,2026-01-02 02:17:06.925385076,C0414,Mouse,Accessories,South,1,800,0.05,Debit Card,No,800,40.0,760.0
O03360,2026-01-02 04:54:06.409281856,C0326,Smartphone,Electronics,West,5,40000,0.05,Credit Card,No,200000,10000.0,190000.0
O03361,2026-01-02 07:31:05.893178636,C0166,Monitor,Electronics,East,4,15000,0.0,Credit Card,No,60000,0.0,60000.0
O03362,2026-01-02 10:08:05.377075412,C0492,Webcam,Accessories,West,3,3500,0.05,Cash,No,10500,525.0,9975.0
O03363,2026-01-02 12:45:04.860972192,C0034,Webcam,Accessories,East,2,3500,0.0,Cash,No,7000,0.0,7000.0
O03364,2026-01-02 15:22:04.344868972,C0430,Webcam,Accessories,East,3,3500,0.1,Cash,No,10500,1050.0,9450.0
O03365,2026-01-02 17:59:03.828765752,C0272,Laptop,Electronics,South,5,65000,0.15,UPI,No,325000,48750.0,276250.0
O03366,2026-01-02 20:36:03.312662532,C0057,Monitor,Electronics,East,4,15000,0.05,Debit Card,No,60000,3000.0,57000.0
O03367,2026-01-02 23:13:02.796559312,C0079,Smartphone,Electronics,North,4,40000,0.15,Debit Card,No,160000,24000.0,136000.0
O03368,2026-01-03 01:50:02.280456088,C0482,Smartphone,Electronics,South,1,40000,0.15,UPI,No,40000,6000.0,34000.0
O03369,2026-01-03 04:27:01.764352868,C0009,Headphones,Accessories,North,2,2500,0.05,Debit Card,No,5000,250.0,4750.0
O03370,2026-01-03 07:04:01.248249648,C0283,Mouse,Accessories,North,2,800,0.0,UPI,No,1600,0.0,1600.0
O03371,2026-01-03 09:41:00.732146428,C0053,Webcam,Accessories,North,1,3500,0.1,Credit Card,No,3500,350.0,3150.0
O03372,2026-01-03 12:18:00.216043208,C0126,Laptop,Electronics,West,5,65000,0.15,Cash,No,325000,48750.0,276250.0
O03373,2026-01-03 14:54:59.699939988,C0119,Tablet,Electronics,West,1,30000,0.15,UPI,No,30000,4500.0,25500.0
O03374,2026-01-03 17:31:59.183836764,C0179,Keyboard,Accessories,East,1,2000,0.05,UPI,No,2000,100.0,1900.0
O03375,2026-01-03 20:08:58.667733544,C0320,Webcam,Accessories,East,3,3500,0.0,Cash,No,10500,0.0,10500.0
O03376,2026-01-03 22:45:58.151630324,C0158,Webcam,Accessories,West,4,3500,0.05,UPI,No,14000,700.0,13300.0
O03377,2026-01-04 01:22:57.635527104,C0231,Webcam,Accessories,South,5,3500,0.1,Debit Card,No,17500,1750.0,15750.0
O03378,2026-01-04 03:59:57.119423884,C0390,Webcam,Accessories,East,1,3500,0.0,Credit Card,No,3500,0.0,3500.0
O03379,2026-01-04 06:36:56.603320664,C0033,Mouse,Accessories,South,2,800,0.0,UPI,No,1600,0.0,1600.0
O03380,2026-01-04 09:13:56.087217444,C0040,Mouse,Accessories,East,2,800,0.15,Credit Card,No,1600,240.0,1360.0
O03381,2026-01-04 11:50:55.571114220,C0213,Mouse,Accessories,West,2,800,0.0,Cash,No,1600,0.0,1600.0
O03382,2026-01-04 14:27:55.055011000,C0125,Tablet,Electronics,South,2,30000,0.15,Cash,No,60000,9000.0,51000.0
O03383,2026-01-04 17:04:54.538907780,C0374,Headphones,Accessories,North,4,2500,0.0,Credit Card,No,10000,0.0,10000.0
O03384,2026-01-04 19:41:54.022804560,C0315,Webcam,Accessories,South,2,3500,0.1,Debit Card,Yes,7000,700.0,6300.0
O03385,2026-01-04 22:18:53.506701340,C0489,Headphones,Accessories,North,3,2500,0.1,Debit Card,No,7500,750.0,6750.0
O03386,2026-01-05 00:55:52.990598120,C0366,Headphones,Accessories,East,3,2500,0.0,Credit Card,No,7500,0.0,7500.0
O03387,2026-01-05 03:32:52.474494896,C0017,Smartphone,Electronics,South,3,40000,0.15,Debit Card,No,120000,18000.0,102000.0
O03388,2026-01-05 06:09:51.958391676,C0252,Smartphone,Electronics,South,4,40000,0.1,Cash,No,160000,16000.0,144000.0
O03389,2026-01-05 08:46:51.442288456,C0354,Monitor,Electronics,West,4,15000,0.1,UPI,No,60000,6000.0,54000.0
O03390,2026-01-05 11:23:50.926185236,C0035,Keyboard,Accessories,West,1,2000,0.05,Debit Card,No,2000,100.0,1900.0
O03391,2026-01-05 14:00:50.410082016,C0298,Webcam,Accessories,North,3,3500,0.05,Credit Card,No,10500,525.0,9975.0
O03392,2026-01-05 16:37:49.893978796,C0110,Mouse,Accessories,South,4,800,0.05,Cash,Yes,3200,160.0,3040.0
O03393,2026-01-05 19:14:49.377875572,C0467,Laptop,Electronics,North,1,65000,0.05,UPI,No,65000,3250.0,61750.0
O03394,2026-01-05 21:51:48.861772352,C0110,Laptop,Electronics,North,5,65000,0.05,UPI,No,325000,16250.0,308750.0
O03395,2026-01-06 00:28:48.345669132,C0061,Headphones,Accessories,South,1,2500,0.15,Debit Card,No,2500,375.0,2125.0
O03396,2026-01-06 03:05:47.829565912,C0033,Webcam,Accessories,North,4,3500,0.15,Debit Card,No,14000,2100.0,11900.0
O03397,2026-01-06 05:42:47.313462692,C0411,Webcam,Accessories,West,2,3500,0.15,UPI,No,7000,1050.0,5950.0
O03398,2026-01-06 08:19:46.797359472,C0181,Mouse,Accessories,North,4,800,0.1,UPI,No,3200,320.0,2880.0
O03399,2026-01-06 10:56:46.281256248,C0079,Tablet,Electronics,North,4,30000,0.0,UPI,No,120000,0.0,120000.0
O03400,2026-01-06 13:33:45.765153028,C0319,Keyboard,Accessories,South,1,2000,0.05,Credit Card,No,2000,100.0,1900.0
O03401,2026-01-06 16:10:45.249049808,C0105,Keyboard,Accessories,East,5,2000,0.05,UPI,No,10000,500.0,9500.0
O03402,2026-01-06 18:47:44.732946588,C0147,Mouse,Accessories,West,1,800,0.05,Debit Card,No,800,40.0,760.0
O03403,2026-01-06 21:24:44.216843368,C0239,Laptop,Electronics,North,5,65000,0.0,Credit Card,No,325000,0.0,325000.0
O03404,2026-01-07 00:01:43.700740148,C0359,Headphones,Accessories,West,2,2500,0.05,Debit Card,No,5000,250.0,4750.0
O03405,2026-01-07 02:38:43.184636928,C0304,Mouse,Accessories,North,1,800,0.05,UPI,No,800,40.0,760.0
O03406,2026-01-07 05:15:42.668533704,C0105,Monitor,Electronics,North,1,15000,0.0,Credit Card,No,15000,0.0,15000.0
O03407,2026-01-07 07:52:42.152430484,C0093,Mouse,Accessories,East,4,800,0.15,Debit Card,No,3200,480.0,2720.0
O03408,2026-01-07 10:29:41.636327264,C0199,Headphones,Accessories,North,4,2500,0.05,Credit Card,Yes,10000,500.0,9500.0
O03409,2026-01-07 13:06:41.120224044,C0158,Keyboard,Accessories,West,5,2000,0.1,Cash,No,10000,1000.0,9000.0
O03410,2026-01-07 15:43:40.604120824,C0161,Webcam,Accessories,North,2,3500,0.05,Credit Card,No,7000,350.0,6650.0
O03411,2026-01-07 18:20:40.088017604,C0265,Headphones,Accessories,South,3,2500,0.1,Cash,No,7500,750.0,6750.0
O03412,2026-01-07 20:57:39.571914380,C0058,Mouse,Accessories,South,4,800,0.0,Debit Card,No,3200,0.0,3200.0
O03413,2026-01-07 23:34:39.055811160,C0029,Monitor,Electronics,North,5,15000,0.0,UPI,No,75000,0.0,75000.0
O03414,2026-01-08 02:11:38.539707940,C0188,Keyboard,Accessories,North,3,2000,0.15,Credit Card,No,6000,900.0,5100.0
O03415,2026-01-08 04:48:38.023604720,C0115,Webcam,Accessories,East,5,3500,0.15,UPI,No,17500,2625.0,14875.0
O03416,2026-01-08 07:25:37.507501500,C0025,Headphones,Accessories,West,4,2500,0.15,Debit Card,No,10000,1500.0,8500.0
O03417,2026-01-08 10:02:36.991398280,C0065,Headphones,Accessories,West,3,2500,0.15,Credit Card,No,7500,1125.0,6375.0
O03418,2026-01-08 12:39:36.475295056,C0186,Smartphone,Electronics,North,4,40000,0.15,Cash,No,160000,24000.0,136000.0
O03419,2026-01-08 15:16:35.959191836,C0392,Monitor,Electronics,West,4,15000,0.1,Cash,No,60000,6000.0,54000.0
O03420,2026-01-08 17:53:35.443088616,C0492,Smartphone,Electronics,East,3,40000,0.0,UPI,Yes,120000,0.0,120000.0
O03421,2026-01-08 20:30:34.926985396,C0023,Mouse,Accessories,East,4,800,0.05,UPI,No,3200,160.0,3040.0
O03422,2026-01-08 23:07:34.410882176,C0288,Webcam,Accessories,North,3,3500,0.1,Debit Card,Yes,10500,1050.0,9450.0
O03423,2026-01-09 01:44:33.894778956,C0134,Webcam,Accessories,East,1,3500,0.15,UPI,No,3500,525.0,2975.0
O03424,2026-01-09 04:21:33.378675732,C0370,Smartphone,Electronics,North,4,40000,0.15,UPI,No,160000,24000.0,136000.0
O03425,2026-01-09 06:58:32.862572512,C0314,Keyboard,Accessories,South,1,2000,0.0,UPI,No,2000,0.0,2000.0
O03426,2026-01-09 09:35:32.346469292,C0132,Headphones,Accessories,East,1,2500,0.0,Debit Card,No,2500,0.0,2500.0
O03427,2026-01-09 12:12:31.830366072,C0273,Monitor,Electronics,East,2,15000,0.05,UPI,No,30000,1500.0,28500.0
O03428,2026-01-09 14:49:31.314262852,C0466,Headphones,Accessories,North,3,2500,0.1,Credit Card,No,7500,750.0,6750.0
O03429,2026-01-09 17:26:30.798159632,C0445,Smartphone,Electronics,South,3,40000,0.0,UPI,No,120000,0.0,120000.0
O03430,2026-01-09 20:03:30.282056408,C0142,Keyboard,Accessories,South,1,2000,0.15,Credit Card,No,2000,300.0,1700.0
O03431,2026-01-09 22:40:29.765953188,C0266,Laptop,Electronics,East,4,65000,0.0,Cash,No,260000,0.0,260000.0
O03432,2026-01-10 01:17:29.249849968,C0337,Tablet,Electronics,North,4,30000,0.1,Cash,No,120000,12000.0,108000.0
O03433,2026-01-10 03:54:28.733746748,C0218,Tablet,Electronics,North,2,30000,0.15,Cash,No,60000,9000.0,51000.0
O03434,2026-01-10 06:31:28.217643528,C0412,Monitor,Electronics,East,4,15000,0.1,Credit Card,No,60000,6000.0,54000.0
O03435,2026-01-10 09:08:27.701540308,C0139,Keyboard,Accessories,North,5,2000,0.0,Cash,No,10000,0.0,10000.0
O03436,2026-01-10 11:45:27.185437088,C0171,Headphones,Accessories,West,1,2500,0.15,UPI,No,2500,375.0,2125.0
O03437,2026-01-10 14:22:26.669333864,C0012,Smartphone,Electronics,East,4,40000,0.1,Cash,No,160000,16000.0,144000.0
O03438,2026-01-10 16:59:26.153230644,C0337,Headphones,Accessories,North,2,2500,0.15,Credit Card,No,5000,750.0,4250.0
O03439,2026-01-10 19:36:25.637127424,C0411,Monitor,Electronics,South,5,15000,0.05,Cash,Yes,75000,3750.0,71250.0
O03440,2026-01-10 22:13:25.121024204,C0026,Laptop,Electronics,South,2,65000,0.0,Debit Card,Yes,130000,0.0,130000.0
O03441,2026-01-11 00:50:24.604920984,C0161,Smartphone,Electronics,East,2,40000,0.05,UPI,No,80000,4000.0,76000.0
O03442,2026-01-11 03:27:24.088817764,C0469,Webcam,Accessories,North,3,3500,0.1,Credit Card,No,10500,1050.0,9450.0
O03443,2026-01-11 06:04:23.572714540,C0126,Keyboard,Accessories,East,5,2000,0.15,Cash,No,10000,1500.0,8500.0
O03444,2026-01-11 08:41:23.056611320,C0451,Smartphone,Electronics,North,4,40000,0.0,UPI,No,160000,0.0,160000.0
O03445,2026-01-11 11:18:22.540508100,C0393,Smartphone,Electronics,East,2,40000,0.05,Cash,No,80000,4000.0,76000.0
O03446,2026-01-11 13:55:22.024404880,C0099,Mouse,Accessories,South,3,800,0.0,Credit Card,No,2400,0.0,2400.0
O03447,2026-01-11 16:32:21.508301660,C0134,Keyboard,Accessories,North,5,2000,0.15,UPI,No,10000,1500.0,8500.0
O03448,2026-01-11 19:09:20.992198440,C0172,Keyboard,Accessories,East,3,2000,0.0,UPI,No,6000,0.0,6000.0
O03449,2026-01-11 21:46:20.476095216,C0367,Laptop,Electronics,North,4,65000,0.05,Debit Card,No,260000,13000.0,247000.0
O03450,2026-01-12 00:23:19.959991996,C0194,Headphones,Accessories,North,4,2500,0.1,UPI,Yes,10000,1000.0,9000.0
O03451,2026-01-12 03:00:19.443888776,C0253,Mouse,Accessories,North,3,800,0.05,Credit Card,No,2400,120.0,2280.0
O03452,2026-01-12 05:37:18.927785556,C0289,Headphones,Accessories,East,4,2500,0.05,Cash,No,10000,500.0,9500.0
O03453,2026-01-12 08:14:18.411682336,C0210,Tablet,Electronics,North,3,30000,0.05,Credit Card,No,90000,4500.0,85500.0
O03454,2026-01-12 10:51:17.895579116,C0283,Webcam,Accessories,East,4,3500,0.1,UPI,No,14000,1400.0,12600.0
O03455,2026-01-12 13:28:17.379475892,C0071,Webcam,Accessories,West,2,3500,0.15,Credit Card,No,7000,1050.0,5950.0
O03456,2026-01-12 16:05:16.863372672,C0120,Webcam,Accessories,South,4,3500,0.1,UPI,No,14000,1400.0,12600.0
O03457,2026-01-12 18:42:16.347269452,C0278,Headphones,Accessories,North,4,2500,0.15,Debit Card,No,10000,1500.0,8500.0
O03458,2026-01-12 21:19:15.831166232,C0231,Tablet,Electronics,East,5,30000,0.0,UPI,No,150000,0.0,150000.0
O03459,2026-01-12 23:56:15.315063012,C0289,Webcam,Accessories,North,4,3500,0.1,Debit Card,No,14000,1400.0,12600.0
O03460,2026-01-13 02:33:14.798959792,C0171,Laptop,Electronics,East,2,65000,0.0,Cash,No,130000,0.0,130000.0
O03461,2026-01-13 05:10:14.282856568,C0275,Mouse,Accessories,North,5,800,0.0,UPI,No,4000,0.0,4000.0
O03462,2026-01-13 07:47:13.766753348,C0098,Headphones,Accessories,West,5,2500,0.15,Cash,No,12500,1875.0,10625.0
O03463,2026-01-13 10:24:13.250650128,C0223,Keyboard,Accessories,East,3,2000,0.1,UPI,No,6000,600.0,5400.0
O03464,2026-01-13 13:01:12.734546908,C0129,Mouse,Accessories,South,2,800,0.15,Cash,No,1600,240.0,1360.0
O03465,2026-01-13 15:38:12.218443688,C0393,Mouse,Accessories,East,5,800,0.0,Cash,No,4000,0.0,4000.0
O03466,2026-01-13 18:15:11.702340468,C0479,Keyboard,Accessories,East,4,2000,0.0,Debit Card,No,8000,0.0,8000.0
O03467,2026-01-13 20:52:11.186237248,C0165,Webcam,Accessories,East,5,3500,0.05,UPI,No,17500,875.0,16625.0
O03468,2026-01-13 23:29:10.670134024,C0139,Monitor,Electronics,North,1,15000,0.0,Cash,No,15000,0.0,15000.0
O03469,2026-01-14 02:06:10.154030804,C0478,Laptop,Electronics,West,4,65000,0.15,Credit Card,No,260000,39000.0,221000.0
O03470,2026-01-14 04:43:09.637927584,C0482,Laptop,Electronics,South,3,65000,0.15,UPI,No,195000,29250.0,165750.0
O03471,2026-01-14 07:20:09.121824364,C0437,Mouse,Accessories,South,3,800,0.0,Credit Card,Yes,2400,0.0,2400.0
O03472,2026-01-14 09:57:08.605721144,C0495,Monitor,Electronics,West,5,15000,0.05,Debit Card,No,75000,3750.0,71250.0
O03473,2026-01-14 12:34:08.089617924,C0240,Laptop,Electronics,North,3,65000,0.05,Credit Card,No,195000,9750.0,185250.0
O03474,2026-01-14 15:11:07.573514700,C0059,Webcam,Accessories,South,3,3500,0.15,UPI,No,10500,1575.0,8925.0
O03475,2026-01-14 17:48:07.057411480,C0100,Monitor,Electronics,North,2,15000,0.0,Credit Card,No,30000,0.0,30000.0
O03476,2026-01-14 20:25:06.541308260,C0140,Webcam,Accessories,North,4,3500,0.1,UPI,No,14000,1400.0,12600.0
O03477,2026-01-14 23:02:06.025205040,C0431,Headphones,Accessories,West,5,2500,0.1,Credit Card,No,12500,1250.0,11250.0
O03478,2026-01-15 01:39:05.509101820,C0263,Headphones,Accessories,West,1,2500,0.1,Credit Card,No,2500,250.0,2250.0
O03479,2026-01-15 04:16:04.992998600,C0321,Headphones,Accessories,East,2,2500,0.0,Cash,Yes,5000,0.0,5000.0
O03480,2026-01-15 06:53:04.476895376,C0069,Monitor,Electronics,East,2,15000,0.0,Debit Card,No,30000,0.0,30000.0
O03481,2026-01-15 09:30:03.960792156,C0404,Headphones,Accessories,South,4,2500,0.05,Debit Card,No,10000,500.0,9500.0
O03482,2026-01-15 12:07:03.444688936,C0384,Monitor,Electronics,South,5,15000,0.1,Cash,No,75000,7500.0,67500.0
O03483,2026-01-15 14:44:02.928585716,C0094,Keyboard,Accessories,South,2,2000,0.05,UPI,No,4000,200.0,3800.0
O03484,2026-01-15 17:21:02.412482496,C0151,Tablet,Electronics,North,1,30000,0.0,Debit Card,No,30000,0.0,30000.0
O03485,2026-01-15 19:58:01.896379276,C0025,Keyboard,Accessories,East,1,2000,0.0,UPI,No,2000,0.0,2000.0
O03486,2026-01-15 22:35:01.380276052,C0304,Tablet,Electronics,East,5,30000,0.05,Debit Card,Yes,150000,7500.0,142500.0
O03487,2026-01-16 01:12:00.864172832,C0492,Monitor,Electronics,West,1,15000,0.05,UPI,No,15000,750.0,14250.0
O03488,2026-01-16 03:49:00.348069612,C0159,Mouse,Accessories,South,2,800,0.1,UPI,No,1600,160.0,1440.0
O03489,2026-01-16 06:25:59.831966392,C0231,Headphones,Accessories,East,5,2500,0.05,Credit Card,No,12500,625.0,11875.0
O03490,2026-01-16 09:02:59.315863172,C0352,Tablet,Electronics,East,3,30000,0.15,Debit Card,No,90000,13500.0,76500.0
O03491,2026-01-16 11:39:58.799759952,C0036,Smartphone,Electronics,South,3,40000,0.15,Debit Card,No,120000,18000.0,102000.0
O03492,2026-01-16 14:16:58.283656728,C0203,Mouse,Accessories,East,4,800,0.1,UPI,No,3200,320.0,2880.0
O03493,2026-01-16 16:53:57.767553508,C0111,Headphones,Accessories,West,4,2500,0.05,Credit Card,No,10000,500.0,9500.0
O03494,2026-01-16 19:30:57.251450288,C0073,Smartphone,Electronics,North,1,40000,0.05,UPI,No,40000,2000.0,38000.0
O03495,2026-01-16 22:07:56.735347068,C0193,Laptop,Electronics,West,5,65000,0.15,Credit Card,No,325000,48750.0,276250.0
O03496,2026-01-17 00:44:56.219243848,C0122,Headphones,Accessories,West,2,2500,0.1,Debit Card,No,5000,500.0,4500.0
O03497,2026-01-17 03:21:55.703140628,C0228,Laptop,Electronics,East,2,65000,0.05,Debit Card,No,130000,6500.0,123500.0
O03498,2026-01-17 05:58:55.187037408,C0067,Laptop,Electronics,East,5,65000,0.0,Cash,No,325000,0.0,325000.0
O03499,2026-01-17 08:35:54.670934184,C0118,Mouse,Accessories,South,2,800,0.1,Cash,No,1600,160.0,1440.0
O03500,2026-01-17 11:12:54.154830964,C0322,Keyboard,Accessories,West,4,2000,0.05,Credit Card,No,8000,400.0,7600.0
O03501,2026-01-17 13:49:53.638727744,C0142,Monitor,Electronics,North,4,15000,0.15,Credit Card,No,60000,9000.0,51000.0
O03502,2026-01-17 16:26:53.122624524,C0164,Headphones,Accessories,West,1,2500,0.15,Debit Card,No,2500,375.0,2125.0
O03503,2026-01-17 19:03:52.606521304,C0290,Mouse,Accessories,West,2,800,0.05,Credit Card,No,1600,80.0,1520.0
O03504,2026-01-17 21:40:52.090418084,C0452,Webcam,Accessories,North,2,3500,0.1,Debit Card,No,7000,700.0,6300.0
O03505,2026-01-18 00:17:51.574314860,C0214,Monitor,Electronics,South,3,15000,0.0,Credit Card,No,45000,0.0,45000.0
O03506,2026-01-18 02:54:51.058211640,C0143,Headphones,Accessories,West,1,2500,0.05,Cash,No,2500,125.0,2375.0
O03507,2026-01-18 05:31:50.542108420,C0217,Mouse,Accessories,North,3,800,0.1,Cash,No,2400,240.0,2160.0
O03508,2026-01-18 08:08:50.026005200,C0408,Smartphone,Electronics,West,1,40000,0.1,UPI,No,40000,4000.0,36000.0
O03509,2026-01-18 10:45:49.509901980,C0476,Monitor,Electronics,East,5,15000,0.05,Credit Card,No,75000,3750.0,71250.0
O03510,2026-01-18 13:22:48.993798760,C0103,Headphones,Accessories,East,3,2500,0.0,Debit Card,No,7500,0.0,7500.0
O03511,2026-01-18 15:59:48.477695536,C0201,Monitor,Electronics,West,3,15000,0.1,Cash,No,45000,4500.0,40500.0
O03512,2026-01-18 18:36:47.961592316,C0266,Webcam,Accessories,East,5,3500,0.0,Credit Card,No,17500,0.0,17500.0
O03513,2026-01-18 21:13:47.445489096,C0401,Mouse,Accessories,South,1,800,0.15,Credit Card,No,800,120.0,680.0
O03514,2026-01-18 23:50:46.929385876,C0164,Webcam,Accessories,East,2,3500,0.15,UPI,No,7000,1050.0,5950.0
O03515,2026-01-19 02:27:46.413282656,C0280,Headphones,Accessories,East,3,2500,0.15,Cash,No,7500,1125.0,6375.0
O03516,2026-01-19 05:04:45.897179436,C0198,Mouse,Accessories,North,2,800,0.1,Credit Card,No,1600,160.0,1440.0
O03517,2026-01-19 07:41:45.381076212,C0239,Smartphone,Electronics,East,5,40000,0.15,Cash,No,200000,30000.0,170000.0
O03518,2026-01-19 10:18:44.864972992,C0007,Headphones,Accessories,North,3,2500,0.05,UPI,No,7500,375.0,7125.0
O03519,2026-01-19 12:55:44.348869772,C0271,Monitor,Electronics,East,1,15000,0.0,Debit Card,No,15000,0.0,15000.0
O03520,2026-01-19 15:32:43.832766552,C0358,Headphones,Accessories,South,3,2500,0.05,Cash,No,7500,375.0,7125.0
O03521,2026-01-19 18:09:43.316663332,C0199,Webcam,Accessories,North,5,3500,0.0,Cash,Yes,17500,0.0,17500.0
O03522,2026-01-19 20:46:42.800560112,C0216,Laptop,Electronics,East,5,65000,0.1,Credit Card,No,325000,32500.0,292500.0
O03523,2026-01-19 23:23:42.284456888,C0262,Tablet,Electronics,South,1,30000,0.0,Cash,No,30000,0.0,30000.0
O03524,2026-01-20 02:00:41.768353668,C0035,Tablet,Electronics,North,1,30000,0.15,UPI,No,30000,4500.0,25500.0
O03525,2026-01-20 04:37:41.252250448,C0067,Monitor,Electronics,North,1,15000,0.15,Credit Card,No,15000,2250.0,12750.0
O03526,2026-01-20 07:14:40.736147228,C0454,Keyboard,Accessories,East,4,2000,0.0,Cash,No,8000,0.0,8000.0
O03527,2026-01-20 09:51:40.220044008,C0118,Smartphone,Electronics,North,4,40000,0.1,Cash,No,160000,16000.0,144000.0
O03528,2026-01-20 12:28:39.703940788,C0202,Laptop,Electronics,West,2,65000,0.05,Credit Card,No,130000,6500.0,123500.0
O03529,2026-01-20 15:05:39.187837568,C0379,Smartphone,Electronics,West,1,40000,0.15,Debit Card,No,40000,6000.0,34000.0
O03530,2026-01-20 17:42:38.671734344,C0396,Headphones,Accessories,East,5,2500,0.05,UPI,No,12500,625.0,11875.0
O03531,2026-01-20 20:19:38.155631124,C0063,Webcam,Accessories,South,4,3500,0.15,UPI,No,14000,2100.0,11900.0
O03532,2026-01-20 22:56:37.639527904,C0479,Tablet,Electronics,South,2,30000,0.05,Debit Card,No,60000,3000.0,57000.0
O03533,2026-01-21 01:33:37.123424684,C0438,Headphones,Accessories,North,1,2500,0.15,Cash,No,2500,375.0,2125.0
O03534,2026-01-21 04:10:36.607321464,C0268,Webcam,Accessories,North,3,3500,0.0,Cash,No,10500,0.0,10500.0
O03535,2026-01-21 06:47:36.091218244,C0354,Webcam,Accessories,West,4,3500,0.0,Credit Card,No,14000,0.0,14000.0
O03536,2026-01-21 09:24:35.575115020,C0024,Webcam,Accessories,West,5,3500,0.1,Credit Card,No,17500,1750.0,15750.0
O03537,2026-01-21 12:01:35.059011800,C0472,Keyboard,Accessories,East,5,2000,0.15,Cash,No,10000,1500.0,8500.0
O03538,2026-01-21 14:38:34.542908580,C0167,Webcam,Accessories,South,4,3500,0.05,UPI,No,14000,700.0,13300.0
O03539,2026-01-21 17:15:34.026805360,C0062,Smartphone,Electronics,North,4,40000,0.15,Credit Card,No,160000,24000.0,136000.0
O03540,2026-01-21 19:52:33.510702140,C0311,Tablet,Electronics,South,1,30000,0.05,Debit Card,No,30000,1500.0,28500.0
O03541,2026-01-21 22:29:32.994598920,C0278,Webcam,Accessories,West,5,3500,0.0,Credit Card,No,17500,0.0,17500.0
O03542,2026-01-22 01:06:32.478495696,C0344,Mouse,Accessories,North,2,800,0.1,Credit Card,No,1600,160.0,1440.0
O03543,2026-01-22 03:43:31.962392476,C0219,Laptop,Electronics,West,2,65000,0.05,Cash,No,130000,6500.0,123500.0
O03544,2026-01-22 06:20:31.446289256,C0403,Tablet,Electronics,South,3,30000,0.0,UPI,No,90000,0.0,90000.0
O03545,2026-01-22 08:57:30.930186036,C0024,Monitor,Electronics,South,4,15000,0.15,Debit Card,No,60000,9000.0,51000.0
O03546,2026-01-22 11:34:30.414082816,C0391,Monitor,Electronics,South,5,15000,0.1,Debit Card,No,75000,7500.0,67500.0
O03547,2026-01-22 14:11:29.897979596,C0120,Smartphone,Electronics,South,5,40000,0.0,Debit Card,No,200000,0.0,200000.0
O03548,2026-01-22 16:48:29.381876372,C0033,Keyboard,Accessories,North,4,2000,0.0,UPI,No,8000,0.0,8000.0
O03549,2026-01-22 19:25:28.865773152,C0366,Webcam,Accessories,South,1,3500,0.1,Cash,No,3500,350.0,3150.0
O03550,2026-01-22 22:02:28.349669932,C0215,Tablet,Electronics,East,3,30000,0.1,UPI,No,90000,9000.0,81000.0
O03551,2026-01-23 00:39:27.833566712,C0234,Smartphone,Electronics,North,3,40000,0.1,Credit Card,No,120000,12000.0,108000.0
O03552,2026-01-23 03:16:27.317463492,C0486,Webcam,Accessories,South,3,3500,0.15,UPI,No,10500,1575.0,8925.0
O03553,2026-01-23 05:53:26.801360272,C0485,Laptop,Electronics,West,3,65000,0.05,Cash,Yes,195000,9750.0,185250.0
O03554,2026-01-23 08:30:26.285257048,C0218,Tablet,Electronics,North,3,30000,0.1,Cash,No,90000,9000.0,81000.0
O03555,2026-01-23 11:07:25.769153828,C0365,Monitor,Electronics,North,1,15000,0.0,Credit Card,No,15000,0.0,15000.0
O03556,2026-01-23 13:44:25.253050608,C0173,Tablet,Electronics,North,3,30000,0.0,Credit Card,No,90000,0.0,90000.0
O03557,2026-01-23 16:21:24.736947388,C0413,Laptop,Electronics,East,4,65000,0.0,UPI,No,260000,0.0,260000.0
O03558,2026-01-23 18:58:24.220844168,C0115,Smartphone,Electronics,East,4,40000,0.05,UPI,No,160000,8000.0,152000.0
O03559,2026-01-23 21:35:23.704740948,C0053,Keyboard,Accessories,South,1,2000,0.05,Debit Card,No,2000,100.0,1900.0
O03560,2026-01-24 00:12:23.188637728,C0069,Headphones,Accessories,South,1,2500,0.0,Cash,No,2500,0.0,2500.0
O03561,2026-01-24 02:49:22.672534504,C0328,Mouse,Accessories,East,2,800,0.05,Cash,No,1600,80.0,1520.0
O03562,2026-01-24 05:26:22.156431284,C0125,Headphones,Accessories,North,4,2500,0.0,Credit Card,No,10000,0.0,10000.0
O03563,2026-01-24 08:03:21.640328064,C0486,Keyboard,Accessories,South,5,2000,0.0,Debit Card,No,10000,0.0,10000.0
O03564,2026-01-24 10:40:21.124224844,C0146,Keyboard,Accessories,East,4,2000,0.1,Debit Card,No,8000,800.0,7200.0
O03565,2026-01-24 13:17:20.608121624,C0032,Mouse,Accessories,West,2,800,0.0,Cash,No,1600,0.0,1600.0
O03566,2026-01-24 15:54:20.092018404,C0472,Headphones,Accessories,East,1,2500,0.05,Debit Card,No,2500,125.0,2375.0
O03567,2026-01-24 18:31:19.575915180,C0336,Headphones,Accessories,West,2,2500,0.0,UPI,No,5000,0.0,5000.0
O03568,2026-01-24 21:08:19.059811960,C0426,Laptop,Electronics,East,1,65000,0.05,Debit Card,No,65000,3250.0,61750.0
O03569,2026-01-24 23:45:18.543708740,C0074,Laptop,Electronics,East,1,65000,0.1,UPI,No,65000,6500.0,58500.0
O03570,2026-01-25 02:22:18.027605520,C0384,Monitor,Electronics,South,4,15000,0.15,Cash,No,60000,9000.0,51000.0
O03571,2026-01-25 04:59:17.511502300,C0299,Mouse,Accessories,South,2,800,0.0,Debit Card,No,1600,0.0,1600.0
O03572,2026-01-25 07:36:16.995399080,C0476,Webcam,Accessories,East,3,3500,0.15,Debit Card,No,10500,1575.0,8925.0
O03573,2026-01-25 10:13:16.479295856,C0241,Headphones,Accessories,East,2,2500,0.1,Cash,No,5000,500.0,4500.0
O03574,2026-01-25 12:50:15.963192636,C0257,Monitor,Electronics,North,4,15000,0.05,UPI,Yes,60000,3000.0,57000.0
O03575,2026-01-25 15:27:15.447089416,C0438,Mouse,Accessories,West,1,800,0.15,Credit Card,No,800,120.0,680.0
O03576,2026-01-25 18:04:14.930986196,C0346,Laptop,Electronics,South,1,65000,0.15,UPI,No,65000,9750.0,55250.0
O03577,2026-01-25 20:41:14.414882976,C0155,Headphones,Accessories,West,3,2500,0.15,UPI,No,7500,1125.0,6375.0
O03578,2026-01-25 23:18:13.898779756,C0279,Mouse,Accessories,East,2,800,0.1,Cash,No,1600,160.0,1440.0
O03579,2026-01-26 01:55:13.382676532,C0245,Webcam,Accessories,South,3,3500,0.05,Credit Card,No,10500,525.0,9975.0
O03580,2026-01-26 04:32:12.866573312,C0216,Keyboard,Accessories,South,3,2000,0.0,Cash,No,6000,0.0,6000.0
O03581,2026-01-26 07:09:12.350470092,C0112,Monitor,Electronics,South,3,15000,0.1,Cash,No,45000,4500.0,40500.0
O03582,2026-01-26 09:46:11.834366872,C0214,Headphones,Accessories,East,1,2500,0.0,Cash,No,2500,0.0,2500.0
O03583,2026-01-26 12:23:11.318263652,C0068,Keyboard,Accessories,East,4,2000,0.15,Cash,No,8000,1200.0,6800.0
O03584,2026-01-26 15:00:10.802160432,C0422,Keyboard,Accessories,East,5,2000,0.15,Debit Card,No,10000,1500.0,8500.0
O03585,2026-01-26 17:37:10.286057208,C0394,Headphones,Accessories,West,2,2500,0.0,Credit Card,No,5000,0.0,5000.0
O03586,2026-01-26 20:14:09.769953988,C0057,Tablet,Electronics,South,2,30000,0.1,Credit Card,No,60000,6000.0,54000.0
O03587,2026-01-26 22:51:09.253850768,C0224,Webcam,Accessories,West,4,3500,0.1,Debit Card,No,14000,1400.0,12600.0
O03588,2026-01-27 01:28:08.737747548,C0344,Laptop,Electronics,North,2,65000,0.15,UPI,No,130000,19500.0,110500.0
O03589,2026-01-27 04:05:08.221644328,C0442,Headphones,Accessories,East,3,2500,0.1,Cash,No,7500,750.0,6750.0
O03590,2026-01-27 06:42:07.705541108,C0072,Webcam,Accessories,East,4,3500,0.05,Debit Card,No,14000,700.0,13300.0
O03591,2026-01-27 09:19:07.189437888,C0448,Laptop,Electronics,South,2,65000,0.05,Cash,Yes,130000,6500.0,123500.0
O03592,2026-01-27 11:56:06.673334664,C0302,Headphones,Accessories,South,3,2500,0.0,Cash,No,7500,0.0,7500.0
O03593,2026-01-27 14:33:06.157231444,C0264,Tablet,Electronics,East,2,30000,0.15,UPI,No,60000,9000.0,51000.0
O03594,2026-01-27 17:10:05.641128224,C0249,Keyboard,Accessories,West,3,2000,0.15,Cash,No,6000,900.0,5100.0
O03595,2026-01-27 19:47:05.125025004,C0132,Tablet,Electronics,North,5,30000,0.1,Cash,No,150000,15000.0,135000.0
O03596,2026-01-27 22:24:04.608921784,C0500,Monitor,Electronics,North,1,15000,0.05,Credit Card,No,15000,750.0,14250.0
O03597,2026-01-28 01:01:04.092818564,C0022,Headphones,Accessories,West,4,2500,0.15,UPI,No,10000,1500.0,8500.0
O03598,2026-01-28 03:38:03.576715340,C0362,Laptop,Electronics,East,3,65000,0.0,Credit Card,Yes,195000,0.0,195000.0
O03599,2026-01-28 06:15:03.060612120,C0369,Monitor,Electronics,North,2,15000,0.0,UPI,Yes,30000,0.0,30000.0
O03600,2026-01-28 08:52:02.544508900,C0356,Monitor,Electronics,West,1,15000,0.05,Credit Card,Yes,15000,750.0,14250.0
O03601,2026-01-28 11:29:02.028405680,C0127,Laptop,Electronics,South,5,65000,0.0,Credit Card,No,325000,0.0,325000.0
O03602,2026-01-28 14:06:01.512302460,C0466,Keyboard,Accessories,South,5,2000,0.15,Cash,No,10000,1500.0,8500.0
O03603,2026-01-28 16:43:00.996199240,C0316,Laptop,Electronics,North,3,65000,0.0,Cash,No,195000,0.0,195000.0
O03604,2026-01-28 19:20:00.480096016,C0437,Mouse,Accessories,West,4,800,0.05,Cash,No,3200,160.0,3040.0
O03605,2026-01-28 21:56:59.963992796,C0419,Smartphone,Electronics,North,2,40000,0.0,Debit Card,Yes,80000,0.0,80000.0
O03606,2026-01-29 00:33:59.447889576,C0142,Webcam,Accessories,East,1,3500,0.1,Credit Card,Yes,3500,350.0,3150.0
O03607,2026-01-29 03:10:58.931786356,C0238,Smartphone,Electronics,West,1,40000,0.05,Debit Card,No,40000,2000.0,38000.0
O03608,2026-01-29 05:47:58.415683136,C0248,Laptop,Electronics,South,1,65000,0.05,Credit Card,No,65000,3250.0,61750.0
O03609,2026-01-29 08:24:57.899579916,C0097,Headphones,Accessories,South,2,2500,0.1,Cash,No,5000,500.0,4500.0
O03610,2026-01-29 11:01:57.383476692,C0398,Tablet,Electronics,North,5,30000,0.0,Debit Card,Yes,150000,0.0,150000.0
O03611,2026-01-29 13:38:56.867373472,C0203,Headphones,Accessories,East,4,2500,0.05,UPI,No,10000,500.0,9500.0
O03612,2026-01-29 16:15:56.351270252,C0423,Mouse,Accessories,West,4,800,0.15,Debit Card,No,3200,480.0,2720.0
O03613,2026-01-29 18:52:55.835167032,C0232,Smartphone,Electronics,South,2,40000,0.05,Credit Card,No,80000,4000.0,76000.0
O03614,2026-01-29 21:29:55.319063812,C0111,Smartphone,Electronics,West,4,40000,0.0,Credit Card,No,160000,0.0,160000.0
O03615,2026-01-30 00:06:54.802960592,C0343,Webcam,Accessories,South,3,3500,0.0,Credit Card,No,10500,0.0,10500.0
O03616,2026-01-30 02:43:54.286857372,C0147,Mouse,Accessories,North,1,800,0.15,Cash,No,800,120.0,680.0
O03617,2026-01-30 05:20:53.770754148,C0018,Tablet,Electronics,North,4,30000,0.1,UPI,No,120000,12000.0,108000.0
O03618,2026-01-30 07:57:53.254650928,C0046,Smartphone,Electronics,North,4,40000,0.15,Debit Card,No,160000,24000.0,136000.0
O03619,2026-01-30 10:34:52.738547708,C0190,Keyboard,Accessories,North,4,2000,0.15,Credit Card,No,8000,1200.0,6800.0
O03620,2026-01-30 13:11:52.222444488,C0021,Keyboard,Accessories,North,1,2000,0.15,Credit Card,No,2000,300.0,1700.0
O03621,2026-01-30 15:48:51.706341268,C0085,Keyboard,Accessories,West,3,2000,0.1,Cash,No,6000,600.0,5400.0
O03622,2026-01-30 18:25:51.190238048,C0054,Monitor,Electronics,East,5,15000,0.1,Cash,No,75000,7500.0,67500.0
O03623,2026-01-30 21:02:50.674134824,C0332,Keyboard,Accessories,North,5,2000,0.1,Credit Card,No,10000,1000.0,9000.0
O03624,2026-01-30 23:39:50.158031604,C0095,Tablet,Electronics,South,3,30000,0.15,UPI,No,90000,13500.0,76500.0
O03625,2026-01-31 02:16:49.641928384,C0109,Keyboard,Accessories,North,3,2000,0.15,UPI,No,6000,900.0,5100.0
O03626,2026-01-31 04:53:49.125825164,C0294,Tablet,Electronics,North,2,30000,0.15,Credit Card,No,60000,9000.0,51000.0
O03627,2026-01-31 07:30:48.609721944,C0317,Monitor,Electronics,North,2,15000,0.05,Cash,No,30000,1500.0,28500.0
O03628,2026-01-31 10:07:48.093618724,C0181,Mouse,Accessories,West,5,800,0.15,Debit Card,No,4000,600.0,3400.0
O03629,2026-01-31 12:44:47.577515500,C0424,Keyboard,Accessories,North,2,2000,0.15,Cash,No,4000,600.0,3400.0
O03630,2026-01-31 15:21:47.061412280,C0349,Smartphone,Electronics,South,1,40000,0.1,UPI,No,40000,4000.0,36000.0
O03631,2026-01-31 17:58:46.545309060,C0196,Monitor,Electronics,West,2,15000,0.1,UPI,No,30000,3000.0,27000.0
O03632,2026-01-31 20:35:46.029205840,C0342,Smartphone,Electronics,North,1,40000,0.1,Debit Card,Yes,40000,4000.0,36000.0
O03633,2026-01-31 23:12:45.513102620,C0190,Smartphone,Electronics,South,3,40000,0.0,UPI,Yes,120000,0.0,120000.0
O03634,2026-02-01 01:49:44.996999400,C0402,Headphones,Accessories,North,1,2500,0.05,UPI,No,2500,125.0,2375.0
O03635,2026-02-01 04:26:44.480896176,C0253,Tablet,Electronics,West,1,30000,0.15,Debit Card,No,30000,4500.0,25500.0
O03636,2026-02-01 07:03:43.964792956,C0374,Laptop,Electronics,South,5,65000,0.05,Credit Card,No,325000,16250.0,308750.0
O03637,2026-02-01 09:40:43.448689736,C0096,Mouse,Accessories,West,3,800,0.15,Debit Card,No,2400,360.0,2040.0
O03638,2026-02-01 12:17:42.932586516,C0213,Tablet,Electronics,East,2,30000,0.0,Cash,No,60000,0.0,60000.0
O03639,2026-02-01 14:54:42.416483296,C0279,Webcam,Accessories,North,4,3500,0.1,Debit Card,No,14000,1400.0,12600.0
O03640,2026-02-01 17:31:41.900380076,C0232,Smartphone,Electronics,East,1,40000,0.0,Credit Card,No,40000,0.0,40000.0
O03641,2026-02-01 20:08:41.384276852,C0114,Mouse,Accessories,East,5,800,0.0,Credit Card,No,4000,0.0,4000.0
O03642,2026-02-01 22:45:40.868173632,C0333,Webcam,Accessories,South,4,3500,0.05,Cash,No,14000,700.0,13300.0
O03643,2026-02-02 01:22:40.352070412,C0413,Keyboard,Accessories,South,3,2000,0.0,UPI,No,6000,0.0,6000.0
O03644,2026-02-02 03:59:39.835967192,C0185,Mouse,Accessories,East,1,800,0.15,Cash,No,800,120.0,680.0
O03645,2026-02-02 06:36:39.319863972,C0101,Tablet,Electronics,North,2,30000,0.0,Debit Card,No,60000,0.0,60000.0
O03646,2026-02-02 09:13:38.803760752,C0443,Webcam,Accessories,South,4,3500,0.15,Debit Card,No,14000,2100.0,11900.0
O03647,2026-02-02 11:50:38.287657532,C0252,Smartphone,Electronics,North,1,40000,0.1,Cash,No,40000,4000.0,36000.0
O03648,2026-02-02 14:27:37.771554308,C0043,Smartphone,Electronics,West,4,40000,0.15,Debit Card,No,160000,24000.0,136000.0
O03649,2026-02-02 17:04:37.255451088,C0371,Monitor,Electronics,East,4,15000,0.05,Credit Card,No,60000,3000.0,57000.0
O03650,2026-02-02 19:41:36.739347868,C0331,Keyboard,Accessories,East,3,2000,0.0,UPI,No,6000,0.0,6000.0
O03651,2026-02-02 22:18:36.223244648,C0374,Laptop,Electronics,North,2,65000,0.05,Credit Card,No,130000,6500.0,123500.0
O03652,2026-02-03 00:55:35.707141428,C0349,Mouse,Accessories,South,2,800,0.1,Debit Card,No,1600,160.0,1440.0
O03653,2026-02-03 03:32:35.191038208,C0058,Keyboard,Accessories,West,3,2000,0.0,Credit Card,No,6000,0.0,6000.0
O03654,2026-02-03 06:09:34.674934984,C0305,Tablet,Electronics,North,3,30000,0.0,Cash,No,90000,0.0,90000.0
O03655,2026-02-03 08:46:34.158831764,C0312,Laptop,Electronics,East,4,65000,0.0,Debit Card,No,260000,0.0,260000.0
O03656,2026-02-03 11:23:33.642728544,C0201,Mouse,Accessories,West,5,800,0.05,Debit Card,No,4000,200.0,3800.0
O03657,2026-02-03 14:00:33.126625324,C0053,Webcam,Accessories,South,4,3500,0.15,Debit Card,No,14000,2100.0,11900.0
O03658,2026-02-03 16:37:32.610522104,C0375,Monitor,Electronics,East,3,15000,0.05,UPI,No,45000,2250.0,42750.0
O03659,2026-02-03 19:14:32.094418884,C0107,Monitor,Electronics,West,5,15000,0.15,Cash,No,75000,11250.0,63750.0
O03660,2026-02-03 21:51:31.578315660,C0363,Headphones,Accessories,East,4,2500,0.15,UPI,No,10000,1500.0,8500.0
O03661,2026-02-04 00:28:31.062212440,C0194,Tablet,Electronics,West,3,30000,0.05,Cash,No,90000,4500.0,85500.0
O03662,2026-02-04 03:05:30.546109220,C0356,Mouse,Accessories,South,5,800,0.15,Debit Card,No,4000,600.0,3400.0
O03663,2026-02-04 05:42:30.030006000,C0399,Keyboard,Accessories,West,2,2000,0.0,UPI,No,4000,0.0,4000.0
O03664,2026-02-04 08:19:29.513902780,C0267,Keyboard,Accessories,South,4,2000,0.1,UPI,No,8000,800.0,7200.0
O03665,2026-02-04 10:56:28.997799560,C0495,Smartphone,Electronics,South,2,40000,0.15,Cash,No,80000,12000.0,68000.0
O03666,2026-02-04 13:33:28.481696336,C0390,Monitor,Electronics,South,3,15000,0.05,Debit Card,No,45000,2250.0,42750.0
O03667,2026-02-04 16:10:27.965593116,C0164,Smartphone,Electronics,West,5,40000,0.0,Credit Card,No,200000,0.0,200000.0
O03668,2026-02-04 18:47:27.449489896,C0296,Headphones,Accessories,East,4,2500,0.1,Cash,No,10000,1000.0,9000.0
O03669,2026-02-04 21:24:26.933386676,C0171,Smartphone,Electronics,East,2,40000,0.05,Cash,No,80000,4000.0,76000.0
O03670,2026-02-05 00:01:26.417283456,C0031,Laptop,Electronics,West,3,65000,0.1,Debit Card,No,195000,19500.0,175500.0
O03671,2026-02-05 02:38:25.901180236,C0494,Smartphone,Electronics,West,2,40000,0.15,Credit Card,No,80000,12000.0,68000.0
O03672,2026-02-05 05:15:25.385077012,C0102,Tablet,Electronics,West,1,30000,0.1,UPI,No,30000,3000.0,27000.0
O03673,2026-02-05 07:52:24.868973792,C0087,Tablet,Electronics,South,5,30000,0.15,Debit Card,No,150000,22500.0,127500.0
O03674,2026-02-05 10:29:24.352870572,C0135,Mouse,Accessories,East,5,800,0.0,Cash,No,4000,0.0,4000.0
O03675,2026-02-05 13:06:23.836767352,C0241,Smartphone,Electronics,East,2,40000,0.05,UPI,Yes,80000,4000.0,76000.0
O03676,2026-02-05 15:43:23.320664132,C0232,Webcam,Accessories,West,4,3500,0.15,Credit Card,No,14000,2100.0,11900.0
O03677,2026-02-05 18:20:22.804560912,C0354,Keyboard,Accessories,East,1,2000,0.15,Cash,No,2000,300.0,1700.0
O03678,2026-02-05 20:57:22.288457692,C0467,Laptop,Electronics,East,4,65000,0.1,Credit Card,No,260000,26000.0,234000.0
O03679,2026-02-05 23:34:21.772354468,C0319,Laptop,Electronics,West,2,65000,0.15,UPI,No,130000,19500.0,110500.0
O03680,2026-02-06 02:11:21.256251248,C0022,Monitor,Electronics,East,4,15000,0.1,Credit Card,No,60000,6000.0,54000.0
O03681,2026-02-06 04:48:20.740148028,C0140,Keyboard,Accessories,East,5,2000,0.15,Credit Card,No,10000,1500.0,8500.0
O03682,2026-02-06 07:25:20.224044808,C0432,Laptop,Electronics,West,3,65000,0.1,Debit Card,No,195000,19500.0,175500.0
O03683,2026-02-06 10:02:19.707941588,C0121,Webcam,Accessories,East,3,3500,0.15,Debit Card,No,10500,1575.0,8925.0
O03684,2026-02-06 12:39:19.191838368,C0043,Monitor,Electronics,South,1,15000,0.1,Debit Card,No,15000,1500.0,13500.0
O03685,2026-02-06 15:16:18.675735144,C0092,Keyboard,Accessories,West,4,2000,0.1,Credit Card,No,8000,800.0,7200.0
O03686,2026-02-06 17:53:18.159631924,C0327,Laptop,Electronics,North,2,65000,0.1,Credit Card,Yes,130000,13000.0,117000.0
O03687,2026-02-06 20:30:17.643528704,C0446,Mouse,Accessories,North,1,800,0.0,Credit Card,No,800,0.0,800.0
O03688,2026-02-06 23:07:17.127425484,C0102,Monitor,Electronics,North,3,15000,0.1,Cash,No,45000,4500.0,40500.0
O03689,2026-02-07 01:44:16.611322264,C0290,Webcam,Accessories,West,3,3500,0.15,Credit Card,No,10500,1575.0,8925.0
O03690,2026-02-07 04:21:16.095219044,C0261,Keyboard,Accessories,South,2,2000,0.05,Cash,No,4000,200.0,3800.0
O03691,2026-02-07 06:58:15.579115820,C0180,Laptop,Electronics,South,5,65000,0.1,UPI,No,325000,32500.0,292500.0
O03692,2026-02-07 09:35:15.063012600,C0166,Tablet,Electronics,North,2,30000,0.1,Debit Card,No,60000,6000.0,54000.0
O03693,2026-02-07 12:12:14.546909380,C0330,Smartphone,Electronics,East,5,40000,0.15,Credit Card,No,200000,30000.0,170000.0
O03694,2026-02-07 14:49:14.030806160,C0304,Mouse,Accessories,North,2,800,0.05,Debit Card,No,1600,80.0,1520.0
O03695,2026-02-07 17:26:13.514702940,C0490,Tablet,Electronics,West,4,30000,0.15,Credit Card,No,120000,18000.0,102000.0
O03696,2026-02-07 20:03:12.998599720,C0345,Mouse,Accessories,East,2,800,0.15,Debit Card,No,1600,240.0,1360.0
O03697,2026-02-07 22:40:12.482496496,C0062,Mouse,Accessories,South,2,800,0.15,Cash,No,1600,240.0,1360.0
O03698,2026-02-08 01:17:11.966393276,C0355,Laptop,Electronics,South,2,65000,0.15,Cash,No,130000,19500.0,110500.0
O03699,2026-02-08 03:54:11.450290056,C0286,Smartphone,Electronics,East,4,40000,0.1,Credit Card,No,160000,16000.0,144000.0
O03700,2026-02-08 06:31:10.934186836,C0088,Laptop,Electronics,West,5,65000,0.15,Debit Card,No,325000,48750.0,276250.0
O03701,2026-02-08 09:08:10.418083616,C0175,Monitor,Electronics,West,5,15000,0.0,UPI,Yes,75000,0.0,75000.0
O03702,2026-02-08 11:45:09.901980396,C0139,Headphones,Accessories,North,3,2500,0.15,UPI,No,7500,1125.0,6375.0
O03703,2026-02-08 14:22:09.385877172,C0070,Monitor,Electronics,East,1,15000,0.1,UPI,No,15000,1500.0,13500.0
O03704,2026-02-08 16:59:08.869773952,C0432,Tablet,Electronics,North,2,30000,0.0,Cash,No,60000,0.0,60000.0
O03705,2026-02-08 19:36:08.353670732,C0323,Tablet,Electronics,North,4,30000,0.05,Debit Card,No,120000,6000.0,114000.0
O03706,2026-02-08 22:13:07.837567512,C0417,Laptop,Electronics,South,4,65000,0.1,UPI,No,260000,26000.0,234000.0
O03707,2026-02-09 00:50:07.321464292,C0412,Smartphone,Electronics,West,4,40000,0.1,UPI,No,160000,16000.0,144000.0
O03708,2026-02-09 03:27:06.805361072,C0057,Laptop,Electronics,North,2,65000,0.0,Cash,No,130000,0.0,130000.0
O03709,2026-02-09 06:04:06.289257852,C0160,Monitor,Electronics,North,3,15000,0.0,UPI,No,45000,0.0,45000.0
O03710,2026-02-09 08:41:05.773154628,C0314,Keyboard,Accessories,South,4,2000,0.1,Cash,No,8000,800.0,7200.0
O03711,2026-02-09 11:18:05.257051408,C0107,Laptop,Electronics,South,2,65000,0.15,UPI,No,130000,19500.0,110500.0
O03712,2026-02-09 13:55:04.740948188,C0440,Tablet,Electronics,West,1,30000,0.05,UPI,Yes,30000,1500.0,28500.0
O03713,2026-02-09 16:32:04.224844968,C0054,Tablet,Electronics,East,5,30000,0.0,Debit Card,No,150000,0.0,150000.0
O03714,2026-02-09 19:09:03.708741748,C0285,Smartphone,Electronics,South,2,40000,0.05,Debit Card,No,80000,4000.0,76000.0
O03715,2026-02-09 21:46:03.192638528,C0107,Smartphone,Electronics,South,2,40000,0.15,Credit Card,No,80000,12000.0,68000.0
O03716,2026-02-10 00:23:02.676535304,C0500,Laptop,Electronics,West,1,65000,0.15,Cash,No,65000,9750.0,55250.0
O03717,2026-02-10 03:00:02.160432084,C0104,Mouse,Accessories,East,4,800,0.1,Cash,No,3200,320.0,2880.0
O03718,2026-02-10 05:37:01.644328864,C0109,Webcam,Accessories,East,1,3500,0.1,UPI,No,3500,350.0,3150.0
O03719,2026-02-10 08:14:01.128225644,C0251,Keyboard,Accessories,South,1,2000,0.1,UPI,No,2000,200.0,1800.0
O03720,2026-02-10 10:51:00.612122424,C0186,Webcam,Accessories,North,3,3500,0.1,Debit Card,No,10500,1050.0,9450.0
O03721,2026-02-10 13:28:00.096019204,C0140,Headphones,Accessories,North,3,2500,0.15,UPI,No,7500,1125.0,6375.0
O03722,2026-02-10 16:04:59.579915980,C0174,Smartphone,Electronics,South,4,40000,0.15,Debit Card,No,160000,24000.0,136000.0
O03723,2026-02-10 18:41:59.063812760,C0298,Smartphone,Electronics,North,2,40000,0.1,Credit Card,No,80000,8000.0,72000.0
O03724,2026-02-10 21:18:58.547709540,C0186,Monitor,Electronics,South,3,15000,0.05,Credit Card,No,45000,2250.0,42750.0
O03725,2026-02-10 23:55:58.031606320,C0237,Keyboard,Accessories,East,5,2000,0.15,Cash,No,10000,1500.0,8500.0
O03726,2026-02-11 02:32:57.515503100,C0291,Webcam,Accessories,East,3,3500,0.05,Cash,No,10500,525.0,9975.0
O03727,2026-02-11 05:09:56.999399880,C0001,Headphones,Accessories,East,2,2500,0.1,UPI,No,5000,500.0,4500.0
O03728,2026-02-11 07:46:56.483296656,C0268,Webcam,Accessories,North,3,3500,0.05,UPI,Yes,10500,525.0,9975.0
O03729,2026-02-11 10:23:55.967193436,C0204,Headphones,Accessories,North,3,2500,0.15,Cash,No,7500,1125.0,6375.0
O03730,2026-02-11 13:00:55.451090216,C0267,Keyboard,Accessories,West,3,2000,0.15,Cash,No,6000,900.0,5100.0
O03731,2026-02-11 15:37:54.934986996,C0026,Tablet,Electronics,East,4,30000,0.1,Cash,No,120000,12000.0,108000.0
O03732,2026-02-11 18:14:54.418883776,C0109,Headphones,Accessories,North,5,2500,0.1,Credit Card,No,12500,1250.0,11250.0
O03733,2026-02-11 20:51:53.902780556,C0384,Smartphone,Electronics,West,5,40000,0.1,Cash,No,200000,20000.0,180000.0
O03734,2026-02-11 23:28:53.386677332,C0442,Smartphone,Electronics,South,5,40000,0.05,UPI,No,200000,10000.0,190000.0
O03735,2026-02-12 02:05:52.870574112,C0285,Smartphone,Electronics,West,4,40000,0.05,Cash,No,160000,8000.0,152000.0
O03736,2026-02-12 04:42:52.354470892,C0326,Tablet,Electronics,West,4,30000,0.05,UPI,No,120000,6000.0,114000.0
O03737,2026-02-12 07:19:51.838367672,C0219,Mouse,Accessories,South,5,800,0.05,Credit Card,Yes,4000,200.0,3800.0
O03738,2026-02-12 09:56:51.322264452,C0423,Webcam,Accessories,North,5,3500,0.1,Cash,No,17500,1750.0,15750.0
O03739,2026-02-12 12:33:50.806161232,C0290,Tablet,Electronics,West,1,30000,0.05,Cash,No,30000,1500.0,28500.0
O03740,2026-02-12 15:10:50.290058012,C0156,Monitor,Electronics,North,5,15000,0.15,Debit Card,No,75000,11250.0,63750.0
O03741,2026-02-12 17:47:49.773954788,C0184,Mouse,Accessories,East,2,800,0.1,UPI,Yes,1600,160.0,1440.0
O03742,2026-02-12 20:24:49.257851568,C0294,Tablet,Electronics,West,1,30000,0.1,Debit Card,No,30000,3000.0,27000.0
O03743,2026-02-12 23:01:48.741748348,C0215,Headphones,Accessories,West,3,2500,0.1,Credit Card,No,7500,750.0,6750.0
O03744,2026-02-13 01:38:48.225645128,C0134,Headphones,Accessories,West,4,2500,0.0,UPI,Yes,10000,0.0,10000.0
O03745,2026-02-13 04:15:47.709541908,C0077,Tablet,Electronics,North,3,30000,0.0,Cash,No,90000,0.0,90000.0
O03746,2026-02-13 06:52:47.193438688,C0199,Laptop,Electronics,East,5,65000,0.0,UPI,No,325000,0.0,325000.0
O03747,2026-02-13 09:29:46.677335464,C0432,Laptop,Electronics,North,5,65000,0.1,Cash,No,325000,32500.0,292500.0
O03748,2026-02-13 12:06:46.161232244,C0368,Mouse,Accessories,North,4,800,0.05,Debit Card,No,3200,160.0,3040.0
O03749,2026-02-13 14:43:45.645129024,C0267,Headphones,Accessories,East,4,2500,0.1,Debit Card,No,10000,1000.0,9000.0
O03750,2026-02-13 17:20:45.129025804,C0238,Smartphone,Electronics,South,2,40000,0.15,UPI,No,80000,12000.0,68000.0
O03751,2026-02-13 19:57:44.612922584,C0315,Tablet,Electronics,North,2,30000,0.0,Debit Card,No,60000,0.0,60000.0
O03752,2026-02-13 22:34:44.096819364,C0450,Laptop,Electronics,East,2,65000,0.0,Debit Card,No,130000,0.0,130000.0
O03753,2026-02-14 01:11:43.580716140,C0449,Keyboard,Accessories,West,5,2000,0.1,Credit Card,No,10000,1000.0,9000.0
O03754,2026-02-14 03:48:43.064612920,C0202,Webcam,Accessories,North,4,3500,0.15,Debit Card,Yes,14000,2100.0,11900.0
O03755,2026-02-14 06:25:42.548509700,C0262,Tablet,Electronics,North,1,30000,0.0,UPI,No,30000,0.0,30000.0
O03756,2026-02-14 09:02:42.032406480,C0240,Monitor,Electronics,North,5,15000,0.1,Debit Card,No,75000,7500.0,67500.0
O03757,2026-02-14 11:39:41.516303260,C0152,Monitor,Electronics,North,4,15000,0.15,Credit Card,No,60000,9000.0,51000.0
O03758,2026-02-14 14:16:41.000200040,C0410,Laptop,Electronics,South,4,65000,0.05,Credit Card,No,260000,13000.0,247000.0
O03759,2026-02-14 16:53:40.484096816,C0279,Mouse,Accessories,East,1,800,0.0,Debit Card,No,800,0.0,800.0
O03760,2026-02-14 19:30:39.967993596,C0380,Monitor,Electronics,South,2,15000,0.05,Credit Card,No,30000,1500.0,28500.0
O03761,2026-02-14 22:07:39.451890376,C0043,Laptop,Electronics,South,3,65000,0.0,Cash,No,195000,0.0,195000.0
O03762,2026-02-15 00:44:38.935787156,C0154,Mouse,Accessories,North,1,800,0.15,Credit Card,No,800,120.0,680.0
O03763,2026-02-15 03:21:38.419683936,C0338,Mouse,Accessories,South,1,800,0.15,Cash,No,800,120.0,680.0
O03764,2026-02-15 05:58:37.903580716,C0020,Mouse,Accessories,West,1,800,0.1,UPI,No,800,80.0,720.0
O03765,2026-02-15 08:35:37.387477492,C0437,Laptop,Electronics,West,1,65000,0.1,Cash,No,65000,6500.0,58500.0
O03766,2026-02-15 11:12:36.871374272,C0274,Laptop,Electronics,North,3,65000,0.1,Cash,No,195000,19500.0,175500.0
O03767,2026-02-15 13:49:36.355271052,C0183,Headphones,Accessories,North,2,2500,0.05,Debit Card,No,5000,250.0,4750.0
O03768,2026-02-15 16:26:35.839167832,C0390,Webcam,Accessories,West,4,3500,0.0,Credit Card,No,14000,0.0,14000.0
O03769,2026-02-15 19:03:35.323064612,C0159,Webcam,Accessories,East,4,3500,0.15,Credit Card,No,14000,2100.0,11900.0
O03770,2026-02-15 21:40:34.806961392,C0464,Headphones,Accessories,North,3,2500,0.1,Credit Card,No,7500,750.0,6750.0
O03771,2026-02-16 00:17:34.290858172,C0358,Monitor,Electronics,West,5,15000,0.05,Debit Card,No,75000,3750.0,71250.0
O03772,2026-02-16 02:54:33.774754948,C0279,Laptop,Electronics,East,1,65000,0.15,Cash,No,65000,9750.0,55250.0
O03773,2026-02-16 05:31:33.258651728,C0435,Mouse,Accessories,North,2,800,0.0,UPI,No,1600,0.0,1600.0
O03774,2026-02-16 08:08:32.742548508,C0013,Mouse,Accessories,West,5,800,0.0,Debit Card,No,4000,0.0,4000.0
O03775,2026-02-16 10:45:32.226445288,C0288,Keyboard,Accessories,East,1,2000,0.15,UPI,Yes,2000,300.0,1700.0
O03776,2026-02-16 13:22:31.710342068,C0089,Smartphone,Electronics,West,5,40000,0.0,Cash,Yes,200000,0.0,200000.0
O03777,2026-02-16 15:59:31.194238848,C0293,Tablet,Electronics,North,3,30000,0.15,Credit Card,No,90000,13500.0,76500.0
O03778,2026-02-16 18:36:30.678135624,C0490,Mouse,Accessories,South,2,800,0.05,UPI,No,1600,80.0,1520.0
O03779,2026-02-16 21:13:30.162032404,C0453,Laptop,Electronics,East,3,65000,0.1,Debit Card,No,195000,19500.0,175500.0
O03780,2026-02-16 23:50:29.645929184,C0107,Smartphone,Electronics,North,5,40000,0.15,UPI,No,200000,30000.0,170000.0
O03781,2026-02-17 02:27:29.129825964,C0293,Keyboard,Accessories,North,3,2000,0.15,Cash,No,6000,900.0,5100.0
O03782,2026-02-17 05:04:28.613722744,C0108,Tablet,Electronics,West,1,30000,0.0,UPI,No,30000,0.0,30000.0
O03783,2026-02-17 07:41:28.097619524,C0331,Smartphone,Electronics,North,5,40000,0.0,UPI,No,200000,0.0,200000.0
O03784,2026-02-17 10:18:27.581516300,C0474,Keyboard,Accessories,South,3,2000,0.1,Cash,No,6000,600.0,5400.0
O03785,2026-02-17 12:55:27.065413080,C0448,Headphones,Accessories,South,2,2500,0.1,Cash,No,5000,500.0,4500.0
O03786,2026-02-17 15:32:26.549309860,C0338,Mouse,Accessories,West,3,800,0.1,Credit Card,No,2400,240.0,2160.0
O03787,2026-02-17 18:09:26.033206640,C0073,Monitor,Electronics,West,2,15000,0.15,Cash,No,30000,4500.0,25500.0
O03788,2026-02-17 20:46:25.517103420,C0367,Keyboard,Accessories,West,4,2000,0.1,Debit Card,No,8000,800.0,7200.0
O03789,2026-02-17 23:23:25.001000200,C0127,Smartphone,Electronics,South,3,40000,0.05,Cash,Yes,120000,6000.0,114000.0
O03790,2026-02-18 02:00:24.484896976,C0013,Laptop,Electronics,West,2,65000,0.1,Credit Card,No,130000,13000.0,117000.0
O03791,2026-02-18 04:37:23.968793756,C0351,Webcam,Accessories,North,1,3500,0.15,Credit Card,No,3500,525.0,2975.0
O03792,2026-02-18 07:14:23.452690536,C0058,Monitor,Electronics,South,1,15000,0.0,Debit Card,No,15000,0.0,15000.0
O03793,2026-02-18 09:51:22.936587316,C0267,Headphones,Accessories,North,4,2500,0.0,Credit Card,No,10000,0.0,10000.0
O03794,2026-02-18 12:28:22.420484096,C0104,Tablet,Electronics,West,3,30000,0.15,UPI,No,90000,13500.0,76500.0
O03795,2026-02-18 15:05:21.904380876,C0406,Monitor,Electronics,West,4,15000,0.05,Credit Card,No,60000,3000.0,57000.0
O03796,2026-02-18 17:42:21.388277656,C0222,Laptop,Electronics,North,3,65000,0.05,UPI,Yes,195000,9750.0,185250.0
O03797,2026-02-18 20:19:20.872174432,C0258,Laptop,Electronics,South,2,65000,0.05,UPI,Yes,130000,6500.0,123500.0
O03798,2026-02-18 22:56:20.356071212,C0088,Headphones,Accessories,South,1,2500,0.0,Credit Card,No,2500,0.0,2500.0
O03799,2026-02-19 01:33:19.839967992,C0019,Mouse,Accessories,West,4,800,0.0,UPI,No,3200,0.0,3200.0
O03800,2026-02-19 04:10:19.323864772,C0242,Smartphone,Electronics,North,3,40000,0.15,Credit Card,No,120000,18000.0,102000.0
O03801,2026-02-19 06:47:18.807761552,C0011,Tablet,Electronics,South,4,30000,0.05,Credit Card,No,120000,6000.0,114000.0
O03802,2026-02-19 09:24:18.291658332,C0212,Headphones,Accessories,North,3,2500,0.1,Debit Card,Yes,7500,750.0,6750.0
O03803,2026-02-19 12:01:17.775555108,C0023,Tablet,Electronics,East,4,30000,0.15,UPI,No,120000,18000.0,102000.0
O03804,2026-02-19 14:38:17.259451888,C0078,Keyboard,Accessories,South,2,2000,0.15,Debit Card,No,4000,600.0,3400.0
O03805,2026-02-19 17:15:16.743348668,C0374,Laptop,Electronics,South,4,65000,0.05,Cash,No,260000,13000.0,247000.0
O03806,2026-02-19 19:52:16.227245448,C0403,Monitor,Electronics,West,3,15000,0.15,UPI,No,45000,6750.0,38250.0
O03807,2026-02-19 22:29:15.711142228,C0230,Smartphone,Electronics,East,3,40000,0.1,Cash,No,120000,12000.0,108000.0
O03808,2026-02-20 01:06:15.195039008,C0232,Webcam,Accessories,South,5,3500,0.1,Credit Card,No,17500,1750.0,15750.0
O03809,2026-02-20 03:43:14.678935784,C0091,Keyboard,Accessories,East,3,2000,0.15,UPI,No,6000,900.0,5100.0
O03810,2026-02-20 06:20:14.162832564,C0300,Laptop,Electronics,West,2,65000,0.15,Cash,No,130000,19500.0,110500.0
O03811,2026-02-20 08:57:13.646729344,C0490,Headphones,Accessories,East,5,2500,0.15,Cash,No,12500,1875.0,10625.0
O03812,2026-02-20 11:34:13.130626124,C0498,Monitor,Electronics,East,5,15000,0.1,Cash,No,75000,7500.0,67500.0
O03813,2026-02-20 14:11:12.614522904,C0482,Laptop,Electronics,East,3,65000,0.0,UPI,No,195000,0.0,195000.0
O03814,2026-02-20 16:48:12.098419684,C0185,Monitor,Electronics,East,5,15000,0.05,Cash,No,75000,3750.0,71250.0
O03815,2026-02-20 19:25:11.582316460,C0179,Mouse,Accessories,North,4,800,0.15,Debit Card,No,3200,480.0,2720.0
O03816,2026-02-20 22:02:11.066213240,C0246,Tablet,Electronics,West,5,30000,0.1,Credit Card,No,150000,15000.0,135000.0
O03817,2026-02-21 00:39:10.550110020,C0282,Headphones,Accessories,East,5,2500,0.15,UPI,No,12500,1875.0,10625.0
O03818,2026-02-21 03:16:10.034006800,C0441,Headphones,Accessories,South,3,2500,0.1,Credit Card,No,7500,750.0,6750.0
O03819,2026-02-21 05:53:09.517903580,C0301,Webcam,Accessories,North,4,3500,0.1,Debit Card,No,14000,1400.0,12600.0
O03820,2026-02-21 08:30:09.001800360,C0179,Headphones,Accessories,West,3,2500,0.05,Credit Card,No,7500,375.0,7125.0
O03821,2026-02-21 11:07:08.485697136,C0389,Smartphone,Electronics,South,3,40000,0.15,Debit Card,No,120000,18000.0,102000.0
O03822,2026-02-21 13:44:07.969593916,C0205,Keyboard,Accessories,West,2,2000,0.0,UPI,No,4000,0.0,4000.0
O03823,2026-02-21 16:21:07.453490696,C0411,Webcam,Accessories,South,1,3500,0.0,UPI,No,3500,0.0,3500.0
O03824,2026-02-21 18:58:06.937387476,C0372,Tablet,Electronics,South,2,30000,0.0,Debit Card,No,60000,0.0,60000.0
O03825,2026-02-21 21:35:06.421284256,C0275,Laptop,Electronics,East,3,65000,0.1,Credit Card,No,195000,19500.0,175500.0
O03826,2026-02-22 00:12:05.905181032,C0158,Laptop,Electronics,South,1,65000,0.0,UPI,No,65000,0.0,65000.0
O03827,2026-02-22 02:49:05.389077816,C0434,Webcam,Accessories,North,5,3500,0.05,UPI,No,17500,875.0,16625.0
O03828,2026-02-22 05:26:04.872974592,C0416,Tablet,Electronics,North,1,30000,0.15,Cash,No,30000,4500.0,25500.0
O03829,2026-02-22 08:03:04.356871376,C0458,Monitor,Electronics,East,3,15000,0.1,Cash,No,45000,4500.0,40500.0
O03830,2026-02-22 10:40:03.840768152,C0171,Tablet,Electronics,South,5,30000,0.1,Debit Card,No,150000,15000.0,135000.0
O03831,2026-02-22 13:17:03.324664928,C0116,Mouse,Accessories,East,2,800,0.15,Debit Card,No,1600,240.0,1360.0
O03832,2026-02-22 15:54:02.808561712,C0052,Mouse,Accessories,South,2,800,0.15,Credit Card,No,1600,240.0,1360.0
O03833,2026-02-22 18:31:02.292458488,C0208,Laptop,Electronics,West,1,65000,0.15,Cash,No,65000,9750.0,55250.0
O03834,2026-02-22 21:08:01.776355272,C0093,Tablet,Electronics,South,5,30000,0.0,UPI,No,150000,0.0,150000.0
O03835,2026-02-22 23:45:01.260252048,C0427,Tablet,Electronics,South,4,30000,0.05,Debit Card,Yes,120000,6000.0,114000.0
O03836,2026-02-23 02:22:00.744148832,C0261,Tablet,Electronics,South,3,30000,0.0,Debit Card,No,90000,0.0,90000.0
O03837,2026-02-23 04:59:00.228045608,C0392,Webcam,Accessories,South,2,3500,0.05,UPI,Yes,7000,350.0,6650.0
O03838,2026-02-23 07:35:59.711942384,C0126,Webcam,Accessories,East,3,3500,0.05,Credit Card,No,10500,525.0,9975.0
O03839,2026-02-23 10:12:59.195839168,C0157,Monitor,Electronics,South,4,15000,0.05,Debit Card,Yes,60000,3000.0,57000.0
O03840,2026-02-23 12:49:58.679735944,C0159,Laptop,Electronics,West,4,65000,0.0,Debit Card,No,260000,0.0,260000.0
O03841,2026-02-23 15:26:58.163632728,C0191,Headphones,Accessories,South,3,2500,0.05,Cash,No,7500,375.0,7125.0
O03842,2026-02-23 18:03:57.647529504,C0412,Headphones,Accessories,North,2,2500,0.1,Debit Card,No,5000,500.0,4500.0
O03843,2026-02-23 20:40:57.131426280,C0243,Webcam,Accessories,West,4,3500,0.0,UPI,No,14000,0.0,14000.0
O03844,2026-02-23 23:17:56.615323064,C0073,Laptop,Electronics,East,1,65000,0.15,Debit Card,No,65000,9750.0,55250.0
O03845,2026-02-24 01:54:56.099219840,C0444,Monitor,Electronics,South,3,15000,0.15,Cash,Yes,45000,6750.0,38250.0
O03846,2026-02-24 04:31:55.583116624,C0067,Webcam,Accessories,South,3,3500,0.0,Debit Card,No,10500,0.0,10500.0
O03847,2026-02-24 07:08:55.067013400,C0266,Monitor,Electronics,South,1,15000,0.1,Debit Card,No,15000,1500.0,13500.0
O03848,2026-02-24 09:45:54.550910184,C0496,Keyboard,Accessories,East,2,2000,0.1,Credit Card,No,4000,400.0,3600.0
O03849,2026-02-24 12:22:54.034806960,C0362,Webcam,Accessories,North,2,3500,0.15,Cash,No,7000,1050.0,5950.0
O03850,2026-02-24 14:59:53.518703736,C0257,Laptop,Electronics,East,4,65000,0.05,Credit Card,No,260000,13000.0,247000.0
O03851,2026-02-24 17:36:53.002600520,C0457,Headphones,Accessories,West,5,2500,0.1,Debit Card,No,12500,1250.0,11250.0
O03852,2026-02-24 20:13:52.486497296,C0334,Tablet,Electronics,East,4,30000,0.0,Cash,No,120000,0.0,120000.0
O03853,2026-02-24 22:50:51.970394080,C0359,Keyboard,Accessories,South,2,2000,0.15,Cash,No,4000,600.0,3400.0
O03854,2026-02-25 01:27:51.454290856,C0410,Laptop,Electronics,South,4,65000,0.05,Debit Card,No,260000,13000.0,247000.0
O03855,2026-02-25 04:04:50.938187632,C0342,Smartphone,Electronics,South,1,40000,0.1,Credit Card,No,40000,4000.0,36000.0
O03856,2026-02-25 06:41:50.422084416,C0116,Webcam,Accessories,East,3,3500,0.1,UPI,No,10500,1050.0,9450.0
O03857,2026-02-25 09:18:49.905981192,C0335,Tablet,Electronics,East,5,30000,0.1,Debit Card,No,150000,15000.0,135000.0
O03858,2026-02-25 11:55:49.389877976,C0030,Monitor,Electronics,South,4,15000,0.05,UPI,No,60000,3000.0,57000.0
O03859,2026-02-25 14:32:48.873774752,C0462,Headphones,Accessories,North,1,2500,0.05,Cash,No,2500,125.0,2375.0
O03860,2026-02-25 17:09:48.357671536,C0321,Webcam,Accessories,East,5,3500,0.15,UPI,No,17500,2625.0,14875.0
O03861,2026-02-25 19:46:47.841568312,C0143,Smartphone,Electronics,North,3,40000,0.0,UPI,No,120000,0.0,120000.0
O03862,2026-02-25 22:23:47.325465088,C0063,Keyboard,Accessories,South,4,2000,0.15,UPI,No,8000,1200.0,6800.0
O03863,2026-02-26 01:00:46.809361872,C0191,Monitor,Electronics,North,3,15000,0.1,UPI,No,45000,4500.0,40500.0
O03864,2026-02-26 03:37:46.293258648,C0349,Laptop,Electronics,South,5,65000,0.0,UPI,No,325000,0.0,325000.0
O03865,2026-02-26 06:14:45.777155432,C0415,Smartphone,Electronics,North,1,40000,0.05,Cash,No,40000,2000.0,38000.0
O03866,2026-02-26 08:51:45.261052208,C0445,Webcam,Accessories,West,3,3500,0.15,Cash,No,10500,1575.0,8925.0
O03867,2026-02-26 11:28:44.744948992,C0023,Keyboard,Accessories,East,4,2000,0.1,Credit Card,No,8000,800.0,7200.0
O03868,2026-02-26 14:05:44.228845768,C0361,Tablet,Electronics,East,1,30000,0.1,Cash,No,30000,3000.0,27000.0
O03869,2026-02-26 16:42:43.712742544,C0013,Tablet,Electronics,North,4,30000,0.1,Debit Card,No,120000,12000.0,108000.0
O03870,2026-02-26 19:19:43.196639328,C0106,Laptop,Electronics,East,3,65000,0.15,Cash,No,195000,29250.0,165750.0
O03871,2026-02-26 21:56:42.680536104,C0036,Keyboard,Accessories,South,2,2000,0.0,Credit Card,No,4000,0.0,4000.0
O03872,2026-02-27 00:33:42.164432888,C0492,Headphones,Accessories,East,1,2500,0.05,Cash,No,2500,125.0,2375.0
O03873,2026-02-27 03:10:41.648329664,C0181,Smartphone,Electronics,South,1,40000,0.0,UPI,No,40000,0.0,40000.0
O03874,2026-02-27 05:47:41.132226440,C0152,Laptop,Electronics,West,1,65000,0.0,Credit Card,No,65000,0.0,65000.0
O03875,2026-02-27 08:24:40.616123224,C0157,Monitor,Electronics,North,5,15000,0.15,Debit Card,No,75000,11250.0,63750.0
O03876,2026-02-27 11:01:40.100020000,C0363,Tablet,Electronics,North,1,30000,0.15,UPI,No,30000,4500.0,25500.0
O03877,2026-02-27 13:38:39.583916784,C0083,Monitor,Electronics,South,2,15000,0.1,UPI,No,30000,3000.0,27000.0
O03878,2026-02-27 16:15:39.067813560,C0042,Mouse,Accessories,South,5,800,0.1,Debit Card,No,4000,400.0,3600.0
O03879,2026-02-27 18:52:38.551710344,C0027,Tablet,Electronics,West,4,30000,0.1,Cash,Yes,120000,12000.0,108000.0
O03880,2026-02-27 21:29:38.035607120,C0480,Laptop,Electronics,West,2,65000,0.0,UPI,No,130000,0.0,130000.0
O03881,2026-02-28 00:06:37.519503896,C0127,Headphones,Accessories,West,2,2500,0.05,Cash,No,5000,250.0,4750.0
O03882,2026-02-28 02:43:37.003400680,C0239,Webcam,Accessories,West,1,3500,0.1,Cash,No,3500,350.0,3150.0
O03883,2026-02-28 05:20:36.487297456,C0352,Smartphone,Electronics,East,3,40000,0.05,Credit Card,No,120000,6000.0,114000.0
O03884,2026-02-28 07:57:35.971194240,C0291,Monitor,Electronics,West,1,15000,0.1,UPI,No,15000,1500.0,13500.0
O03885,2026-02-28 10:34:35.455091016,C0351,Monitor,Electronics,East,2,15000,0.0,Debit Card,No,30000,0.0,30000.0
O03886,2026-02-28 13:11:34.938987792,C0287,Monitor,Electronics,North,3,15000,0.1,Cash,No,45000,4500.0,40500.0
O03887,2026-02-28 15:48:34.422884576,C0158,Tablet,Electronics,East,1,30000,0.05,Credit Card,No,30000,1500.0,28500.0
O03888,2026-02-28 18:25:33.906781352,C0228,Smartphone,Electronics,West,5,40000,0.15,Cash,No,200000,30000.0,170000.0
O03889,2026-02-28 21:02:33.390678136,C0389,Laptop,Electronics,West,3,65000,0.15,UPI,No,195000,29250.0,165750.0
O03890,2026-02-28 23:39:32.874574912,C0134,Smartphone,Electronics,East,3,40000,0.0,Cash,No,120000,0.0,120000.0
O03891,2026-03-01 02:16:32.358471696,C0484,Webcam,Accessories,South,5,3500,0.15,UPI,No,17500,2625.0,14875.0
O03892,2026-03-01 04:53:31.842368472,C0257,Monitor,Electronics,South,2,15000,0.1,Debit Card,No,30000,3000.0,27000.0
O03893,2026-03-01 07:30:31.326265248,C0417,Mouse,Accessories,East,3,800,0.05,Cash,No,2400,120.0,2280.0
O03894,2026-03-01 10:07:30.810162032,C0500,Monitor,Electronics,West,2,15000,0.1,Debit Card,No,30000,3000.0,27000.0
O03895,2026-03-01 12:44:30.294058808,C0403,Keyboard,Accessories,East,4,2000,0.05,Credit Card,No,8000,400.0,7600.0
O03896,2026-03-01 15:21:29.777955592,C0004,Laptop,Electronics,East,4,65000,0.05,Credit Card,No,260000,13000.0,247000.0
O03897,2026-03-01 17:58:29.261852368,C0218,Tablet,Electronics,East,5,30000,0.05,Credit Card,No,150000,7500.0,142500.0
O03898,2026-03-01 20:35:28.745749152,C0495,Keyboard,Accessories,North,1,2000,0.05,Cash,No,2000,100.0,1900.0
O03899,2026-03-01 23:12:28.229645928,C0221,Tablet,Electronics,South,4,30000,0.0,UPI,No,120000,0.0,120000.0
O03900,2026-03-02 01:49:27.713542704,C0498,Headphones,Accessories,West,1,2500,0.0,Debit Card,No,2500,0.0,2500.0
O03901,2026-03-02 04:26:27.197439488,C0027,Monitor,Electronics,South,4,15000,0.0,Debit Card,No,60000,0.0,60000.0
O03902,2026-03-02 07:03:26.681336264,C0418,Mouse,Accessories,East,4,800,0.05,Cash,No,3200,160.0,3040.0
O03903,2026-03-02 09:40:26.165233048,C0162,Smartphone,Electronics,West,5,40000,0.05,Cash,No,200000,10000.0,190000.0
O03904,2026-03-02 12:17:25.649129824,C0059,Tablet,Electronics,South,5,30000,0.05,Debit Card,No,150000,7500.0,142500.0
O03905,2026-03-02 14:54:25.133026600,C0075,Laptop,Electronics,South,4,65000,0.1,Debit Card,No,260000,26000.0,234000.0
O03906,2026-03-02 17:31:24.616923384,C0118,Laptop,Electronics,North,4,65000,0.15,Credit Card,No,260000,39000.0,221000.0
O03907,2026-03-02 20:08:24.100820160,C0120,Monitor,Electronics,East,4,15000,0.1,Cash,No,60000,6000.0,54000.0
O03908,2026-03-02 22:45:23.584716944,C0202,Laptop,Electronics,South,1,65000,0.1,Credit Card,No,65000,6500.0,58500.0
O03909,2026-03-03 01:22:23.068613720,C0308,Smartphone,Electronics,West,1,40000,0.05,UPI,No,40000,2000.0,38000.0
O03910,2026-03-03 03:59:22.552510504,C0368,Webcam,Accessories,East,1,3500,0.1,UPI,No,3500,350.0,3150.0
O03911,2026-03-03 06:36:22.036407280,C0248,Monitor,Electronics,East,3,15000,0.15,Debit Card,Yes,45000,6750.0,38250.0
O03912,2026-03-03 09:13:21.520304056,C0436,Tablet,Electronics,North,4,30000,0.05,UPI,No,120000,6000.0,114000.0
O03913,2026-03-03 11:50:21.004200840,C0143,Webcam,Accessories,East,2,3500,0.05,Debit Card,No,7000,350.0,6650.0
O03914,2026-03-03 14:27:20.488097616,C0046,Tablet,Electronics,South,3,30000,0.1,Debit Card,No,90000,9000.0,81000.0
O03915,2026-03-03 17:04:19.971994400,C0453,Monitor,Electronics,South,4,15000,0.1,UPI,No,60000,6000.0,54000.0
O03916,2026-03-03 19:41:19.455891176,C0009,Smartphone,Electronics,East,2,40000,0.1,Credit Card,No,80000,8000.0,72000.0
O03917,2026-03-03 22:18:18.939787960,C0120,Monitor,Electronics,North,2,15000,0.0,Credit Card,No,30000,0.0,30000.0
O03918,2026-03-04 00:55:18.423684736,C0059,Keyboard,Accessories,West,5,2000,0.1,Cash,No,10000,1000.0,9000.0
O03919,2026-03-04 03:32:17.907581512,C0123,Monitor,Electronics,North,1,15000,0.1,Credit Card,No,15000,1500.0,13500.0
O03920,2026-03-04 06:09:17.391478296,C0292,Webcam,Accessories,South,3,3500,0.05,UPI,No,10500,525.0,9975.0
O03921,2026-03-04 08:46:16.875375072,C0387,Smartphone,Electronics,East,4,40000,0.0,Debit Card,No,160000,0.0,160000.0
O03922,2026-03-04 11:23:16.359271856,C0377,Keyboard,Accessories,West,2,2000,0.05,Debit Card,No,4000,200.0,3800.0
O03923,2026-03-04 14:00:15.843168632,C0100,Tablet,Electronics,North,2,30000,0.0,Cash,No,60000,0.0,60000.0
O03924,2026-03-04 16:37:15.327065408,C0471,Smartphone,Electronics,West,4,40000,0.1,Debit Card,No,160000,16000.0,144000.0
O03925,2026-03-04 19:14:14.810962192,C0408,Headphones,Accessories,East,4,2500,0.05,Credit Card,No,10000,500.0,9500.0
O03926,2026-03-04 21:51:14.294858968,C0177,Monitor,Electronics,East,2,15000,0.15,Credit Card,No,30000,4500.0,25500.0
O03927,2026-03-05 00:28:13.778755752,C0094,Mouse,Accessories,West,5,800,0.05,UPI,No,4000,200.0,3800.0
O03928,2026-03-05 03:05:13.262652528,C0413,Mouse,Accessories,West,3,800,0.1,Debit Card,Yes,2400,240.0,2160.0
O03929,2026-03-05 05:42:12.746549312,C0459,Webcam,Accessories,West,1,3500,0.1,Cash,Yes,3500,350.0,3150.0
O03930,2026-03-05 08:19:12.230446088,C0434,Smartphone,Electronics,South,4,40000,0.0,Credit Card,No,160000,0.0,160000.0
O03931,2026-03-05 10:56:11.714342864,C0415,Smartphone,Electronics,West,5,40000,0.15,Debit Card,No,200000,30000.0,170000.0
O03932,2026-03-05 13:33:11.198239648,C0095,Headphones,Accessories,East,4,2500,0.1,Credit Card,No,10000,1000.0,9000.0
O03933,2026-03-05 16:10:10.682136424,C0332,Keyboard,Accessories,West,2,2000,0.0,Cash,No,4000,0.0,4000.0
O03934,2026-03-05 18:47:10.166033208,C0230,Headphones,Accessories,West,1,2500,0.1,Debit Card,No,2500,250.0,2250.0
O03935,2026-03-05 21:24:09.649929984,C0114,Mouse,Accessories,South,5,800,0.1,Cash,No,4000,400.0,3600.0
O03936,2026-03-06 00:01:09.133826760,C0424,Webcam,Accessories,North,1,3500,0.05,Credit Card,No,3500,175.0,3325.0
O03937,2026-03-06 02:38:08.617723544,C0265,Tablet,Electronics,West,4,30000,0.15,Debit Card,No,120000,18000.0,102000.0
O03938,2026-03-06 05:15:08.101620320,C0165,Webcam,Accessories,East,1,3500,0.15,UPI,No,3500,525.0,2975.0
O03939,2026-03-06 07:52:07.585517104,C0021,Tablet,Electronics,East,2,30000,0.15,Debit Card,No,60000,9000.0,51000.0
O03940,2026-03-06 10:29:07.069413880,C0450,Headphones,Accessories,East,3,2500,0.1,Credit Card,No,7500,750.0,6750.0
O03941,2026-03-06 13:06:06.553310664,C0442,Webcam,Accessories,West,5,3500,0.15,Credit Card,Yes,17500,2625.0,14875.0
O03942,2026-03-06 15:43:06.037207440,C0260,Webcam,Accessories,North,2,3500,0.0,Credit Card,No,7000,0.0,7000.0
O03943,2026-03-06 18:20:05.521104216,C0318,Smartphone,Electronics,West,2,40000,0.1,Debit Card,No,80000,8000.0,72000.0
O03944,2026-03-06 20:57:05.005001000,C0245,Headphones,Accessories,North,5,2500,0.1,Debit Card,No,12500,1250.0,11250.0
O03945,2026-03-06 23:34:04.488897776,C0133,Webcam,Accessories,West,1,3500,0.0,Debit Card,No,3500,0.0,3500.0
O03946,2026-03-07 02:11:03.972794560,C0351,Smartphone,Electronics,South,5,40000,0.0,Debit Card,No,200000,0.0,200000.0
O03947,2026-03-07 04:48:03.456691336,C0155,Monitor,Electronics,West,2,15000,0.0,Credit Card,No,30000,0.0,30000.0
O03948,2026-03-07 07:25:02.940588120,C0257,Tablet,Electronics,South,2,30000,0.05,Debit Card,No,60000,3000.0,57000.0
O03949,2026-03-07 10:02:02.424484896,C0395,Tablet,Electronics,South,5,30000,0.0,Credit Card,No,150000,0.0,150000.0
O03950,2026-03-07 12:39:01.908381672,C0405,Laptop,Electronics,South,2,65000,0.15,Debit Card,No,130000,19500.0,110500.0
O03951,2026-03-07 15:16:01.392278456,C0123,Mouse,Accessories,West,4,800,0.15,Debit Card,No,3200,480.0,2720.0
O03952,2026-03-07 17:53:00.876175232,C0282,Mouse,Accessories,East,2,800,0.1,Cash,No,1600,160.0,1440.0
O03953,2026-03-07 20:30:00.360072016,C0450,Monitor,Electronics,South,5,15000,0.1,Cash,No,75000,7500.0,67500.0
O03954,2026-03-07 23:06:59.843968792,C0291,Webcam,Accessories,South,3,3500,0.05,Cash,No,10500,525.0,9975.0
O03955,2026-03-08 01:43:59.327865568,C0422,Keyboard,Accessories,West,2,2000,0.1,Cash,No,4000,400.0,3600.0
O03956,2026-03-08 04:20:58.811762352,C0456,Webcam,Accessories,North,1,3500,0.0,UPI,Yes,3500,0.0,3500.0
O03957,2026-03-08 06:57:58.295659128,C0122,Smartphone,Electronics,East,2,40000,0.0,Cash,No,80000,0.0,80000.0
O03958,2026-03-08 09:34:57.779555912,C0397,Smartphone,Electronics,South,2,40000,0.05,UPI,No,80000,4000.0,76000.0
O03959,2026-03-08 12:11:57.263452688,C0142,Webcam,Accessories,South,4,3500,0.1,Cash,No,14000,1400.0,12600.0
O03960,2026-03-08 14:48:56.747349472,C0428,Mouse,Accessories,East,5,800,0.0,Credit Card,No,4000,0.0,4000.0
O03961,2026-03-08 17:25:56.231246248,C0186,Keyboard,Accessories,South,2,2000,0.15,UPI,No,4000,600.0,3400.0
O03962,2026-03-08 20:02:55.715143024,C0103,Laptop,Electronics,South,4,65000,0.1,UPI,No,260000,26000.0,234000.0
O03963,2026-03-08 22:39:55.199039808,C0360,Mouse,Accessories,South,3,800,0.15,UPI,No,2400,360.0,2040.0
O03964,2026-03-09 01:16:54.682936584,C0269,Tablet,Electronics,East,4,30000,0.1,Debit Card,No,120000,12000.0,108000.0
O03965,2026-03-09 03:53:54.166833368,C0103,Keyboard,Accessories,North,1,2000,0.1,UPI,No,2000,200.0,1800.0
O03966,2026-03-09 06:30:53.650730144,C0140,Monitor,Electronics,North,1,15000,0.05,Debit Card,No,15000,750.0,14250.0
O03967,2026-03-09 09:07:53.134626920,C0096,Laptop,Electronics,South,3,65000,0.0,Debit Card,Yes,195000,0.0,195000.0
O03968,2026-03-09 11:44:52.618523704,C0454,Monitor,Electronics,South,3,15000,0.0,Credit Card,No,45000,0.0,45000.0
O03969,2026-03-09 14:21:52.102420480,C0466,Webcam,Accessories,North,5,3500,0.05,Debit Card,No,17500,875.0,16625.0
O03970,2026-03-09 16:58:51.586317264,C0116,Tablet,Electronics,North,5,30000,0.1,Debit Card,Yes,150000,15000.0,135000.0
O03971,2026-03-09 19:35:51.070214040,C0210,Keyboard,Accessories,North,1,2000,0.05,UPI,No,2000,100.0,1900.0
O03972,2026-03-09 22:12:50.554110824,C0394,Headphones,Accessories,West,2,2500,0.1,Debit Card,No,5000,500.0,4500.0
O03973,2026-03-10 00:49:50.038007600,C0423,Webcam,Accessories,East,4,3500,0.05,Debit Card,No,14000,700.0,13300.0
O03974,2026-03-10 03:26:49.521904376,C0280,Mouse,Accessories,East,1,800,0.15,Cash,Yes,800,120.0,680.0
O03975,2026-03-10 06:03:49.005801160,C0394,Monitor,Electronics,West,3,15000,0.0,Debit Card,No,45000,0.0,45000.0
O03976,2026-03-10 08:40:48.489697936,C0062,Monitor,Electronics,East,2,15000,0.05,Credit Card,No,30000,1500.0,28500.0
O03977,2026-03-10 11:17:47.973594720,C0278,Monitor,Electronics,West,2,15000,0.1,Debit Card,No,30000,3000.0,27000.0
O03978,2026-03-10 13:54:47.457491496,C0495,Tablet,Electronics,South,3,30000,0.0,Credit Card,No,90000,0.0,90000.0
O03979,2026-03-10 16:31:46.941388280,C0444,Keyboard,Accessories,East,5,2000,0.05,UPI,No,10000,500.0,9500.0
O03980,2026-03-10 19:08:46.425285056,C0474,Webcam,Accessories,East,5,3500,0.05,Debit Card,No,17500,875.0,16625.0
O03981,2026-03-10 21:45:45.909181832,C0351,Laptop,Electronics,South,2,65000,0.1,UPI,No,130000,13000.0,117000.0
O03982,2026-03-11 00:22:45.393078616,C0378,Laptop,Electronics,West,2,65000,0.1,Credit Card,No,130000,13000.0,117000.0
O03983,2026-03-11 02:59:44.876975392,C0363,Tablet,Electronics,West,2,30000,0.0,UPI,Yes,60000,0.0,60000.0
O03984,2026-03-11 05:36:44.360872176,C0374,Monitor,Electronics,West,5,15000,0.1,Credit Card,No,75000,7500.0,67500.0
O03985,2026-03-11 08:13:43.844768952,C0432,Smartphone,Electronics,South,3,40000,0.15,Cash,No,120000,18000.0,102000.0
O03986,2026-03-11 10:50:43.328665728,C0208,Laptop,Electronics,South,3,65000,0.1,Credit Card,No,195000,19500.0,175500.0
O03987,2026-03-11 13:27:42.812562512,C0455,Keyboard,Accessories,East,3,2000,0.1,Cash,No,6000,600.0,5400.0
O03988,2026-03-11 16:04:42.296459288,C0212,Tablet,Electronics,East,2,30000,0.0,Credit Card,No,60000,0.0,60000.0
O03989,2026-03-11 18:41:41.780356072,C0346,Mouse,Accessories,West,3,800,0.15,UPI,No,2400,360.0,2040.0
O03990,2026-03-11 21:18:41.264252848,C0121,Laptop,Electronics,South,5,65000,0.05,Debit Card,No,325000,16250.0,308750.0
O03991,2026-03-11 23:55:40.748149632,C0465,Headphones,Accessories,West,1,2500,0.05,Credit Card,No,2500,125.0,2375.0
O03992,2026-03-12 02:32:40.232046408,C0480,Smartphone,Electronics,West,5,40000,0.1,Credit Card,No,200000,20000.0,180000.0
O03993,2026-03-12 05:09:39.715943184,C0147,Tablet,Electronics,North,5,30000,0.0,Cash,No,150000,0.0,150000.0
O03994,2026-03-12 07:46:39.199839968,C0204,Monitor,Electronics,South,2,15000,0.0,UPI,No,30000,0.0,30000.0
O03995,2026-03-12 10:23:38.683736744,C0454,Webcam,Accessories,East,3,3500,0.15,UPI,No,10500,1575.0,8925.0
O03996,2026-03-12 13:00:38.167633528,C0367,Monitor,Electronics,East,2,15000,0.0,Credit Card,No,30000,0.0,30000.0
O03997,2026-03-12 15:37:37.651530304,C0071,Webcam,Accessories,South,3,3500,0.15,UPI,No,10500,1575.0,8925.0
O03998,2026-03-12 18:14:37.135427080,C0249,Keyboard,Accessories,East,4,2000,0.05,Credit Card,No,8000,400.0,7600.0
O03999,2026-03-12 20:51:36.619323864,C0212,Headphones,Accessories,East,5,2500,0.1,UPI,No,12500,1250.0,11250.0
O04000,2026-03-12 23:28:36.103220640,C0476,Headphones,Accessories,West,2,2500,0.1,Credit Card,No,5000,500.0,4500.0
O04001,2026-03-13 02:05:35.587117424,C0259,Webcam,Accessories,East,1,3500,0.0,UPI,No,3500,0.0,3500.0
O04002,2026-03-13 04:42:35.071014200,C0135,Headphones,Accessories,West,1,2500,0.15,Cash,No,2500,375.0,2125.0
O04003,2026-03-13 07:19:34.554910984,C0023,Headphones,Accessories,North,1,2500,0.0,UPI,No,2500,0.0,2500.0
O04004,2026-03-13 09:56:34.038807760,C0417,Tablet,Electronics,East,2,30000,0.15,UPI,No,60000,9000.0,51000.0
O04005,2026-03-13 12:33:33.522704536,C0338,Monitor,Electronics,West,2,15000,0.1,UPI,No,30000,3000.0,27000.0
O04006,2026-03-13 15:10:33.006601320,C0378,Webcam,Accessories,East,3,3500,0.1,Cash,No,10500,1050.0,9450.0
O04007,2026-03-13 17:47:32.490498096,C0461,Mouse,Accessories,North,2,800,0.05,Debit Card,No,1600,80.0,1520.0
O04008,2026-03-13 20:24:31.974394880,C0125,Mouse,Accessories,West,4,800,0.1,Credit Card,No,3200,320.0,2880.0
O04009,2026-03-13 23:01:31.458291656,C0087,Smartphone,Electronics,North,3,40000,0.15,Credit Card,No,120000,18000.0,102000.0
O04010,2026-03-14 01:38:30.942188440,C0405,Smartphone,Electronics,East,3,40000,0.0,Cash,No,120000,0.0,120000.0
O04011,2026-03-14 04:15:30.426085216,C0061,Smartphone,Electronics,South,1,40000,0.0,Credit Card,No,40000,0.0,40000.0
O04012,2026-03-14 06:52:29.909981992,C0428,Tablet,Electronics,West,5,30000,0.05,Credit Card,No,150000,7500.0,142500.0
O04013,2026-03-14 09:29:29.393878776,C0040,Mouse,Accessories,South,4,800,0.0,UPI,No,3200,0.0,3200.0
O04014,2026-03-14 12:06:28.877775552,C0439,Mouse,Accessories,East,3,800,0.1,Credit Card,No,2400,240.0,2160.0
O04015,2026-03-14 14:43:28.361672336,C0138,Monitor,Electronics,North,5,15000,0.05,Cash,No,75000,3750.0,71250.0
O04016,2026-03-14 17:20:27.845569112,C0309,Monitor,Electronics,East,1,15000,0.0,Debit Card,No,15000,0.0,15000.0
O04017,2026-03-14 19:57:27.329465888,C0053,Keyboard,Accessories,East,2,2000,0.0,Credit Card,No,4000,0.0,4000.0
O04018,2026-03-14 22:34:26.813362672,C0421,Smartphone,Electronics,West,4,40000,0.05,Cash,No,160000,8000.0,152000.0
O04019,2026-03-15 01:11:26.297259448,C0359,Mouse,Accessories,West,3,800,0.1,Cash,No,2400,240.0,2160.0
O04020,2026-03-15 03:48:25.781156232,C0096,Headphones,Accessories,East,5,2500,0.15,Debit Card,No,12500,1875.0,10625.0
O04021,2026-03-15 06:25:25.265053008,C0365,Tablet,Electronics,West,1,30000,0.0,Credit Card,No,30000,0.0,30000.0
O04022,2026-03-15 09:02:24.748949792,C0321,Webcam,Accessories,West,2,3500,0.0,Cash,No,7000,0.0,7000.0
O04023,2026-03-15 11:39:24.232846568,C0302,Laptop,Electronics,North,5,65000,0.15,UPI,No,325000,48750.0,276250.0
O04024,2026-03-15 14:16:23.716743344,C0094,Monitor,Electronics,South,3,15000,0.05,Credit Card,No,45000,2250.0,42750.0
O04025,2026-03-15 16:53:23.200640128,C0381,Headphones,Accessories,North,3,2500,0.1,UPI,No,7500,750.0,6750.0
O04026,2026-03-15 19:30:22.684536904,C0416,Mouse,Accessories,East,4,800,0.15,UPI,No,3200,480.0,2720.0
O04027,2026-03-15 22:07:22.168433688,C0469,Monitor,Electronics,East,2,15000,0.0,Debit Card,No,30000,0.0,30000.0
O04028,2026-03-16 00:44:21.652330464,C0170,Headphones,Accessories,West,5,2500,0.0,Cash,Yes,12500,0.0,12500.0
O04029,2026-03-16 03:21:21.136227240,C0446,Smartphone,Electronics,North,3,40000,0.1,Debit Card,No,120000,12000.0,108000.0
O04030,2026-03-16 05:58:20.620124024,C0484,Headphones,Accessories,East,1,2500,0.15,UPI,No,2500,375.0,2125.0
O04031,2026-03-16 08:35:20.104020800,C0479,Headphones,Accessories,North,1,2500,0.0,UPI,No,2500,0.0,2500.0
O04032,2026-03-16 11:12:19.587917584,C0231,Keyboard,Accessories,West,3,2000,0.05,UPI,No,6000,300.0,5700.0
O04033,2026-03-16 13:49:19.071814360,C0457,Laptop,Electronics,North,1,65000,0.15,UPI,No,65000,9750.0,55250.0
O04034,2026-03-16 16:26:18.555711144,C0349,Monitor,Electronics,South,4,15000,0.0,Cash,No,60000,0.0,60000.0
O04035,2026-03-16 19:03:18.039607920,C0112,Monitor,Electronics,East,3,15000,0.0,Credit Card,No,45000,0.0,45000.0
O04036,2026-03-16 21:40:17.523504696,C0317,Smartphone,Electronics,North,2,40000,0.1,Cash,No,80000,8000.0,72000.0
O04037,2026-03-17 00:17:17.007401480,C0422,Keyboard,Accessories,East,4,2000,0.1,Debit Card,No,8000,800.0,7200.0
O04038,2026-03-17 02:54:16.491298256,C0106,Mouse,Accessories,West,2,800,0.15,Debit Card,No,1600,240.0,1360.0
O04039,2026-03-17 05:31:15.975195040,C0381,Smartphone,Electronics,East,3,40000,0.0,Credit Card,No,120000,0.0,120000.0
O04040,2026-03-17 08:08:15.459091816,C0060,Smartphone,Electronics,South,5,40000,0.1,Cash,No,200000,20000.0,180000.0
O04041,2026-03-17 10:45:14.942988600,C0333,Smartphone,Electronics,South,1,40000,0.05,Credit Card,No,40000,2000.0,38000.0
O04042,2026-03-17 13:22:14.426885376,C0270,Keyboard,Accessories,North,5,2000,0.05,Debit Card,No,10000,500.0,9500.0
O04043,2026-03-17 15:59:13.910782152,C0157,Webcam,Accessories,West,5,3500,0.1,UPI,No,17500,1750.0,15750.0
O04044,2026-03-17 18:36:13.394678936,C0326,Mouse,Accessories,West,2,800,0.1,Debit Card,No,1600,160.0,1440.0
O04045,2026-03-17 21:13:12.878575712,C0227,Monitor,Electronics,North,2,15000,0.05,Cash,No,30000,1500.0,28500.0
O04046,2026-03-17 23:50:12.362472496,C0385,Webcam,Accessories,East,4,3500,0.1,UPI,No,14000,1400.0,12600.0
O04047,2026-03-18 02:27:11.846369272,C0495,Keyboard,Accessories,East,1,2000,0.0,Cash,No,2000,0.0,2000.0
O04048,2026-03-18 05:04:11.330266048,C0360,Smartphone,Electronics,East,3,40000,0.0,Debit Card,No,120000,0.0,120000.0
O04049,2026-03-18 07:41:10.814162832,C0320,Mouse,Accessories,East,4,800,0.1,Cash,No,3200,320.0,2880.0
O04050,2026-03-18 10:18:10.298059608,C0045,Mouse,Accessories,West,3,800,0.05,Credit Card,No,2400,120.0,2280.0
O04051,2026-03-18 12:55:09.781956392,C0033,Monitor,Electronics,North,1,15000,0.0,Credit Card,No,15000,0.0,15000.0
O04052,2026-03-18 15:32:09.265853168,C0061,Webcam,Accessories,North,1,3500,0.15,UPI,No,3500,525.0,2975.0
O04053,2026-03-18 18:09:08.749749952,C0010,Keyboard,Accessories,North,1,2000,0.15,Credit Card,No,2000,300.0,1700.0
O04054,2026-03-18 20:46:08.233646728,C0491,Laptop,Electronics,East,5,65000,0.05,Cash,No,325000,16250.0,308750.0
O04055,2026-03-18 23:23:07.717543504,C0021,Mouse,Accessories,West,1,800,0.15,Credit Card,No,800,120.0,680.0
O04056,2026-03-19 02:00:07.201440288,C0429,Monitor,Electronics,North,3,15000,0.05,Credit Card,No,45000,2250.0,42750.0
O04057,2026-03-19 04:37:06.685337064,C0487,Keyboard,Accessories,East,5,2000,0.15,UPI,No,10000,1500.0,8500.0
O04058,2026-03-19 07:14:06.169233848,C0053,Webcam,Accessories,North,5,3500,0.0,UPI,Yes,17500,0.0,17500.0
O04059,2026-03-19 09:51:05.653130624,C0339,Monitor,Electronics,North,4,15000,0.15,Cash,No,60000,9000.0,51000.0
O04060,2026-03-19 12:28:05.137027400,C0483,Monitor,Electronics,West,1,15000,0.0,Cash,No,15000,0.0,15000.0
O04061,2026-03-19 15:05:04.620924184,C0181,Smartphone,Electronics,North,5,40000,0.1,Credit Card,No,200000,20000.0,180000.0
O04062,2026-03-19 17:42:04.104820960,C0238,Webcam,Accessories,West,4,3500,0.15,Debit Card,No,14000,2100.0,11900.0
O04063,2026-03-19 20:19:03.588717744,C0190,Keyboard,Accessories,East,1,2000,0.1,Debit Card,No,2000,200.0,1800.0
O04064,2026-03-19 22:56:03.072614520,C0433,Keyboard,Accessories,North,5,2000,0.05,Credit Card,No,10000,500.0,9500.0
O04065,2026-03-20 01:33:02.556511304,C0443,Smartphone,Electronics,East,4,40000,0.05,Debit Card,No,160000,8000.0,152000.0
O04066,2026-03-20 04:10:02.040408080,C0180,Headphones,Accessories,North,4,2500,0.15,Credit Card,No,10000,1500.0,8500.0
O04067,2026-03-20 06:47:01.524304856,C0349,Monitor,Electronics,East,2,15000,0.05,UPI,No,30000,1500.0,28500.0
O04068,2026-03-20 09:24:01.008201640,C0432,Monitor,Electronics,South,1,15000,0.1,UPI,No,15000,1500.0,13500.0
O04069,2026-03-20 12:01:00.492098416,C0044,Headphones,Accessories,South,1,2500,0.1,Debit Card,No,2500,250.0,2250.0
O04070,2026-03-20 14:37:59.975995200,C0479,Smartphone,Electronics,West,2,40000,0.15,Debit Card,No,80000,12000.0,68000.0
O04071,2026-03-20 17:14:59.459891976,C0196,Keyboard,Accessories,North,1,2000,0.05,Credit Card,No,2000,100.0,1900.0
O04072,2026-03-20 19:51:58.943788760,C0040,Keyboard,Accessories,North,2,2000,0.15,UPI,No,4000,600.0,3400.0
O04073,2026-03-20 22:28:58.427685536,C0233,Webcam,Accessories,South,1,3500,0.1,UPI,No,3500,350.0,3150.0
O04074,2026-03-21 01:05:57.911582312,C0488,Laptop,Electronics,South,1,65000,0.15,UPI,No,65000,9750.0,55250.0
O04075,2026-03-21 03:42:57.395479096,C0344,Monitor,Electronics,West,3,15000,0.1,UPI,No,45000,4500.0,40500.0
O04076,2026-03-21 06:19:56.879375872,C0457,Tablet,Electronics,North,4,30000,0.1,UPI,No,120000,12000.0,108000.0
O04077,2026-03-21 08:56:56.363272656,C0216,Monitor,Electronics,North,1,15000,0.1,Debit Card,No,15000,1500.0,13500.0
O04078,2026-03-21 11:33:55.847169432,C0481,Webcam,Accessories,North,4,3500,0.1,Cash,No,14000,1400.0,12600.0
O04079,2026-03-21 14:10:55.331066208,C0252,Laptop,Electronics,North,2,65000,0.1,Cash,No,130000,13000.0,117000.0
O04080,2026-03-21 16:47:54.814962992,C0094,Keyboard,Accessories,East,2,2000,0.1,UPI,No,4000,400.0,3600.0
O04081,2026-03-21 19:24:54.298859768,C0446,Mouse,Accessories,North,4,800,0.1,Credit Card,No,3200,320.0,2880.0
O04082,2026-03-21 22:01:53.782756552,C0194,Headphones,Accessories,West,1,2500,0.1,Credit Card,No,2500,250.0,2250.0
O04083,2026-03-22 00:38:53.266653328,C0299,Monitor,Electronics,West,1,15000,0.1,Cash,No,15000,1500.0,13500.0
O04084,2026-03-22 03:15:52.750550112,C0419,Headphones,Accessories,East,3,2500,0.05,Credit Card,No,7500,375.0,7125.0
O04085,2026-03-22 05:52:52.234446888,C0467,Tablet,Electronics,West,1,30000,0.15,Cash,No,30000,4500.0,25500.0
O04086,2026-03-22 08:29:51.718343664,C0349,Laptop,Electronics,North,1,65000,0.1,Debit Card,No,65000,6500.0,58500.0
O04087,2026-03-22 11:06:51.202240448,C0082,Monitor,Electronics,West,1,15000,0.0,Cash,No,15000,0.0,15000.0
O04088,2026-03-22 13:43:50.686137224,C0342,Headphones,Accessories,South,2,2500,0.0,Credit Card,No,5000,0.0,5000.0
O04089,2026-03-22 16:20:50.170034008,C0416,Monitor,Electronics,South,4,15000,0.15,Debit Card,No,60000,9000.0,51000.0
O04090,2026-03-22 18:57:49.653930784,C0297,Keyboard,Accessories,North,3,2000,0.1,Cash,No,6000,600.0,5400.0
O04091,2026-03-22 21:34:49.137827560,C0022,Keyboard,Accessories,South,1,2000,0.1,Cash,No,2000,200.0,1800.0
O04092,2026-03-23 00:11:48.621724344,C0055,Monitor,Electronics,South,1,15000,0.1,Debit Card,No,15000,1500.0,13500.0
O04093,2026-03-23 02:48:48.105621120,C0305,Mouse,Accessories,South,2,800,0.05,Credit Card,No,1600,80.0,1520.0
O04094,2026-03-23 05:25:47.589517904,C0026,Tablet,Electronics,West,1,30000,0.0,Cash,No,30000,0.0,30000.0
O04095,2026-03-23 08:02:47.073414680,C0423,Laptop,Electronics,East,2,65000,0.1,UPI,No,130000,13000.0,117000.0
O04096,2026-03-23 10:39:46.557311464,C0090,Webcam,Accessories,East,2,3500,0.15,Credit Card,No,7000,1050.0,5950.0
O04097,2026-03-23 13:16:46.041208240,C0082,Smartphone,Electronics,West,4,40000,0.0,Debit Card,No,160000,0.0,160000.0
O04098,2026-03-23 15:53:45.525105016,C0268,Laptop,Electronics,North,2,65000,0.0,Credit Card,No,130000,0.0,130000.0
O04099,2026-03-23 18:30:45.009001800,C0326,Laptop,Electronics,North,5,65000,0.15,Debit Card,No,325000,48750.0,276250.0
O04100,2026-03-23 21:07:44.492898576,C0335,Keyboard,Accessories,North,4,2000,0.0,Credit Card,No,8000,0.0,8000.0
O04101,2026-03-23 23:44:43.976795360,C0453,Mouse,Accessories,South,2,800,0.15,Credit Card,No,1600,240.0,1360.0
O04102,2026-03-24 02:21:43.460692136,C0233,Smartphone,Electronics,West,2,40000,0.0,Credit Card,No,80000,0.0,80000.0
O04103,2026-03-24 04:58:42.944588920,C0458,Mouse,Accessories,North,4,800,0.15,Cash,No,3200,480.0,2720.0
O04104,2026-03-24 07:35:42.428485696,C0215,Laptop,Electronics,East,3,65000,0.1,Cash,Yes,195000,19500.0,175500.0
O04105,2026-03-24 10:12:41.912382472,C0371,Webcam,Accessories,South,2,3500,0.15,Credit Card,No,7000,1050.0,5950.0
O04106,2026-03-24 12:49:41.396279256,C0142,Webcam,Accessories,West,4,3500,0.1,Cash,No,14000,1400.0,12600.0
O04107,2026-03-24 15:26:40.880176032,C0354,Tablet,Electronics,South,2,30000,0.0,Credit Card,No,60000,0.0,60000.0
O04108,2026-03-24 18:03:40.364072816,C0242,Tablet,Electronics,South,2,30000,0.15,Credit Card,No,60000,9000.0,51000.0
O04109,2026-03-24 20:40:39.847969592,C0190,Smartphone,Electronics,East,4,40000,0.0,Debit Card,No,160000,0.0,160000.0
O04110,2026-03-24 23:17:39.331866368,C0390,Headphones,Accessories,North,4,2500,0.15,UPI,No,10000,1500.0,8500.0
O04111,2026-03-25 01:54:38.815763152,C0234,Laptop,Electronics,West,4,65000,0.0,Debit Card,No,260000,0.0,260000.0
O04112,2026-03-25 04:31:38.299659928,C0350,Laptop,Electronics,South,4,65000,0.15,Credit Card,No,260000,39000.0,221000.0
O04113,2026-03-25 07:08:37.783556712,C0456,Smartphone,Electronics,South,3,40000,0.1,UPI,No,120000,12000.0,108000.0
O04114,2026-03-25 09:45:37.267453488,C0144,Headphones,Accessories,South,1,2500,0.15,Credit Card,Yes,2500,375.0,2125.0
O04115,2026-03-25 12:22:36.751350272,C0100,Smartphone,Electronics,North,4,40000,0.0,Cash,No,160000,0.0,160000.0
O04116,2026-03-25 14:59:36.235247048,C0358,Smartphone,Electronics,South,5,40000,0.1,Cash,No,200000,20000.0,180000.0
O04117,2026-03-25 17:36:35.719143824,C0353,Tablet,Electronics,North,5,30000,0.05,UPI,No,150000,7500.0,142500.0
O04118,2026-03-25 20:13:35.203040608,C0115,Headphones,Accessories,South,5,2500,0.0,UPI,No,12500,0.0,12500.0
O04119,2026-03-25 22:50:34.686937384,C0478,Mouse,Accessories,South,3,800,0.1,Cash,No,2400,240.0,2160.0
O04120,2026-03-26 01:27:34.170834168,C0160,Mouse,Accessories,West,5,800,0.05,Debit Card,No,4000,200.0,3800.0
O04121,2026-03-26 04:04:33.654730944,C0034,Mouse,Accessories,South,3,800,0.1,Cash,No,2400,240.0,2160.0
O04122,2026-03-26 06:41:33.138627720,C0187,Webcam,Accessories,East,2,3500,0.15,UPI,Yes,7000,1050.0,5950.0
O04123,2026-03-26 09:18:32.622524504,C0293,Monitor,Electronics,East,5,15000,0.1,UPI,No,75000,7500.0,67500.0
O04124,2026-03-26 11:55:32.106421280,C0498,Webcam,Accessories,East,4,3500,0.05,Debit Card,No,14000,700.0,13300.0
O04125,2026-03-26 14:32:31.590318064,C0428,Webcam,Accessories,West,5,3500,0.0,Credit Card,No,17500,0.0,17500.0
O04126,2026-03-26 17:09:31.074214840,C0377,Webcam,Accessories,West,5,3500,0.0,UPI,Yes,17500,0.0,17500.0
O04127,2026-03-26 19:46:30.558111624,C0278,Monitor,Electronics,East,1,15000,0.05,Cash,No,15000,750.0,14250.0
O04128,2026-03-26 22:23:30.042008400,C0211,Headphones,Accessories,South,3,2500,0.05,Debit Card,No,7500,375.0,7125.0
O04129,2026-03-27 01:00:29.525905176,C0048,Smartphone,Electronics,East,2,40000,0.05,Credit Card,No,80000,4000.0,76000.0
O04130,2026-03-27 03:37:29.009801960,C0410,Smartphone,Electronics,North,5,40000,0.1,Cash,No,200000,20000.0,180000.0
O04131,2026-03-27 06:14:28.493698736,C0255,Headphones,Accessories,East,2,2500,0.0,UPI,No,5000,0.0,5000.0
O04132,2026-03-27 08:51:27.977595520,C0010,Webcam,Accessories,East,1,3500,0.15,UPI,No,3500,525.0,2975.0
O04133,2026-03-27 11:28:27.461492296,C0017,Monitor,Electronics,East,3,15000,0.15,Credit Card,No,45000,6750.0,38250.0
O04134,2026-03-27 14:05:26.945389080,C0130,Monitor,Electronics,West,5,15000,0.0,Cash,No,75000,0.0,75000.0
O04135,2026-03-27 16:42:26.429285856,C0374,Mouse,Accessories,South,1,800,0.05,Debit Card,Yes,800,40.0,760.0
O04136,2026-03-27 19:19:25.913182632,C0021,Headphones,Accessories,North,5,2500,0.05,Credit Card,No,12500,625.0,11875.0
O04137,2026-03-27 21:56:25.397079416,C0378,Laptop,Electronics,West,4,65000,0.15,UPI,No,260000,39000.0,221000.0
O04138,2026-03-28 00:33:24.880976192,C0244,Keyboard,Accessories,South,2,2000,0.0,Cash,Yes,4000,0.0,4000.0
O04139,2026-03-28 03:10:24.364872976,C0498,Webcam,Accessories,South,2,3500,0.05,Debit Card,No,7000,350.0,6650.0
O04140,2026-03-28 05:47:23.848769752,C0242,Webcam,Accessories,East,1,3500,0.15,UPI,No,3500,525.0,2975.0
O04141,2026-03-28 08:24:23.332666528,C0132,Webcam,Accessories,South,5,3500,0.0,Debit Card,No,17500,0.0,17500.0
O04142,2026-03-28 11:01:22.816563312,C0014,Monitor,Electronics,South,2,15000,0.05,Cash,Yes,30000,1500.0,28500.0
O04143,2026-03-28 13:38:22.300460088,C0058,Mouse,Accessories,East,2,800,0.1,Debit Card,No,1600,160.0,1440.0
O04144,2026-03-28 16:15:21.784356872,C0110,Tablet,Electronics,North,2,30000,0.05,Debit Card,No,60000,3000.0,57000.0
O04145,2026-03-28 18:52:21.268253648,C0067,Laptop,Electronics,South,3,65000,0.15,Cash,Yes,195000,29250.0,165750.0
O04146,2026-03-28 21:29:20.752150432,C0191,Webcam,Accessories,South,4,3500,0.05,Cash,No,14000,700.0,13300.0
O04147,2026-03-29 00:06:20.236047208,C0257,Monitor,Electronics,West,1,15000,0.1,Credit Card,No,15000,1500.0,13500.0
O04148,2026-03-29 02:43:19.719943984,C0482,Laptop,Electronics,West,4,65000,0.05,Cash,No,260000,13000.0,247000.0
O04149,2026-03-29 05:20:19.203840768,C0348,Monitor,Electronics,South,1,15000,0.05,Debit Card,No,15000,750.0,14250.0
O04150,2026-03-29 07:57:18.687737544,C0206,Keyboard,Accessories,East,5,2000,0.15,Cash,No,10000,1500.0,8500.0
O04151,2026-03-29 10:34:18.171634328,C0207,Tablet,Electronics,North,2,30000,0.0,Credit Card,No,60000,0.0,60000.0
O04152,2026-03-29 13:11:17.655531104,C0032,Webcam,Accessories,North,2,3500,0.15,UPI,No,7000,1050.0,5950.0
O04153,2026-03-29 15:48:17.139427880,C0246,Headphones,Accessories,East,3,2500,0.1,Cash,No,7500,750.0,6750.0
O04154,2026-03-29 18:25:16.623324664,C0168,Laptop,Electronics,South,1,65000,0.0,Cash,No,65000,0.0,65000.0
O04155,2026-03-29 21:02:16.107221440,C0420,Tablet,Electronics,West,1,30000,0.15,Credit Card,No,30000,4500.0,25500.0
O04156,2026-03-29 23:39:15.591118224,C0436,Mouse,Accessories,South,5,800,0.0,UPI,No,4000,0.0,4000.0
O04157,2026-03-30 02:16:15.075015000,C0313,Webcam,Accessories,North,5,3500,0.15,UPI,No,17500,2625.0,14875.0
O04158,2026-03-30 04:53:14.558911784,C0400,Webcam,Accessories,East,1,3500,0.05,Credit Card,No,3500,175.0,3325.0
O04159,2026-03-30 07:30:14.042808560,C0193,Mouse,Accessories,East,5,800,0.15,Debit Card,Yes,4000,600.0,3400.0
O04160,2026-03-30 10:07:13.526705336,C0412,Keyboard,Accessories,South,5,2000,0.0,Credit Card,No,10000,0.0,10000.0
O04161,2026-03-30 12:44:13.010602120,C0211,Tablet,Electronics,North,3,30000,0.1,Cash,No,90000,9000.0,81000.0
O04162,2026-03-30 15:21:12.494498896,C0414,Keyboard,Accessories,East,5,2000,0.15,Credit Card,No,10000,1500.0,8500.0
O04163,2026-03-30 17:58:11.978395680,C0037,Laptop,Electronics,East,5,65000,0.0,Credit Card,No,325000,0.0,325000.0
O04164,2026-03-30 20:35:11.462292456,C0432,Headphones,Accessories,North,3,2500,0.15,UPI,No,7500,1125.0,6375.0
O04165,2026-03-30 23:12:10.946189240,C0301,Laptop,Electronics,East,5,65000,0.15,UPI,No,325000,48750.0,276250.0
O04166,2026-03-31 01:49:10.430086016,C0150,Tablet,Electronics,West,5,30000,0.0,Cash,No,150000,0.0,150000.0
O04167,2026-03-31 04:26:09.913982792,C0479,Webcam,Accessories,North,5,3500,0.15,Cash,No,17500,2625.0,14875.0
O04168,2026-03-31 07:03:09.397879576,C0414,Laptop,Electronics,East,3,65000,0.15,UPI,No,195000,29250.0,165750.0
O04169,2026-03-31 09:40:08.881776352,C0457,Headphones,Accessories,East,4,2500,0.05,Credit Card,Yes,10000,500.0,9500.0
O04170,2026-03-31 12:17:08.365673136,C0193,Laptop,Electronics,South,3,65000,0.05,Credit Card,No,195000,9750.0,185250.0
O04171,2026-03-31 14:54:07.849569912,C0379,Headphones,Accessories,West,2,2500,0.15,Credit Card,No,5000,750.0,4250.0
O04172,2026-03-31 17:31:07.333466688,C0363,Tablet,Electronics,South,4,30000,0.15,UPI,No,120000,18000.0,102000.0
O04173,2026-03-31 20:08:06.817363472,C0227,Webcam,Accessories,East,2,3500,0.15,Cash,No,7000,1050.0,5950.0
O04174,2026-03-31 22:45:06.301260248,C0174,Tablet,Electronics,North,1,30000,0.05,UPI,No,30000,1500.0,28500.0
O04175,2026-04-01 01:22:05.785157032,C0159,Mouse,Accessories,East,2,800,0.1,Debit Card,No,1600,160.0,1440.0
O04176,2026-04-01 03:59:05.269053808,C0133,Mouse,Accessories,North,4,800,0.0,Cash,No,3200,0.0,3200.0
O04177,2026-04-01 06:36:04.752950592,C0189,Mouse,Accessories,South,4,800,0.1,Debit Card,No,3200,320.0,2880.0
O04178,2026-04-01 09:13:04.236847368,C0166,Smartphone,Electronics,North,5,40000,0.1,Credit Card,No,200000,20000.0,180000.0
O04179,2026-04-01 11:50:03.720744144,C0035,Keyboard,Accessories,South,3,2000,0.05,Credit Card,No,6000,300.0,5700.0
O04180,2026-04-01 14:27:03.204640928,C0336,Smartphone,Electronics,East,5,40000,0.05,Credit Card,No,200000,10000.0,190000.0
O04181,2026-04-01 17:04:02.688537704,C0076,Keyboard,Accessories,West,5,2000,0.15,Debit Card,No,10000,1500.0,8500.0
O04182,2026-04-01 19:41:02.172434488,C0492,Keyboard,Accessories,North,2,2000,0.1,Cash,No,4000,400.0,3600.0
O04183,2026-04-01 22:18:01.656331264,C0193,Tablet,Electronics,West,2,30000,0.0,Credit Card,Yes,60000,0.0,60000.0
O04184,2026-04-02 00:55:01.140228040,C0107,Headphones,Accessories,North,4,2500,0.05,Credit Card,No,10000,500.0,9500.0
O04185,2026-04-02 03:32:00.624124824,C0355,Headphones,Accessories,East,3,2500,0.0,Credit Card,No,7500,0.0,7500.0
O04186,2026-04-02 06:09:00.108021600,C0275,Headphones,Accessories,North,3,2500,0.0,Cash,No,7500,0.0,7500.0
O04187,2026-04-02 08:45:59.591918384,C0008,Webcam,Accessories,East,4,3500,0.15,Debit Card,No,14000,2100.0,11900.0
O04188,2026-04-02 11:22:59.075815160,C0119,Monitor,Electronics,South,5,15000,0.1,Debit Card,No,75000,7500.0,67500.0
O04189,2026-04-02 13:59:58.559711944,C0019,Smartphone,Electronics,South,1,40000,0.15,UPI,No,40000,6000.0,34000.0
O04190,2026-04-02 16:36:58.043608720,C0152,Smartphone,Electronics,South,4,40000,0.05,UPI,No,160000,8000.0,152000.0
O04191,2026-04-02 19:13:57.527505496,C0100,Webcam,Accessories,East,4,3500,0.15,Debit Card,Yes,14000,2100.0,11900.0
O04192,2026-04-02 21:50:57.011402280,C0083,Laptop,Electronics,West,1,65000,0.1,UPI,No,65000,6500.0,58500.0
O04193,2026-04-03 00:27:56.495299056,C0161,Headphones,Accessories,West,5,2500,0.1,Debit Card,Yes,12500,1250.0,11250.0
O04194,2026-04-03 03:04:55.979195840,C0288,Smartphone,Electronics,East,3,40000,0.1,Cash,No,120000,12000.0,108000.0
O04195,2026-04-03 05:41:55.463092616,C0197,Smartphone,Electronics,West,4,40000,0.1,Debit Card,No,160000,16000.0,144000.0
O04196,2026-04-03 08:18:54.946989400,C0441,Keyboard,Accessories,East,4,2000,0.0,Credit Card,No,8000,0.0,8000.0
O04197,2026-04-03 10:55:54.430886176,C0329,Webcam,Accessories,South,3,3500,0.15,Debit Card,No,10500,1575.0,8925.0
O04198,2026-04-03 13:32:53.914782952,C0344,Webcam,Accessories,South,4,3500,0.05,Debit Card,No,14000,700.0,13300.0
O04199,2026-04-03 16:09:53.398679736,C0430,Smartphone,Electronics,South,5,40000,0.0,Debit Card,No,200000,0.0,200000.0
O04200,2026-04-03 18:46:52.882576512,C0120,Mouse,Accessories,East,3,800,0.15,Cash,No,2400,360.0,2040.0
O04201,2026-04-03 21:23:52.366473296,C0381,Smartphone,Electronics,South,4,40000,0.1,Debit Card,Yes,160000,16000.0,144000.0
O04202,2026-04-04 00:00:51.850370072,C0042,Mouse,Accessories,South,3,800,0.05,Credit Card,No,2400,120.0,2280.0
O04203,2026-04-04 02:37:51.334266848,C0435,Mouse,Accessories,East,3,800,0.15,UPI,No,2400,360.0,2040.0
O04204,2026-04-04 05:14:50.818163632,C0367,Webcam,Accessories,North,5,3500,0.0,Debit Card,Yes,17500,0.0,17500.0
O04205,2026-04-04 07:51:50.302060408,C0279,Headphones,Accessories,East,3,2500,0.0,Debit Card,No,7500,0.0,7500.0
O04206,2026-04-04 10:28:49.785957192,C0019,Keyboard,Accessories,South,1,2000,0.05,Credit Card,No,2000,100.0,1900.0
O04207,2026-04-04 13:05:49.269853968,C0145,Mouse,Accessories,East,5,800,0.15,Debit Card,No,4000,600.0,3400.0
O04208,2026-04-04 15:42:48.753750752,C0390,Laptop,Electronics,South,1,65000,0.15,Credit Card,No,65000,9750.0,55250.0
O04209,2026-04-04 18:19:48.237647528,C0133,Keyboard,Accessories,East,5,2000,0.1,Debit Card,No,10000,1000.0,9000.0
O04210,2026-04-04 20:56:47.721544304,C0120,Smartphone,Electronics,South,5,40000,0.05,UPI,No,200000,10000.0,190000.0
O04211,2026-04-04 23:33:47.205441088,C0463,Headphones,Accessories,South,1,2500,0.15,UPI,No,2500,375.0,2125.0
O04212,2026-04-05 02:10:46.689337864,C0259,Webcam,Accessories,South,5,3500,0.15,Cash,No,17500,2625.0,14875.0
O04213,2026-04-05 04:47:46.173234648,C0430,Keyboard,Accessories,West,5,2000,0.0,UPI,No,10000,0.0,10000.0
O04214,2026-04-05 07:24:45.657131424,C0167,Mouse,Accessories,North,3,800,0.0,Credit Card,No,2400,0.0,2400.0
O04215,2026-04-05 10:01:45.141028200,C0033,Laptop,Electronics,East,5,65000,0.05,Debit Card,No,325000,16250.0,308750.0
O04216,2026-04-05 12:38:44.624924984,C0227,Keyboard,Accessories,East,2,2000,0.05,Cash,No,4000,200.0,3800.0
O04217,2026-04-05 15:15:44.108821760,C0198,Headphones,Accessories,South,5,2500,0.1,UPI,No,12500,1250.0,11250.0
O04218,2026-04-05 17:52:43.592718544,C0336,Keyboard,Accessories,West,1,2000,0.1,Credit Card,No,2000,200.0,1800.0
O04219,2026-04-05 20:29:43.076615320,C0135,Laptop,Electronics,East,3,65000,0.05,Credit Card,No,195000,9750.0,185250.0
O04220,2026-04-05 23:06:42.560512104,C0282,Mouse,Accessories,East,5,800,0.1,Debit Card,No,4000,400.0,3600.0
O04221,2026-04-06 01:43:42.044408880,C0175,Tablet,Electronics,East,2,30000,0.0,Debit Card,No,60000,0.0,60000.0
O04222,2026-04-06 04:20:41.528305656,C0043,Laptop,Electronics,West,5,65000,0.0,Credit Card,No,325000,0.0,325000.0
O04223,2026-04-06 06:57:41.012202440,C0422,Keyboard,Accessories,East,3,2000,0.1,Debit Card,No,6000,600.0,5400.0
O04224,2026-04-06 09:34:40.496099216,C0296,Webcam,Accessories,South,1,3500,0.0,Credit Card,No,3500,0.0,3500.0
O04225,2026-04-06 12:11:39.979996000,C0141,Mouse,Accessories,West,3,800,0.0,Cash,No,2400,0.0,2400.0
O04226,2026-04-06 14:48:39.463892776,C0250,Mouse,Accessories,West,3,800,0.05,Credit Card,No,2400,120.0,2280.0
O04227,2026-04-06 17:25:38.947789560,C0233,Laptop,Electronics,East,5,65000,0.1,Cash,Yes,325000,32500.0,292500.0
O04228,2026-04-06 20:02:38.431686336,C0052,Headphones,Accessories,North,1,2500,0.05,UPI,No,2500,125.0,2375.0
O04229,2026-04-06 22:39:37.915583112,C0406,Laptop,Electronics,West,3,65000,0.0,UPI,No,195000,0.0,195000.0
O04230,2026-04-07 01:16:37.399479896,C0285,Mouse,Accessories,North,5,800,0.05,Credit Card,No,4000,200.0,3800.0
O04231,2026-04-07 03:53:36.883376672,C0240,Webcam,Accessories,West,1,3500,0.0,Debit Card,Yes,3500,0.0,3500.0
O04232,2026-04-07 06:30:36.367273456,C0335,Tablet,Electronics,East,2,30000,0.1,Debit Card,No,60000,6000.0,54000.0
O04233,2026-04-07 09:07:35.851170232,C0456,Headphones,Accessories,West,4,2500,0.0,Debit Card,Yes,10000,0.0,10000.0
O04234,2026-04-07 11:44:35.335067008,C0373,Tablet,Electronics,East,4,30000,0.0,UPI,No,120000,0.0,120000.0
O04235,2026-04-07 14:21:34.818963792,C0196,Webcam,Accessories,East,5,3500,0.15,Cash,No,17500,2625.0,14875.0
O04236,2026-04-07 16:58:34.302860568,C0040,Laptop,Electronics,North,3,65000,0.15,Credit Card,No,195000,29250.0,165750.0
O04237,2026-04-07 19:35:33.786757352,C0475,Headphones,Accessories,East,2,2500,0.05,Debit Card,No,5000,250.0,4750.0
O04238,2026-04-07 22:12:33.270654128,C0355,Headphones,Accessories,East,3,2500,0.1,Cash,No,7500,750.0,6750.0
O04239,2026-04-08 00:49:32.754550912,C0118,Mouse,Accessories,East,5,800,0.0,Debit Card,No,4000,0.0,4000.0
O04240,2026-04-08 03:26:32.238447688,C0096,Keyboard,Accessories,North,3,2000,0.15,Debit Card,No,6000,900.0,5100.0
O04241,2026-04-08 06:03:31.722344464,C0482,Webcam,Accessories,South,3,3500,0.15,Debit Card,No,10500,1575.0,8925.0
O04242,2026-04-08 08:40:31.206241248,C0274,Keyboard,Accessories,East,1,2000,0.15,Debit Card,No,2000,300.0,1700.0
O04243,2026-04-08 11:17:30.690138024,C0406,Smartphone,Electronics,South,4,40000,0.1,Cash,No,160000,16000.0,144000.0
O04244,2026-04-08 13:54:30.174034808,C0123,Laptop,Electronics,South,3,65000,0.05,UPI,No,195000,9750.0,185250.0
O04245,2026-04-08 16:31:29.657931584,C0406,Smartphone,Electronics,South,5,40000,0.05,Cash,No,200000,10000.0,190000.0
O04246,2026-04-08 19:08:29.141828360,C0494,Smartphone,Electronics,East,5,40000,0.05,Cash,No,200000,10000.0,190000.0
O04247,2026-04-08 21:45:28.625725144,C0311,Monitor,Electronics,West,2,15000,0.0,UPI,No,30000,0.0,30000.0
O04248,2026-04-09 00:22:28.109621920,C0062,Keyboard,Accessories,West,3,2000,0.05,Debit Card,No,6000,300.0,5700.0
O04249,2026-04-09 02:59:27.593518704,C0339,Mouse,Accessories,West,5,800,0.0,Debit Card,No,4000,0.0,4000.0
O04250,2026-04-09 05:36:27.077415480,C0316,Smartphone,Electronics,West,2,40000,0.05,Cash,No,80000,4000.0,76000.0
O04251,2026-04-09 08:13:26.561312264,C0063,Keyboard,Accessories,South,4,2000,0.0,Credit Card,No,8000,0.0,8000.0
O04252,2026-04-09 10:50:26.045209040,C0495,Monitor,Electronics,East,5,15000,0.0,Debit Card,No,75000,0.0,75000.0
O04253,2026-04-09 13:27:25.529105816,C0137,Keyboard,Accessories,South,4,2000,0.1,Credit Card,No,8000,800.0,7200.0
O04254,2026-04-09 16:04:25.013002600,C0214,Keyboard,Accessories,East,5,2000,0.1,Debit Card,No,10000,1000.0,9000.0
O04255,2026-04-09 18:41:24.496899376,C0458,Monitor,Electronics,East,1,15000,0.05,Credit Card,No,15000,750.0,14250.0
O04256,2026-04-09 21:18:23.980796160,C0198,Headphones,Accessories,North,5,2500,0.1,Cash,No,12500,1250.0,11250.0
O04257,2026-04-09 23:55:23.464692936,C0290,Laptop,Electronics,East,1,65000,0.05,Credit Card,No,65000,3250.0,61750.0
O04258,2026-04-10 02:32:22.948589720,C0463,Mouse,Accessories,North,1,800,0.1,Credit Card,No,800,80.0,720.0
O04259,2026-04-10 05:09:22.432486496,C0022,Headphones,Accessories,West,1,2500,0.05,Debit Card,No,2500,125.0,2375.0
O04260,2026-04-10 07:46:21.916383272,C0036,Mouse,Accessories,North,4,800,0.0,Debit Card,No,3200,0.0,3200.0
O04261,2026-04-10 10:23:21.400280056,C0108,Smartphone,Electronics,West,2,40000,0.0,Cash,No,80000,0.0,80000.0
O04262,2026-04-10 13:00:20.884176832,C0452,Monitor,Electronics,West,3,15000,0.15,Credit Card,No,45000,6750.0,38250.0
O04263,2026-04-10 15:37:20.368073616,C0479,Headphones,Accessories,North,4,2500,0.15,UPI,No,10000,1500.0,8500.0
O04264,2026-04-10 18:14:19.851970392,C0021,Headphones,Accessories,West,5,2500,0.1,Debit Card,No,12500,1250.0,11250.0
O04265,2026-04-10 20:51:19.335867168,C0084,Headphones,Accessories,South,5,2500,0.1,Cash,No,12500,1250.0,11250.0
O04266,2026-04-10 23:28:18.819763952,C0031,Smartphone,Electronics,East,5,40000,0.0,UPI,No,200000,0.0,200000.0
O04267,2026-04-11 02:05:18.303660728,C0455,Tablet,Electronics,South,1,30000,0.15,Debit Card,No,30000,4500.0,25500.0
O04268,2026-04-11 04:42:17.787557512,C0249,Monitor,Electronics,East,3,15000,0.05,Cash,No,45000,2250.0,42750.0
O04269,2026-04-11 07:19:17.271454288,C0013,Smartphone,Electronics,West,2,40000,0.1,UPI,No,80000,8000.0,72000.0
O04270,2026-04-11 09:56:16.755351072,C0420,Smartphone,Electronics,North,4,40000,0.05,Debit Card,No,160000,8000.0,152000.0
O04271,2026-04-11 12:33:16.239247848,C0419,Tablet,Electronics,South,3,30000,0.0,Credit Card,No,90000,0.0,90000.0
O04272,2026-04-11 15:10:15.723144624,C0187,Keyboard,Accessories,East,1,2000,0.15,UPI,No,2000,300.0,1700.0
O04273,2026-04-11 17:47:15.207041408,C0329,Monitor,Electronics,South,4,15000,0.0,Credit Card,Yes,60000,0.0,60000.0
O04274,2026-04-11 20:24:14.690938184,C0323,Tablet,Electronics,East,2,30000,0.1,Cash,No,60000,6000.0,54000.0
O04275,2026-04-11 23:01:14.174834968,C0500,Smartphone,Electronics,South,4,40000,0.1,UPI,No,160000,16000.0,144000.0
O04276,2026-04-12 01:38:13.658731744,C0185,Tablet,Electronics,North,1,30000,0.1,Cash,No,30000,3000.0,27000.0
O04277,2026-04-12 04:15:13.142628520,C0156,Headphones,Accessories,East,5,2500,0.05,UPI,No,12500,625.0,11875.0
O04278,2026-04-12 06:52:12.626525304,C0444,Mouse,Accessories,East,2,800,0.0,Cash,No,1600,0.0,1600.0
O04279,2026-04-12 09:29:12.110422080,C0172,Tablet,Electronics,East,1,30000,0.1,Cash,No,30000,3000.0,27000.0
O04280,2026-04-12 12:06:11.594318864,C0278,Laptop,Electronics,North,3,65000,0.1,Credit Card,No,195000,19500.0,175500.0
O04281,2026-04-12 14:43:11.078215640,C0036,Keyboard,Accessories,North,3,2000,0.1,Cash,No,6000,600.0,5400.0
O04282,2026-04-12 17:20:10.562112424,C0293,Keyboard,Accessories,West,3,2000,0.0,Debit Card,No,6000,0.0,6000.0
O04283,2026-04-12 19:57:10.046009200,C0156,Mouse,Accessories,West,1,800,0.0,Debit Card,No,800,0.0,800.0
O04284,2026-04-12 22:34:09.529905976,C0203,Webcam,Accessories,East,2,3500,0.1,Debit Card,No,7000,700.0,6300.0
O04285,2026-04-13 01:11:09.013802760,C0094,Mouse,Accessories,South,5,800,0.15,UPI,No,4000,600.0,3400.0
O04286,2026-04-13 03:48:08.497699536,C0087,Keyboard,Accessories,South,5,2000,0.15,Credit Card,No,10000,1500.0,8500.0
O04287,2026-04-13 06:25:07.981596320,C0500,Headphones,Accessories,South,3,2500,0.05,UPI,No,7500,375.0,7125.0
O04288,2026-04-13 09:02:07.465493096,C0384,Smartphone,Electronics,South,3,40000,0.05,UPI,No,120000,6000.0,114000.0
O04289,2026-04-13 11:39:06.949389880,C0307,Smartphone,Electronics,East,2,40000,0.0,UPI,No,80000,0.0,80000.0
O04290,2026-04-13 14:16:06.433286656,C0445,Keyboard,Accessories,North,4,2000,0.15,Debit Card,No,8000,1200.0,6800.0
O04291,2026-04-13 16:53:05.917183432,C0237,Tablet,Electronics,West,4,30000,0.0,Credit Card,No,120000,0.0,120000.0
O04292,2026-04-13 19:30:05.401080216,C0274,Laptop,Electronics,West,1,65000,0.15,Cash,No,65000,9750.0,55250.0
O04293,2026-04-13 22:07:04.884976992,C0359,Laptop,Electronics,West,3,65000,0.05,Credit Card,No,195000,9750.0,185250.0
O04294,2026-04-14 00:44:04.368873776,C0331,Monitor,Electronics,East,1,15000,0.15,Cash,No,15000,2250.0,12750.0
O04295,2026-04-14 03:21:03.852770552,C0319,Smartphone,Electronics,West,4,40000,0.05,Debit Card,Yes,160000,8000.0,152000.0
O04296,2026-04-14 05:58:03.336667328,C0197,Tablet,Electronics,North,3,30000,0.0,Credit Card,No,90000,0.0,90000.0
O04297,2026-04-14 08:35:02.820564112,C0247,Mouse,Accessories,East,1,800,0.05,Credit Card,No,800,40.0,760.0
O04298,2026-04-14 11:12:02.304460888,C0362,Webcam,Accessories,South,4,3500,0.15,UPI,Yes,14000,2100.0,11900.0
O04299,2026-04-14 13:49:01.788357672,C0203,Smartphone,Electronics,South,4,40000,0.05,Cash,Yes,160000,8000.0,152000.0
O04300,2026-04-14 16:26:01.272254448,C0233,Tablet,Electronics,East,3,30000,0.05,Cash,No,90000,4500.0,85500.0
O04301,2026-04-14 19:03:00.756151232,C0197,Mouse,Accessories,East,4,800,0.0,Debit Card,No,3200,0.0,3200.0
O04302,2026-04-14 21:40:00.240048008,C0242,Laptop,Electronics,North,2,65000,0.0,Credit Card,No,130000,0.0,130000.0
O04303,2026-04-15 00:16:59.723944784,C0176,Keyboard,Accessories,West,5,2000,0.0,Cash,No,10000,0.0,10000.0
O04304,2026-04-15 02:53:59.207841568,C0048,Monitor,Electronics,East,3,15000,0.0,UPI,No,45000,0.0,45000.0
O04305,2026-04-15 05:30:58.691738344,C0336,Tablet,Electronics,East,5,30000,0.05,Credit Card,No,150000,7500.0,142500.0
O04306,2026-04-15 08:07:58.175635128,C0378,Laptop,Electronics,North,5,65000,0.1,Credit Card,No,325000,32500.0,292500.0
O04307,2026-04-15 10:44:57.659531904,C0230,Smartphone,Electronics,East,5,40000,0.1,Cash,Yes,200000,20000.0,180000.0
O04308,2026-04-15 13:21:57.143428688,C0350,Tablet,Electronics,North,1,30000,0.1,Cash,No,30000,3000.0,27000.0
O04309,2026-04-15 15:58:56.627325464,C0093,Headphones,Accessories,North,1,2500,0.15,UPI,No,2500,375.0,2125.0
O04310,2026-04-15 18:35:56.111222240,C0243,Monitor,Electronics,North,5,15000,0.0,Cash,No,75000,0.0,75000.0
O04311,2026-04-15 21:12:55.595119024,C0152,Mouse,Accessories,North,1,800,0.15,UPI,No,800,120.0,680.0
O04312,2026-04-15 23:49:55.079015800,C0245,Headphones,Accessories,West,4,2500,0.05,Cash,No,10000,500.0,9500.0
O04313,2026-04-16 02:26:54.562912584,C0349,Laptop,Electronics,West,5,65000,0.15,Debit Card,Yes,325000,48750.0,276250.0
O04314,2026-04-16 05:03:54.046809360,C0238,Headphones,Accessories,West,2,2500,0.05,Credit Card,No,5000,250.0,4750.0
O04315,2026-04-16 07:40:53.530706136,C0455,Mouse,Accessories,West,2,800,0.05,UPI,No,1600,80.0,1520.0
O04316,2026-04-16 10:17:53.014602920,C0280,Keyboard,Accessories,West,2,2000,0.0,Debit Card,Yes,4000,0.0,4000.0
O04317,2026-04-16 12:54:52.498499696,C0351,Smartphone,Electronics,South,1,40000,0.05,Cash,No,40000,2000.0,38000.0
O04318,2026-04-16 15:31:51.982396480,C0369,Smartphone,Electronics,North,5,40000,0.05,Debit Card,Yes,200000,10000.0,190000.0
O04319,2026-04-16 18:08:51.466293256,C0151,Mouse,Accessories,South,4,800,0.15,Debit Card,Yes,3200,480.0,2720.0
O04320,2026-04-16 20:45:50.950190040,C0289,Webcam,Accessories,South,2,3500,0.15,Credit Card,No,7000,1050.0,5950.0
O04321,2026-04-16 23:22:50.434086816,C0451,Smartphone,Electronics,West,1,40000,0.1,Credit Card,No,40000,4000.0,36000.0
O04322,2026-04-17 01:59:49.917983592,C0219,Monitor,Electronics,North,3,15000,0.05,Debit Card,Yes,45000,2250.0,42750.0
O04323,2026-04-17 04:36:49.401880376,C0274,Monitor,Electronics,East,4,15000,0.05,Credit Card,No,60000,3000.0,57000.0
O04324,2026-04-17 07:13:48.885777152,C0452,Keyboard,Accessories,South,3,2000,0.15,UPI,No,6000,900.0,5100.0
O04325,2026-04-17 09:50:48.369673936,C0033,Webcam,Accessories,North,3,3500,0.0,Credit Card,No,10500,0.0,10500.0
O04326,2026-04-17 12:27:47.853570712,C0295,Smartphone,Electronics,South,1,40000,0.05,Cash,No,40000,2000.0,38000.0
O04327,2026-04-17 15:04:47.337467488,C0114,Smartphone,Electronics,South,2,40000,0.1,UPI,No,80000,8000.0,72000.0
O04328,2026-04-17 17:41:46.821364272,C0021,Monitor,Electronics,East,5,15000,0.05,UPI,No,75000,3750.0,71250.0
O04329,2026-04-17 20:18:46.305261048,C0270,Webcam,Accessories,West,2,3500,0.1,Debit Card,No,7000,700.0,6300.0
O04330,2026-04-17 22:55:45.789157832,C0284,Laptop,Electronics,North,4,65000,0.0,Debit Card,Yes,260000,0.0,260000.0
O04331,2026-04-18 01:32:45.273054608,C0471,Mouse,Accessories,South,5,800,0.05,UPI,No,4000,200.0,3800.0
O04332,2026-04-18 04:09:44.756951392,C0138,Headphones,Accessories,West,3,2500,0.15,Credit Card,No,7500,1125.0,6375.0
O04333,2026-04-18 06:46:44.240848168,C0098,Tablet,Electronics,South,5,30000,0.15,Cash,No,150000,22500.0,127500.0
O04334,2026-04-18 09:23:43.724744944,C0422,Monitor,Electronics,East,5,15000,0.15,Debit Card,No,75000,11250.0,63750.0
O04335,2026-04-18 12:00:43.208641728,C0343,Keyboard,Accessories,East,5,2000,0.1,Credit Card,No,10000,1000.0,9000.0
O04336,2026-04-18 14:37:42.692538504,C0328,Webcam,Accessories,East,3,3500,0.15,Debit Card,Yes,10500,1575.0,8925.0
O04337,2026-04-18 17:14:42.176435288,C0231,Laptop,Electronics,North,5,65000,0.0,Debit Card,Yes,325000,0.0,325000.0
O04338,2026-04-18 19:51:41.660332064,C0293,Headphones,Accessories,West,1,2500,0.0,Debit Card,No,2500,0.0,2500.0
O04339,2026-04-18 22:28:41.144228848,C0326,Mouse,Accessories,West,1,800,0.1,Debit Card,No,800,80.0,720.0
O04340,2026-04-19 01:05:40.628125624,C0159,Headphones,Accessories,East,5,2500,0.15,UPI,No,12500,1875.0,10625.0
O04341,2026-04-19 03:42:40.112022400,C0477,Laptop,Electronics,South,5,65000,0.15,Credit Card,No,325000,48750.0,276250.0
O04342,2026-04-19 06:19:39.595919184,C0243,Tablet,Electronics,East,5,30000,0.1,Cash,No,150000,15000.0,135000.0
O04343,2026-04-19 08:56:39.079815960,C0235,Webcam,Accessories,West,4,3500,0.0,UPI,Yes,14000,0.0,14000.0
O04344,2026-04-19 11:33:38.563712744,C0136,Tablet,Electronics,South,2,30000,0.15,Debit Card,No,60000,9000.0,51000.0
O04345,2026-04-19 14:10:38.047609520,C0222,Mouse,Accessories,South,3,800,0.05,UPI,No,2400,120.0,2280.0
O04346,2026-04-19 16:47:37.531506296,C0067,Smartphone,Electronics,North,1,40000,0.1,Debit Card,No,40000,4000.0,36000.0
O04347,2026-04-19 19:24:37.015403080,C0248,Laptop,Electronics,North,1,65000,0.15,Debit Card,No,65000,9750.0,55250.0
O04348,2026-04-19 22:01:36.499299856,C0099,Monitor,Electronics,South,4,15000,0.1,UPI,No,60000,6000.0,54000.0
O04349,2026-04-20 00:38:35.983196640,C0390,Monitor,Electronics,North,5,15000,0.05,Cash,No,75000,3750.0,71250.0
O04350,2026-04-20 03:15:35.467093416,C0115,Smartphone,Electronics,South,1,40000,0.05,UPI,No,40000,2000.0,38000.0
O04351,2026-04-20 05:52:34.950990200,C0009,Tablet,Electronics,South,1,30000,0.15,Cash,No,30000,4500.0,25500.0
O04352,2026-04-20 08:29:34.434886976,C0071,Keyboard,Accessories,South,3,2000,0.1,UPI,No,6000,600.0,5400.0
O04353,2026-04-20 11:06:33.918783752,C0146,Smartphone,Electronics,East,3,40000,0.15,Credit Card,No,120000,18000.0,102000.0
O04354,2026-04-20 13:43:33.402680536,C0150,Laptop,Electronics,West,2,65000,0.0,UPI,No,130000,0.0,130000.0
O04355,2026-04-20 16:20:32.886577312,C0008,Headphones,Accessories,South,1,2500,0.1,UPI,No,2500,250.0,2250.0
O04356,2026-04-20 18:57:32.370474096,C0295,Headphones,Accessories,South,4,2500,0.0,Debit Card,No,10000,0.0,10000.0
O04357,2026-04-20 21:34:31.854370872,C0184,Mouse,Accessories,East,2,800,0.15,Credit Card,No,1600,240.0,1360.0
O04358,2026-04-21 00:11:31.338267648,C0198,Laptop,Electronics,West,2,65000,0.15,UPI,No,130000,19500.0,110500.0
O04359,2026-04-21 02:48:30.822164432,C0386,Headphones,Accessories,East,5,2500,0.0,Cash,No,12500,0.0,12500.0
O04360,2026-04-21 05:25:30.306061208,C0137,Keyboard,Accessories,East,5,2000,0.0,Debit Card,No,10000,0.0,10000.0
O04361,2026-04-21 08:02:29.789957992,C0323,Laptop,Electronics,West,4,65000,0.0,Cash,No,260000,0.0,260000.0
O04362,2026-04-21 10:39:29.273854768,C0072,Webcam,Accessories,North,1,3500,0.0,UPI,No,3500,0.0,3500.0
O04363,2026-04-21 13:16:28.757751552,C0293,Mouse,Accessories,South,5,800,0.1,Credit Card,No,4000,400.0,3600.0
O04364,2026-04-21 15:53:28.241648328,C0457,Smartphone,Electronics,East,5,40000,0.0,Credit Card,No,200000,0.0,200000.0
O04365,2026-04-21 18:30:27.725545104,C0245,Monitor,Electronics,West,1,15000,0.15,Debit Card,No,15000,2250.0,12750.0
O04366,2026-04-21 21:07:27.209441888,C0353,Webcam,Accessories,West,1,3500,0.15,UPI,No,3500,525.0,2975.0
O04367,2026-04-21 23:44:26.693338664,C0472,Keyboard,Accessories,South,5,2000,0.0,Cash,No,10000,0.0,10000.0
O04368,2026-04-22 02:21:26.177235448,C0285,Mouse,Accessories,South,1,800,0.1,Credit Card,No,800,80.0,720.0
O04369,2026-04-22 04:58:25.661132224,C0135,Smartphone,Electronics,South,2,40000,0.0,Cash,Yes,80000,0.0,80000.0
O04370,2026-04-22 07:35:25.145029008,C0360,Keyboard,Accessories,West,5,2000,0.05,Cash,Yes,10000,500.0,9500.0
O04371,2026-04-22 10:12:24.628925784,C0253,Monitor,Electronics,North,1,15000,0.05,Debit Card,No,15000,750.0,14250.0
O04372,2026-04-22 12:49:24.112822560,C0461,Headphones,Accessories,North,1,2500,0.05,Cash,Yes,2500,125.0,2375.0
O04373,2026-04-22 15:26:23.596719344,C0199,Smartphone,Electronics,South,3,40000,0.0,UPI,No,120000,0.0,120000.0
O04374,2026-04-22 18:03:23.080616120,C0092,Webcam,Accessories,East,3,3500,0.05,UPI,No,10500,525.0,9975.0
O04375,2026-04-22 20:40:22.564512904,C0267,Monitor,Electronics,North,1,15000,0.1,Debit Card,No,15000,1500.0,13500.0
O04376,2026-04-22 23:17:22.048409680,C0416,Webcam,Accessories,North,2,3500,0.1,UPI,No,7000,700.0,6300.0
O04377,2026-04-23 01:54:21.532306456,C0360,Tablet,Electronics,East,2,30000,0.0,Cash,No,60000,0.0,60000.0
O04378,2026-04-23 04:31:21.016203240,C0048,Webcam,Accessories,South,5,3500,0.1,UPI,Yes,17500,1750.0,15750.0
O04379,2026-04-23 07:08:20.500100016,C0146,Webcam,Accessories,East,2,3500,0.15,Credit Card,No,7000,1050.0,5950.0
O04380,2026-04-23 09:45:19.983996800,C0108,Mouse,Accessories,North,4,800,0.05,Debit Card,No,3200,160.0,3040.0
O04381,2026-04-23 12:22:19.467893576,C0192,Smartphone,Electronics,South,1,40000,0.15,Credit Card,No,40000,6000.0,34000.0
O04382,2026-04-23 14:59:18.951790360,C0342,Headphones,Accessories,South,2,2500,0.05,Debit Card,No,5000,250.0,4750.0
O04383,2026-04-23 17:36:18.435687136,C0341,Mouse,Accessories,North,3,800,0.1,UPI,No,2400,240.0,2160.0
O04384,2026-04-23 20:13:17.919583912,C0426,Laptop,Electronics,East,1,65000,0.15,Credit Card,No,65000,9750.0,55250.0
O04385,2026-04-23 22:50:17.403480696,C0050,Tablet,Electronics,West,5,30000,0.15,UPI,No,150000,22500.0,127500.0
O04386,2026-04-24 01:27:16.887377472,C0478,Headphones,Accessories,North,1,2500,0.1,Debit Card,No,2500,250.0,2250.0
O04387,2026-04-24 04:04:16.371274256,C0488,Webcam,Accessories,West,4,3500,0.0,UPI,No,14000,0.0,14000.0
O04388,2026-04-24 06:41:15.855171032,C0326,Webcam,Accessories,South,1,3500,0.0,Debit Card,No,3500,0.0,3500.0
O04389,2026-04-24 09:18:15.339067808,C0226,Smartphone,Electronics,North,3,40000,0.15,Debit Card,No,120000,18000.0,102000.0
O04390,2026-04-24 11:55:14.822964592,C0115,Tablet,Electronics,East,3,30000,0.0,UPI,No,90000,0.0,90000.0
O04391,2026-04-24 14:32:14.306861368,C0471,Mouse,Accessories,South,4,800,0.1,UPI,No,3200,320.0,2880.0
O04392,2026-04-24 17:09:13.790758152,C0448,Laptop,Electronics,East,2,65000,0.0,Cash,No,130000,0.0,130000.0
O04393,2026-04-24 19:46:13.274654928,C0089,Tablet,Electronics,North,4,30000,0.0,Credit Card,No,120000,0.0,120000.0
O04394,2026-04-24 22:23:12.758551712,C0444,Tablet,Electronics,North,2,30000,0.1,Debit Card,No,60000,6000.0,54000.0
O04395,2026-04-25 01:00:12.242448488,C0031,Smartphone,Electronics,East,3,40000,0.0,Credit Card,No,120000,0.0,120000.0
O04396,2026-04-25 03:37:11.726345264,C0154,Mouse,Accessories,North,4,800,0.1,Cash,No,3200,320.0,2880.0
O04397,2026-04-25 06:14:11.210242048,C0163,Tablet,Electronics,East,1,30000,0.1,UPI,Yes,30000,3000.0,27000.0
O04398,2026-04-25 08:51:10.694138824,C0483,Webcam,Accessories,North,3,3500,0.0,Credit Card,No,10500,0.0,10500.0
O04399,2026-04-25 11:28:10.178035608,C0034,Tablet,Electronics,East,3,30000,0.05,Cash,No,90000,4500.0,85500.0
O04400,2026-04-25 14:05:09.661932384,C0151,Smartphone,Electronics,East,4,40000,0.05,Debit Card,No,160000,8000.0,152000.0
O04401,2026-04-25 16:42:09.145829168,C0342,Laptop,Electronics,South,4,65000,0.05,Credit Card,No,260000,13000.0,247000.0
O04402,2026-04-25 19:19:08.629725944,C0353,Laptop,Electronics,North,4,65000,0.05,Credit Card,No,260000,13000.0,247000.0
O04403,2026-04-25 21:56:08.113622720,C0118,Headphones,Accessories,North,1,2500,0.15,Debit Card,No,2500,375.0,2125.0
O04404,2026-04-26 00:33:07.597519504,C0022,Headphones,Accessories,North,4,2500,0.0,Debit Card,No,10000,0.0,10000.0
O04405,2026-04-26 03:10:07.081416280,C0223,Laptop,Electronics,West,1,65000,0.0,Cash,No,65000,0.0,65000.0
O04406,2026-04-26 05:47:06.565313064,C0400,Tablet,Electronics,West,2,30000,0.0,Cash,Yes,60000,0.0,60000.0
O04407,2026-04-26 08:24:06.049209840,C0120,Laptop,Electronics,South,4,65000,0.15,UPI,No,260000,39000.0,221000.0
O04408,2026-04-26 11:01:05.533106616,C0314,Tablet,Electronics,North,4,30000,0.15,UPI,Yes,120000,18000.0,102000.0
O04409,2026-04-26 13:38:05.017003400,C0354,Mouse,Accessories,North,2,800,0.15,UPI,No,1600,240.0,1360.0
O04410,2026-04-26 16:15:04.500900176,C0108,Tablet,Electronics,North,1,30000,0.15,Credit Card,No,30000,4500.0,25500.0
O04411,2026-04-26 18:52:03.984796960,C0493,Laptop,Electronics,South,4,65000,0.05,Cash,No,260000,13000.0,247000.0
O04412,2026-04-26 21:29:03.468693736,C0286,Mouse,Accessories,North,4,800,0.0,Debit Card,No,3200,0.0,3200.0
O04413,2026-04-27 00:06:02.952590520,C0323,Mouse,Accessories,South,4,800,0.0,Cash,No,3200,0.0,3200.0
O04414,2026-04-27 02:43:02.436487296,C0438,Webcam,Accessories,East,5,3500,0.1,Credit Card,No,17500,1750.0,15750.0
O04415,2026-04-27 05:20:01.920384072,C0053,Monitor,Electronics,North,3,15000,0.0,Cash,No,45000,0.0,45000.0
O04416,2026-04-27 07:57:01.404280856,C0042,Laptop,Electronics,South,2,65000,0.1,UPI,No,130000,13000.0,117000.0
O04417,2026-04-27 10:34:00.888177632,C0399,Tablet,Electronics,West,1,30000,0.1,Credit Card,No,30000,3000.0,27000.0
O04418,2026-04-27 13:11:00.372074416,C0147,Mouse,Accessories,East,5,800,0.1,Credit Card,No,4000,400.0,3600.0
O04419,2026-04-27 15:47:59.855971192,C0255,Tablet,Electronics,East,4,30000,0.1,Credit Card,No,120000,12000.0,108000.0
O04420,2026-04-27 18:24:59.339867968,C0083,Headphones,Accessories,North,4,2500,0.0,Credit Card,No,10000,0.0,10000.0
O04421,2026-04-27 21:01:58.823764752,C0088,Webcam,Accessories,North,3,3500,0.0,UPI,No,10500,0.0,10500.0
O04422,2026-04-27 23:38:58.307661528,C0213,Tablet,Electronics,West,5,30000,0.1,Cash,Yes,150000,15000.0,135000.0
O04423,2026-04-28 02:15:57.791558312,C0388,Headphones,Accessories,North,1,2500,0.0,Credit Card,No,2500,0.0,2500.0
O04424,2026-04-28 04:52:57.275455088,C0248,Monitor,Electronics,South,2,15000,0.0,UPI,No,30000,0.0,30000.0
O04425,2026-04-28 07:29:56.759351872,C0244,Mouse,Accessories,West,3,800,0.0,UPI,No,2400,0.0,2400.0
O04426,2026-04-28 10:06:56.243248648,C0336,Smartphone,Electronics,West,5,40000,0.15,Credit Card,No,200000,30000.0,170000.0
O04427,2026-04-28 12:43:55.727145424,C0245,Smartphone,Electronics,West,2,40000,0.15,UPI,No,80000,12000.0,68000.0
O04428,2026-04-28 15:20:55.211042208,C0146,Headphones,Accessories,West,1,2500,0.15,UPI,No,2500,375.0,2125.0
O04429,2026-04-28 17:57:54.694938984,C0433,Mouse,Accessories,East,1,800,0.0,Debit Card,No,800,0.0,800.0
O04430,2026-04-28 20:34:54.178835768,C0037,Tablet,Electronics,East,3,30000,0.15,Cash,No,90000,13500.0,76500.0
O04431,2026-04-28 23:11:53.662732544,C0401,Tablet,Electronics,South,2,30000,0.1,Cash,No,60000,6000.0,54000.0
O04432,2026-04-29 01:48:53.146629328,C0254,Mouse,Accessories,East,1,800,0.0,Cash,No,800,0.0,800.0
O04433,2026-04-29 04:25:52.630526104,C0209,Mouse,Accessories,South,3,800,0.1,UPI,Yes,2400,240.0,2160.0
O04434,2026-04-29 07:02:52.114422880,C0460,Monitor,Electronics,East,4,15000,0.05,UPI,No,60000,3000.0,57000.0
O04435,2026-04-29 09:39:51.598319664,C0152,Tablet,Electronics,South,1,30000,0.0,Debit Card,No,30000,0.0,30000.0
O04436,2026-04-29 12:16:51.082216440,C0102,Smartphone,Electronics,North,5,40000,0.0,Debit Card,Yes,200000,0.0,200000.0
O04437,2026-04-29 14:53:50.566113224,C0486,Laptop,Electronics,North,1,65000,0.15,Debit Card,Yes,65000,9750.0,55250.0
O04438,2026-04-29 17:30:50.050010000,C0098,Keyboard,Accessories,West,1,2000,0.1,Debit Card,No,2000,200.0,1800.0
O04439,2026-04-29 20:07:49.533906776,C0030,Laptop,Electronics,South,5,65000,0.0,UPI,Yes,325000,0.0,325000.0
O04440,2026-04-29 22:44:49.017803560,C0476,Keyboard,Accessories,West,1,2000,0.1,UPI,No,2000,200.0,1800.0
O04441,2026-04-30 01:21:48.501700336,C0467,Tablet,Electronics,West,4,30000,0.1,Credit Card,No,120000,12000.0,108000.0
O04442,2026-04-30 03:58:47.985597120,C0185,Keyboard,Accessories,South,1,2000,0.0,Debit Card,No,2000,0.0,2000.0
O04443,2026-04-30 06:35:47.469493896,C0082,Laptop,Electronics,West,4,65000,0.05,UPI,No,260000,13000.0,247000.0
O04444,2026-04-30 09:12:46.953390680,C0488,Laptop,Electronics,South,1,65000,0.05,Debit Card,No,65000,3250.0,61750.0
O04445,2026-04-30 11:49:46.437287456,C0469,Monitor,Electronics,North,1,15000,0.1,Debit Card,No,15000,1500.0,13500.0
O04446,2026-04-30 14:26:45.921184232,C0209,Smartphone,Electronics,South,2,40000,0.0,Debit Card,No,80000,0.0,80000.0
O04447,2026-04-30 17:03:45.405081016,C0470,Monitor,Electronics,East,1,15000,0.0,Credit Card,No,15000,0.0,15000.0
O04448,2026-04-30 19:40:44.888977792,C0261,Monitor,Electronics,South,5,15000,0.0,UPI,No,75000,0.0,75000.0
O04449,2026-04-30 22:17:44.372874576,C0206,Monitor,Electronics,South,1,15000,0.0,Debit Card,No,15000,0.0,15000.0
O04450,2026-05-01 00:54:43.856771352,C0216,Smartphone,Electronics,North,1,40000,0.1,Credit Card,No,40000,4000.0,36000.0
O04451,2026-05-01 03:31:43.340668128,C0299,Monitor,Electronics,West,2,15000,0.0,Cash,No,30000,0.0,30000.0
O04452,2026-05-01 06:08:42.824564912,C0109,Monitor,Electronics,West,5,15000,0.0,Credit Card,No,75000,0.0,75000.0
O04453,2026-05-01 08:45:42.308461688,C0489,Webcam,Accessories,North,5,3500,0.0,Cash,No,17500,0.0,17500.0
O04454,2026-05-01 11:22:41.792358472,C0103,Monitor,Electronics,North,1,15000,0.1,Credit Card,No,15000,1500.0,13500.0
O04455,2026-05-01 13:59:41.276255248,C0298,Keyboard,Accessories,East,5,2000,0.05,Debit Card,No,10000,500.0,9500.0
O04456,2026-05-01 16:36:40.760152032,C0312,Monitor,Electronics,South,3,15000,0.0,Credit Card,No,45000,0.0,45000.0
O04457,2026-05-01 19:13:40.244048808,C0127,Webcam,Accessories,North,1,3500,0.0,Cash,No,3500,0.0,3500.0
O04458,2026-05-01 21:50:39.727945584,C0113,Webcam,Accessories,North,1,3500,0.1,Cash,No,3500,350.0,3150.0
O04459,2026-05-02 00:27:39.211842368,C0219,Webcam,Accessories,North,5,3500,0.05,Cash,No,17500,875.0,16625.0
O04460,2026-05-02 03:04:38.695739144,C0474,Monitor,Electronics,East,1,15000,0.1,UPI,No,15000,1500.0,13500.0
O04461,2026-05-02 05:41:38.179635928,C0252,Laptop,Electronics,South,4,65000,0.0,Cash,No,260000,0.0,260000.0
O04462,2026-05-02 08:18:37.663532704,C0316,Webcam,Accessories,North,4,3500,0.1,Cash,No,14000,1400.0,12600.0
O04463,2026-05-02 10:55:37.147429488,C0322,Mouse,Accessories,North,5,800,0.0,Credit Card,No,4000,0.0,4000.0
O04464,2026-05-02 13:32:36.631326264,C0288,Headphones,Accessories,South,1,2500,0.0,Cash,No,2500,0.0,2500.0
O04465,2026-05-02 16:09:36.115223040,C0244,Webcam,Accessories,North,5,3500,0.15,Cash,No,17500,2625.0,14875.0
O04466,2026-05-02 18:46:35.599119824,C0090,Laptop,Electronics,West,5,65000,0.15,Debit Card,No,325000,48750.0,276250.0
O04467,2026-05-02 21:23:35.083016600,C0060,Laptop,Electronics,South,1,65000,0.15,Debit Card,No,65000,9750.0,55250.0
O04468,2026-05-03 00:00:34.566913384,C0318,Laptop,Electronics,South,2,65000,0.15,Credit Card,No,130000,19500.0,110500.0
O04469,2026-05-03 02:37:34.050810160,C0479,Mouse,Accessories,North,5,800,0.0,Debit Card,No,4000,0.0,4000.0
O04470,2026-05-03 05:14:33.534706936,C0101,Smartphone,Electronics,South,2,40000,0.15,Cash,No,80000,12000.0,68000.0
O04471,2026-05-03 07:51:33.018603720,C0176,Webcam,Accessories,North,3,3500,0.15,Cash,No,10500,1575.0,8925.0
O04472,2026-05-03 10:28:32.502500496,C0055,Laptop,Electronics,East,2,65000,0.0,Debit Card,No,130000,0.0,130000.0
O04473,2026-05-03 13:05:31.986397280,C0248,Mouse,Accessories,North,5,800,0.05,Credit Card,Yes,4000,200.0,3800.0
O04474,2026-05-03 15:42:31.470294056,C0428,Laptop,Electronics,East,5,65000,0.0,Credit Card,Yes,325000,0.0,325000.0
O04475,2026-05-03 18:19:30.954190840,C0464,Headphones,Accessories,East,1,2500,0.1,Debit Card,No,2500,250.0,2250.0
O04476,2026-05-03 20:56:30.438087616,C0269,Headphones,Accessories,South,1,2500,0.0,Credit Card,No,2500,0.0,2500.0
O04477,2026-05-03 23:33:29.921984392,C0053,Webcam,Accessories,West,4,3500,0.05,UPI,No,14000,700.0,13300.0
O04478,2026-05-04 02:10:29.405881176,C0103,Keyboard,Accessories,West,2,2000,0.1,Credit Card,No,4000,400.0,3600.0
O04479,2026-05-04 04:47:28.889777952,C0443,Laptop,Electronics,East,5,65000,0.05,UPI,No,325000,16250.0,308750.0
O04480,2026-05-04 07:24:28.373674736,C0183,Tablet,Electronics,South,2,30000,0.15,Cash,No,60000,9000.0,51000.0
O04481,2026-05-04 10:01:27.857571512,C0470,Headphones,Accessories,West,3,2500,0.15,Credit Card,No,7500,1125.0,6375.0
O04482,2026-05-04 12:38:27.341468288,C0305,Monitor,Electronics,East,5,15000,0.15,Credit Card,No,75000,11250.0,63750.0
O04483,2026-05-04 15:15:26.825365072,C0286,Laptop,Electronics,West,3,65000,0.15,Cash,No,195000,29250.0,165750.0
O04484,2026-05-04 17:52:26.309261848,C0167,Monitor,Electronics,West,2,15000,0.05,UPI,No,30000,1500.0,28500.0
O04485,2026-05-04 20:29:25.793158632,C0309,Monitor,Electronics,North,4,15000,0.0,Debit Card,No,60000,0.0,60000.0
O04486,2026-05-04 23:06:25.277055408,C0269,Smartphone,Electronics,North,4,40000,0.05,Cash,No,160000,8000.0,152000.0
O04487,2026-05-05 01:43:24.760952192,C0295,Headphones,Accessories,South,4,2500,0.1,Cash,No,10000,1000.0,9000.0
O04488,2026-05-05 04:20:24.244848968,C0369,Monitor,Electronics,South,1,15000,0.0,Credit Card,No,15000,0.0,15000.0
O04489,2026-05-05 06:57:23.728745744,C0093,Mouse,Accessories,West,1,800,0.0,Debit Card,No,800,0.0,800.0
O04490,2026-05-05 09:34:23.212642528,C0004,Smartphone,Electronics,South,5,40000,0.1,UPI,No,200000,20000.0,180000.0
O04491,2026-05-05 12:11:22.696539304,C0137,Monitor,Electronics,South,1,15000,0.1,UPI,No,15000,1500.0,13500.0
O04492,2026-05-05 14:48:22.180436088,C0161,Keyboard,Accessories,South,1,2000,0.05,Cash,No,2000,100.0,1900.0
O04493,2026-05-05 17:25:21.664332864,C0320,Headphones,Accessories,South,1,2500,0.1,Cash,No,2500,250.0,2250.0
O04494,2026-05-05 20:02:21.148229648,C0011,Mouse,Accessories,East,3,800,0.0,Debit Card,Yes,2400,0.0,2400.0
O04495,2026-05-05 22:39:20.632126424,C0407,Tablet,Electronics,West,1,30000,0.0,Cash,No,30000,0.0,30000.0
O04496,2026-05-06 01:16:20.116023200,C0126,Laptop,Electronics,South,3,65000,0.15,UPI,No,195000,29250.0,165750.0
O04497,2026-05-06 03:53:19.599919984,C0159,Webcam,Accessories,West,2,3500,0.05,UPI,No,7000,350.0,6650.0
O04498,2026-05-06 06:30:19.083816760,C0487,Monitor,Electronics,South,4,15000,0.15,Cash,No,60000,9000.0,51000.0
O04499,2026-05-06 09:07:18.567713544,C0235,Laptop,Electronics,West,4,65000,0.15,Cash,No,260000,39000.0,221000.0
O04500,2026-05-06 11:44:18.051610320,C0319,Tablet,Electronics,South,2,30000,0.1,Debit Card,No,60000,6000.0,54000.0
O04501,2026-05-06 14:21:17.535507096,C0340,Laptop,Electronics,North,4,65000,0.0,Credit Card,No,260000,0.0,260000.0
O04502,2026-05-06 16:58:17.019403880,C0205,Tablet,Electronics,East,4,30000,0.15,Cash,No,120000,18000.0,102000.0
O04503,2026-05-06 19:35:16.503300656,C0263,Smartphone,Electronics,West,1,40000,0.0,Debit Card,No,40000,0.0,40000.0
O04504,2026-05-06 22:12:15.987197440,C0057,Headphones,Accessories,North,1,2500,0.15,UPI,No,2500,375.0,2125.0
O04505,2026-05-07 00:49:15.471094216,C0232,Webcam,Accessories,South,4,3500,0.0,Debit Card,No,14000,0.0,14000.0
O04506,2026-05-07 03:26:14.954991000,C0477,Webcam,Accessories,East,5,3500,0.1,Cash,No,17500,1750.0,15750.0
O04507,2026-05-07 06:03:14.438887776,C0249,Tablet,Electronics,West,2,30000,0.0,Debit Card,No,60000,0.0,60000.0
O04508,2026-05-07 08:40:13.922784552,C0203,Headphones,Accessories,North,4,2500,0.05,Credit Card,No,10000,500.0,9500.0
O04509,2026-05-07 11:17:13.406681336,C0210,Headphones,Accessories,West,4,2500,0.0,Debit Card,No,10000,0.0,10000.0
O04510,2026-05-07 13:54:12.890578112,C0088,Headphones,Accessories,South,5,2500,0.0,Credit Card,No,12500,0.0,12500.0
O04511,2026-05-07 16:31:12.374474896,C0463,Mouse,Accessories,North,5,800,0.05,UPI,No,4000,200.0,3800.0
O04512,2026-05-07 19:08:11.858371672,C0427,Tablet,Electronics,South,3,30000,0.05,UPI,No,90000,4500.0,85500.0
O04513,2026-05-07 21:45:11.342268448,C0422,Tablet,Electronics,South,1,30000,0.1,Credit Card,No,30000,3000.0,27000.0
O04514,2026-05-08 00:22:10.826165232,C0021,Tablet,Electronics,East,2,30000,0.15,Credit Card,No,60000,9000.0,51000.0
O04515,2026-05-08 02:59:10.310062008,C0035,Monitor,Electronics,West,4,15000,0.05,UPI,No,60000,3000.0,57000.0
O04516,2026-05-08 05:36:09.793958792,C0468,Keyboard,Accessories,East,1,2000,0.15,Cash,No,2000,300.0,1700.0
O04517,2026-05-08 08:13:09.277855568,C0420,Keyboard,Accessories,West,1,2000,0.1,UPI,No,2000,200.0,1800.0
O04518,2026-05-08 10:50:08.761752352,C0456,Webcam,Accessories,East,2,3500,0.1,Debit Card,No,7000,700.0,6300.0
O04519,2026-05-08 13:27:08.245649128,C0059,Monitor,Electronics,North,5,15000,0.0,Debit Card,No,75000,0.0,75000.0
O04520,2026-05-08 16:04:07.729545904,C0134,Headphones,Accessories,East,2,2500,0.05,UPI,No,5000,250.0,4750.0
O04521,2026-05-08 18:41:07.213442688,C0029,Monitor,Electronics,North,5,15000,0.1,Debit Card,No,75000,7500.0,67500.0
O04522,2026-05-08 21:18:06.697339464,C0428,Keyboard,Accessories,East,3,2000,0.1,Debit Card,No,6000,600.0,5400.0
O04523,2026-05-08 23:55:06.181236248,C0183,Headphones,Accessories,East,4,2500,0.0,Debit Card,No,10000,0.0,10000.0
O04524,2026-05-09 02:32:05.665133024,C0468,Tablet,Electronics,West,5,30000,0.1,Debit Card,No,150000,15000.0,135000.0
O04525,2026-05-09 05:09:05.149029808,C0414,Webcam,Accessories,East,1,3500,0.15,Credit Card,No,3500,525.0,2975.0
O04526,2026-05-09 07:46:04.632926584,C0226,Mouse,Accessories,West,5,800,0.05,Credit Card,No,4000,200.0,3800.0
O04527,2026-05-09 10:23:04.116823360,C0427,Tablet,Electronics,West,3,30000,0.05,Credit Card,No,90000,4500.0,85500.0
O04528,2026-05-09 13:00:03.600720144,C0341,Monitor,Electronics,North,4,15000,0.0,UPI,No,60000,0.0,60000.0
O04529,2026-05-09 15:37:03.084616920,C0428,Headphones,Accessories,West,5,2500,0.0,UPI,No,12500,0.0,12500.0
O04530,2026-05-09 18:14:02.568513704,C0011,Tablet,Electronics,West,3,30000,0.15,Debit Card,No,90000,13500.0,76500.0
O04531,2026-05-09 20:51:02.052410480,C0025,Webcam,Accessories,North,5,3500,0.1,Cash,No,17500,1750.0,15750.0
O04532,2026-05-09 23:28:01.536307256,C0206,Tablet,Electronics,East,4,30000,0.0,Cash,No,120000,0.0,120000.0
O04533,2026-05-10 02:05:01.020204040,C0370,Monitor,Electronics,East,3,15000,0.05,Debit Card,No,45000,2250.0,42750.0
O04534,2026-05-10 04:42:00.504100816,C0069,Monitor,Electronics,North,2,15000,0.05,Cash,No,30000,1500.0,28500.0
O04535,2026-05-10 07:18:59.987997600,C0179,Smartphone,Electronics,West,1,40000,0.15,Debit Card,No,40000,6000.0,34000.0
O04536,2026-05-10 09:55:59.471894376,C0423,Keyboard,Accessories,South,5,2000,0.1,Debit Card,No,10000,1000.0,9000.0
O04537,2026-05-10 12:32:58.955791160,C0194,Smartphone,Electronics,West,1,40000,0.05,UPI,No,40000,2000.0,38000.0
O04538,2026-05-10 15:09:58.439687936,C0156,Headphones,Accessories,West,2,2500,0.15,UPI,No,5000,750.0,4250.0
O04539,2026-05-10 17:46:57.923584712,C0067,Headphones,Accessories,North,2,2500,0.1,Debit Card,No,5000,500.0,4500.0
O04540,2026-05-10 20:23:57.407481496,C0333,Webcam,Accessories,North,5,3500,0.05,Cash,No,17500,875.0,16625.0
O04541,2026-05-10 23:00:56.891378272,C0422,Laptop,Electronics,East,3,65000,0.0,Credit Card,No,195000,0.0,195000.0
O04542,2026-05-11 01:37:56.375275056,C0266,Laptop,Electronics,West,3,65000,0.1,Credit Card,No,195000,19500.0,175500.0
O04543,2026-05-11 04:14:55.859171832,C0325,Headphones,Accessories,South,1,2500,0.15,Cash,No,2500,375.0,2125.0
O04544,2026-05-11 06:51:55.343068608,C0397,Tablet,Electronics,West,1,30000,0.0,Credit Card,No,30000,0.0,30000.0
O04545,2026-05-11 09:28:54.826965392,C0396,Monitor,Electronics,East,5,15000,0.05,Cash,No,75000,3750.0,71250.0
O04546,2026-05-11 12:05:54.310862168,C0467,Laptop,Electronics,East,2,65000,0.15,Cash,No,130000,19500.0,110500.0
O04547,2026-05-11 14:42:53.794758952,C0307,Smartphone,Electronics,West,1,40000,0.05,Debit Card,No,40000,2000.0,38000.0
O04548,2026-05-11 17:19:53.278655728,C0479,Mouse,Accessories,East,1,800,0.05,Cash,No,800,40.0,760.0
O04549,2026-05-11 19:56:52.762552512,C0316,Keyboard,Accessories,South,4,2000,0.05,UPI,No,8000,400.0,7600.0
O04550,2026-05-11 22:33:52.246449288,C0492,Keyboard,Accessories,North,4,2000,0.0,UPI,No,8000,0.0,8000.0
O04551,2026-05-12 01:10:51.730346064,C0364,Smartphone,Electronics,East,4,40000,0.1,Debit Card,No,160000,16000.0,144000.0
O04552,2026-05-12 03:47:51.214242848,C0053,Monitor,Electronics,South,2,15000,0.0,Cash,No,30000,0.0,30000.0
O04553,2026-05-12 06:24:50.698139624,C0118,Headphones,Accessories,West,1,2500,0.05,Debit Card,No,2500,125.0,2375.0
O04554,2026-05-12 09:01:50.182036408,C0285,Tablet,Electronics,North,1,30000,0.05,Debit Card,No,30000,1500.0,28500.0
O04555,2026-05-12 11:38:49.665933184,C0016,Mouse,Accessories,West,2,800,0.0,Debit Card,No,1600,0.0,1600.0
O04556,2026-05-12 14:15:49.149829968,C0102,Smartphone,Electronics,East,4,40000,0.0,Cash,No,160000,0.0,160000.0
O04557,2026-05-12 16:52:48.633726744,C0436,Monitor,Electronics,North,4,15000,0.0,Credit Card,No,60000,0.0,60000.0
O04558,2026-05-12 19:29:48.117623520,C0054,Monitor,Electronics,North,2,15000,0.1,Cash,No,30000,3000.0,27000.0
O04559,2026-05-12 22:06:47.601520304,C0441,Mouse,Accessories,East,2,800,0.05,UPI,No,1600,80.0,1520.0
O04560,2026-05-13 00:43:47.085417080,C0411,Laptop,Electronics,North,5,65000,0.0,Debit Card,No,325000,0.0,325000.0
O04561,2026-05-13 03:20:46.569313864,C0108,Smartphone,Electronics,North,2,40000,0.0,UPI,No,80000,0.0,80000.0
O04562,2026-05-13 05:57:46.053210640,C0397,Tablet,Electronics,South,4,30000,0.0,UPI,Yes,120000,0.0,120000.0
O04563,2026-05-13 08:34:45.537107416,C0275,Smartphone,Electronics,East,4,40000,0.15,Debit Card,No,160000,24000.0,136000.0
O04564,2026-05-13 11:11:45.021004200,C0147,Mouse,Accessories,North,4,800,0.05,Credit Card,Yes,3200,160.0,3040.0
O04565,2026-05-13 13:48:44.504900976,C0160,Mouse,Accessories,North,2,800,0.0,Credit Card,No,1600,0.0,1600.0
O04566,2026-05-13 16:25:43.988797760,C0198,Mouse,Accessories,East,3,800,0.05,UPI,No,2400,120.0,2280.0
O04567,2026-05-13 19:02:43.472694536,C0044,Headphones,Accessories,West,4,2500,0.05,Cash,No,10000,500.0,9500.0
O04568,2026-05-13 21:39:42.956591320,C0350,Monitor,Electronics,North,5,15000,0.0,Credit Card,No,75000,0.0,75000.0
O04569,2026-05-14 00:16:42.440488096,C0263,Smartphone,Electronics,West,1,40000,0.0,Debit Card,No,40000,0.0,40000.0
O04570,2026-05-14 02:53:41.924384872,C0381,Laptop,Electronics,West,3,65000,0.0,Credit Card,Yes,195000,0.0,195000.0
O04571,2026-05-14 05:30:41.408281656,C0274,Tablet,Electronics,East,1,30000,0.1,UPI,No,30000,3000.0,27000.0
O04572,2026-05-14 08:07:40.892178432,C0488,Laptop,Electronics,East,3,65000,0.05,Cash,No,195000,9750.0,185250.0
O04573,2026-05-14 10:44:40.376075216,C0341,Webcam,Accessories,North,5,3500,0.15,Cash,No,17500,2625.0,14875.0
O04574,2026-05-14 13:21:39.859971992,C0075,Smartphone,Electronics,West,5,40000,0.0,Debit Card,No,200000,0.0,200000.0
O04575,2026-05-14 15:58:39.343868768,C0482,Keyboard,Accessories,West,1,2000,0.05,UPI,Yes,2000,100.0,1900.0
O04576,2026-05-14 18:35:38.827765552,C0281,Mouse,Accessories,West,3,800,0.05,Credit Card,No,2400,120.0,2280.0
O04577,2026-05-14 21:12:38.311662328,C0263,Smartphone,Electronics,East,1,40000,0.1,Debit Card,No,40000,4000.0,36000.0
O04578,2026-05-14 23:49:37.795559112,C0440,Tablet,Electronics,North,2,30000,0.05,Debit Card,No,60000,3000.0,57000.0
O04579,2026-05-15 02:26:37.279455888,C0353,Laptop,Electronics,East,5,65000,0.0,Debit Card,No,325000,0.0,325000.0
O04580,2026-05-15 05:03:36.763352672,C0264,Webcam,Accessories,West,1,3500,0.0,UPI,No,3500,0.0,3500.0
O04581,2026-05-15 07:40:36.247249448,C0115,Keyboard,Accessories,North,3,2000,0.0,Cash,No,6000,0.0,6000.0
O04582,2026-05-15 10:17:35.731146224,C0150,Tablet,Electronics,North,2,30000,0.15,Credit Card,No,60000,9000.0,51000.0
O04583,2026-05-15 12:54:35.215043008,C0423,Headphones,Accessories,North,3,2500,0.0,Credit Card,No,7500,0.0,7500.0
O04584,2026-05-15 15:31:34.698939784,C0437,Smartphone,Electronics,North,5,40000,0.15,Credit Card,No,200000,30000.0,170000.0
O04585,2026-05-15 18:08:34.182836568,C0041,Headphones,Accessories,North,1,2500,0.1,Cash,No,2500,250.0,2250.0
O04586,2026-05-15 20:45:33.666733344,C0190,Laptop,Electronics,East,5,65000,0.0,Cash,No,325000,0.0,325000.0
O04587,2026-05-15 23:22:33.150630128,C0383,Smartphone,Electronics,North,4,40000,0.1,Debit Card,No,160000,16000.0,144000.0
O04588,2026-05-16 01:59:32.634526904,C0221,Monitor,Electronics,West,2,15000,0.1,Credit Card,Yes,30000,3000.0,27000.0
O04589,2026-05-16 04:36:32.118423680,C0354,Headphones,Accessories,South,3,2500,0.0,Credit Card,No,7500,0.0,7500.0
O04590,2026-05-16 07:13:31.602320464,C0457,Mouse,Accessories,East,5,800,0.15,Cash,No,4000,600.0,3400.0
O04591,2026-05-16 09:50:31.086217240,C0074,Smartphone,Electronics,North,4,40000,0.05,Credit Card,No,160000,8000.0,152000.0
O04592,2026-05-16 12:27:30.570114024,C0220,Mouse,Accessories,West,3,800,0.15,UPI,No,2400,360.0,2040.0
O04593,2026-05-16 15:04:30.054010800,C0001,Headphones,Accessories,East,4,2500,0.15,Cash,No,10000,1500.0,8500.0
O04594,2026-05-16 17:41:29.537907576,C0381,Keyboard,Accessories,East,3,2000,0.1,UPI,No,6000,600.0,5400.0
O04595,2026-05-16 20:18:29.021804360,C0160,Webcam,Accessories,East,2,3500,0.1,UPI,No,7000,700.0,6300.0
O04596,2026-05-16 22:55:28.505701136,C0408,Tablet,Electronics,West,3,30000,0.0,Credit Card,No,90000,0.0,90000.0
O04597,2026-05-17 01:32:27.989597920,C0365,Webcam,Accessories,East,3,3500,0.1,UPI,No,10500,1050.0,9450.0
O04598,2026-05-17 04:09:27.473494696,C0403,Smartphone,Electronics,South,2,40000,0.0,UPI,No,80000,0.0,80000.0
O04599,2026-05-17 06:46:26.957391480,C0279,Monitor,Electronics,East,5,15000,0.0,Credit Card,No,75000,0.0,75000.0
O04600,2026-05-17 09:23:26.441288256,C0244,Tablet,Electronics,South,4,30000,0.1,Debit Card,No,120000,12000.0,108000.0
O04601,2026-05-17 12:00:25.925185032,C0492,Smartphone,Electronics,West,4,40000,0.15,Credit Card,No,160000,24000.0,136000.0
O04602,2026-05-17 14:37:25.409081816,C0031,Tablet,Electronics,North,2,30000,0.1,Credit Card,No,60000,6000.0,54000.0
O04603,2026-05-17 17:14:24.892978592,C0185,Monitor,Electronics,South,3,15000,0.05,Cash,No,45000,2250.0,42750.0
O04604,2026-05-17 19:51:24.376875376,C0361,Monitor,Electronics,West,1,15000,0.1,Debit Card,No,15000,1500.0,13500.0
O04605,2026-05-17 22:28:23.860772152,C0385,Tablet,Electronics,South,1,30000,0.15,Cash,No,30000,4500.0,25500.0
O04606,2026-05-18 01:05:23.344668928,C0468,Headphones,Accessories,East,1,2500,0.05,UPI,No,2500,125.0,2375.0
O04607,2026-05-18 03:42:22.828565712,C0290,Laptop,Electronics,West,1,65000,0.1,UPI,No,65000,6500.0,58500.0
O04608,2026-05-18 06:19:22.312462488,C0446,Monitor,Electronics,West,5,15000,0.15,Cash,No,75000,11250.0,63750.0
O04609,2026-05-18 08:56:21.796359272,C0208,Tablet,Electronics,South,3,30000,0.15,Cash,No,90000,13500.0,76500.0
O04610,2026-05-18 11:33:21.280256048,C0232,Keyboard,Accessories,West,5,2000,0.1,Credit Card,No,10000,1000.0,9000.0
O04611,2026-05-18 14:10:20.764152832,C0092,Headphones,Accessories,East,2,2500,0.1,Cash,No,5000,500.0,4500.0
O04612,2026-05-18 16:47:20.248049608,C0472,Mouse,Accessories,East,5,800,0.1,Debit Card,No,4000,400.0,3600.0
O04613,2026-05-18 19:24:19.731946384,C0346,Tablet,Electronics,West,5,30000,0.05,Credit Card,No,150000,7500.0,142500.0
O04614,2026-05-18 22:01:19.215843168,C0365,Mouse,Accessories,East,3,800,0.05,Credit Card,No,2400,120.0,2280.0
O04615,2026-05-19 00:38:18.699739944,C0035,Headphones,Accessories,South,2,2500,0.0,UPI,No,5000,0.0,5000.0
O04616,2026-05-19 03:15:18.183636728,C0040,Mouse,Accessories,East,2,800,0.1,Debit Card,No,1600,160.0,1440.0
O04617,2026-05-19 05:52:17.667533504,C0332,Tablet,Electronics,West,4,30000,0.15,Credit Card,No,120000,18000.0,102000.0
O04618,2026-05-19 08:29:17.151430288,C0091,Laptop,Electronics,West,4,65000,0.1,Cash,No,260000,26000.0,234000.0
O04619,2026-05-19 11:06:16.635327064,C0336,Headphones,Accessories,North,5,2500,0.1,Cash,No,12500,1250.0,11250.0
O04620,2026-05-19 13:43:16.119223840,C0335,Headphones,Accessories,West,1,2500,0.05,Credit Card,Yes,2500,125.0,2375.0
O04621,2026-05-19 16:20:15.603120624,C0489,Keyboard,Accessories,East,4,2000,0.15,Credit Card,No,8000,1200.0,6800.0
O04622,2026-05-19 18:57:15.087017400,C0126,Keyboard,Accessories,North,5,2000,0.1,Cash,No,10000,1000.0,9000.0
O04623,2026-05-19 21:34:14.570914184,C0046,Headphones,Accessories,North,1,2500,0.1,Credit Card,No,2500,250.0,2250.0
O04624,2026-05-20 00:11:14.054810960,C0051,Smartphone,Electronics,North,1,40000,0.05,Credit Card,No,40000,2000.0,38000.0
O04625,2026-05-20 02:48:13.538707736,C0077,Laptop,Electronics,West,2,65000,0.05,Credit Card,No,130000,6500.0,123500.0
O04626,2026-05-20 05:25:13.022604520,C0283,Monitor,Electronics,North,4,15000,0.1,Debit Card,No,60000,6000.0,54000.0
O04627,2026-05-20 08:02:12.506501296,C0431,Monitor,Electronics,South,3,15000,0.0,Credit Card,No,45000,0.0,45000.0
O04628,2026-05-20 10:39:11.990398080,C0308,Laptop,Electronics,East,2,65000,0.1,Credit Card,No,130000,13000.0,117000.0
O04629,2026-05-20 13:16:11.474294856,C0453,Mouse,Accessories,South,1,800,0.0,Credit Card,No,800,0.0,800.0
O04630,2026-05-20 15:53:10.958191640,C0157,Mouse,Accessories,South,1,800,0.15,Cash,No,800,120.0,680.0
O04631,2026-05-20 18:30:10.442088416,C0383,Webcam,Accessories,North,4,3500,0.0,Credit Card,No,14000,0.0,14000.0
O04632,2026-05-20 21:07:09.925985192,C0353,Mouse,Accessories,North,1,800,0.05,Credit Card,Yes,800,40.0,760.0
O04633,2026-05-20 23:44:09.409881976,C0010,Tablet,Electronics,West,1,30000,0.0,UPI,No,30000,0.0,30000.0
O04634,2026-05-21 02:21:08.893778752,C0278,Monitor,Electronics,East,1,15000,0.05,Debit Card,No,15000,750.0,14250.0
O04635,2026-05-21 04:58:08.377675536,C0463,Mouse,Accessories,West,5,800,0.15,Credit Card,No,4000,600.0,3400.0
O04636,2026-05-21 07:35:07.861572312,C0405,Webcam,Accessories,North,4,3500,0.1,UPI,No,14000,1400.0,12600.0
O04637,2026-05-21 10:12:07.345469088,C0500,Webcam,Accessories,West,3,3500,0.0,Credit Card,No,10500,0.0,10500.0
O04638,2026-05-21 12:49:06.829365872,C0007,Laptop,Electronics,North,1,65000,0.0,Debit Card,No,65000,0.0,65000.0
O04639,2026-05-21 15:26:06.313262648,C0021,Laptop,Electronics,West,4,65000,0.0,Credit Card,No,260000,0.0,260000.0
O04640,2026-05-21 18:03:05.797159432,C0065,Smartphone,Electronics,North,3,40000,0.05,UPI,No,120000,6000.0,114000.0
O04641,2026-05-21 20:40:05.281056208,C0285,Webcam,Accessories,East,1,3500,0.0,Debit Card,No,3500,0.0,3500.0
O04642,2026-05-21 23:17:04.764952992,C0467,Keyboard,Accessories,South,5,2000,0.05,UPI,No,10000,500.0,9500.0
O04643,2026-05-22 01:54:04.248849768,C0445,Tablet,Electronics,South,4,30000,0.0,Debit Card,No,120000,0.0,120000.0
O04644,2026-05-22 04:31:03.732746544,C0117,Smartphone,Electronics,West,2,40000,0.0,UPI,No,80000,0.0,80000.0
O04645,2026-05-22 07:08:03.216643328,C0186,Monitor,Electronics,North,4,15000,0.05,Credit Card,No,60000,3000.0,57000.0
O04646,2026-05-22 09:45:02.700540104,C0448,Tablet,Electronics,South,1,30000,0.05,UPI,No,30000,1500.0,28500.0
O04647,2026-05-22 12:22:02.184436888,C0258,Laptop,Electronics,East,5,65000,0.0,Debit Card,No,325000,0.0,325000.0
O04648,2026-05-22 14:59:01.668333664,C0100,Laptop,Electronics,East,4,65000,0.15,Cash,No,260000,39000.0,221000.0
O04649,2026-05-22 17:36:01.152230448,C0219,Webcam,Accessories,North,4,3500,0.05,Cash,No,14000,700.0,13300.0
O04650,2026-05-22 20:13:00.636127224,C0054,Headphones,Accessories,West,4,2500,0.05,Debit Card,No,10000,500.0,9500.0
O04651,2026-05-22 22:50:00.120024000,C0139,Laptop,Electronics,West,1,65000,0.15,Cash,No,65000,9750.0,55250.0
O04652,2026-05-23 01:26:59.603920784,C0406,Keyboard,Accessories,West,2,2000,0.1,Cash,No,4000,400.0,3600.0
O04653,2026-05-23 04:03:59.087817560,C0244,Monitor,Electronics,North,4,15000,0.05,Cash,No,60000,3000.0,57000.0
O04654,2026-05-23 06:40:58.571714344,C0314,Headphones,Accessories,West,3,2500,0.1,Debit Card,No,7500,750.0,6750.0
O04655,2026-05-23 09:17:58.055611120,C0360,Laptop,Electronics,West,1,65000,0.15,Debit Card,No,65000,9750.0,55250.0
O04656,2026-05-23 11:54:57.539507896,C0221,Webcam,Accessories,East,3,3500,0.05,UPI,No,10500,525.0,9975.0
O04657,2026-05-23 14:31:57.023404680,C0138,Webcam,Accessories,West,4,3500,0.05,Credit Card,No,14000,700.0,13300.0
O04658,2026-05-23 17:08:56.507301456,C0473,Webcam,Accessories,North,3,3500,0.15,Credit Card,Yes,10500,1575.0,8925.0
O04659,2026-05-23 19:45:55.991198240,C0300,Webcam,Accessories,South,2,3500,0.1,Credit Card,Yes,7000,700.0,6300.0
O04660,2026-05-23 22:22:55.475095016,C0033,Webcam,Accessories,East,2,3500,0.05,Cash,No,7000,350.0,6650.0
O04661,2026-05-24 00:59:54.958991800,C0172,Keyboard,Accessories,East,4,2000,0.1,UPI,No,8000,800.0,7200.0
O04662,2026-05-24 03:36:54.442888576,C0304,Monitor,Electronics,West,5,15000,0.15,Debit Card,No,75000,11250.0,63750.0
O04663,2026-05-24 06:13:53.926785352,C0319,Smartphone,Electronics,West,3,40000,0.05,Credit Card,No,120000,6000.0,114000.0
O04664,2026-05-24 08:50:53.410682136,C0200,Tablet,Electronics,East,1,30000,0.05,Cash,No,30000,1500.0,28500.0
O04665,2026-05-24 11:27:52.894578912,C0209,Mouse,Accessories,East,4,800,0.0,Debit Card,No,3200,0.0,3200.0
O04666,2026-05-24 14:04:52.378475696,C0005,Monitor,Electronics,West,4,15000,0.1,UPI,No,60000,6000.0,54000.0
O04667,2026-05-24 16:41:51.862372472,C0470,Keyboard,Accessories,East,2,2000,0.15,Cash,No,4000,600.0,3400.0
O04668,2026-05-24 19:18:51.346269248,C0115,Headphones,Accessories,North,2,2500,0.15,Credit Card,No,5000,750.0,4250.0
O04669,2026-05-24 21:55:50.830166032,C0487,Webcam,Accessories,North,1,3500,0.05,Cash,No,3500,175.0,3325.0
O04670,2026-05-25 00:32:50.314062808,C0086,Monitor,Electronics,North,3,15000,0.15,Debit Card,No,45000,6750.0,38250.0
O04671,2026-05-25 03:09:49.797959592,C0159,Smartphone,Electronics,South,5,40000,0.0,Credit Card,No,200000,0.0,200000.0
O04672,2026-05-25 05:46:49.281856368,C0027,Monitor,Electronics,East,4,15000,0.0,UPI,No,60000,0.0,60000.0
O04673,2026-05-25 08:23:48.765753152,C0282,Keyboard,Accessories,East,3,2000,0.0,UPI,No,6000,0.0,6000.0
O04674,2026-05-25 11:00:48.249649928,C0039,Tablet,Electronics,South,5,30000,0.15,Debit Card,No,150000,22500.0,127500.0
O04675,2026-05-25 13:37:47.733546704,C0500,Smartphone,Electronics,South,5,40000,0.1,Debit Card,No,200000,20000.0,180000.0
O04676,2026-05-25 16:14:47.217443488,C0301,Smartphone,Electronics,North,5,40000,0.05,Cash,No,200000,10000.0,190000.0
O04677,2026-05-25 18:51:46.701340264,C0258,Tablet,Electronics,West,2,30000,0.1,UPI,No,60000,6000.0,54000.0
O04678,2026-05-25 21:28:46.185237048,C0118,Mouse,Accessories,South,3,800,0.1,Cash,No,2400,240.0,2160.0
O04679,2026-05-26 00:05:45.669133824,C0492,Monitor,Electronics,West,4,15000,0.15,Cash,No,60000,9000.0,51000.0
O04680,2026-05-26 02:42:45.153030608,C0297,Headphones,Accessories,West,4,2500,0.05,Cash,No,10000,500.0,9500.0
O04681,2026-05-26 05:19:44.636927384,C0183,Tablet,Electronics,South,4,30000,0.05,Debit Card,No,120000,6000.0,114000.0
O04682,2026-05-26 07:56:44.120824160,C0374,Headphones,Accessories,North,3,2500,0.05,Credit Card,No,7500,375.0,7125.0
O04683,2026-05-26 10:33:43.604720944,C0222,Keyboard,Accessories,North,4,2000,0.0,UPI,No,8000,0.0,8000.0
O04684,2026-05-26 13:10:43.088617720,C0417,Laptop,Electronics,South,1,65000,0.15,Credit Card,No,65000,9750.0,55250.0
O04685,2026-05-26 15:47:42.572514504,C0203,Smartphone,Electronics,West,4,40000,0.1,Debit Card,No,160000,16000.0,144000.0
O04686,2026-05-26 18:24:42.056411280,C0458,Mouse,Accessories,South,2,800,0.0,UPI,No,1600,0.0,1600.0
O04687,2026-05-26 21:01:41.540308056,C0246,Headphones,Accessories,West,3,2500,0.05,UPI,No,7500,375.0,7125.0
O04688,2026-05-26 23:38:41.024204840,C0241,Webcam,Accessories,North,3,3500,0.0,Debit Card,No,10500,0.0,10500.0
O04689,2026-05-27 02:15:40.508101616,C0403,Webcam,Accessories,South,2,3500,0.05,Debit Card,No,7000,350.0,6650.0
O04690,2026-05-27 04:52:39.991998400,C0324,Headphones,Accessories,South,2,2500,0.05,Debit Card,No,5000,250.0,4750.0
O04691,2026-05-27 07:29:39.475895176,C0466,Mouse,Accessories,East,3,800,0.1,Credit Card,No,2400,240.0,2160.0
O04692,2026-05-27 10:06:38.959791960,C0188,Keyboard,Accessories,West,4,2000,0.1,Credit Card,No,8000,800.0,7200.0
O04693,2026-05-27 12:43:38.443688736,C0014,Monitor,Electronics,North,4,15000,0.1,Credit Card,No,60000,6000.0,54000.0
O04694,2026-05-27 15:20:37.927585512,C0133,Monitor,Electronics,East,1,15000,0.05,Credit Card,No,15000,750.0,14250.0
O04695,2026-05-27 17:57:37.411482296,C0375,Monitor,Electronics,South,2,15000,0.15,Debit Card,Yes,30000,4500.0,25500.0
O04696,2026-05-27 20:34:36.895379072,C0317,Monitor,Electronics,East,1,15000,0.1,Cash,No,15000,1500.0,13500.0
O04697,2026-05-27 23:11:36.379275856,C0461,Mouse,Accessories,East,2,800,0.1,Credit Card,No,1600,160.0,1440.0
O04698,2026-05-28 01:48:35.863172632,C0377,Tablet,Electronics,West,4,30000,0.1,Debit Card,No,120000,12000.0,108000.0
O04699,2026-05-28 04:25:35.347069408,C0006,Monitor,Electronics,North,1,15000,0.15,Credit Card,No,15000,2250.0,12750.0
O04700,2026-05-28 07:02:34.830966192,C0032,Mouse,Accessories,East,4,800,0.0,Debit Card,No,3200,0.0,3200.0
O04701,2026-05-28 09:39:34.314862968,C0048,Keyboard,Accessories,North,3,2000,0.0,Credit Card,No,6000,0.0,6000.0
O04702,2026-05-28 12:16:33.798759752,C0187,Keyboard,Accessories,East,2,2000,0.1,Credit Card,No,4000,400.0,3600.0
O04703,2026-05-28 14:53:33.282656528,C0261,Headphones,Accessories,North,2,2500,0.1,UPI,Yes,5000,500.0,4500.0
O04704,2026-05-28 17:30:32.766553312,C0280,Mouse,Accessories,West,4,800,0.15,Credit Card,No,3200,480.0,2720.0
O04705,2026-05-28 20:07:32.250450088,C0347,Mouse,Accessories,West,1,800,0.15,Debit Card,No,800,120.0,680.0
O04706,2026-05-28 22:44:31.734346864,C0432,Tablet,Electronics,North,5,30000,0.15,UPI,No,150000,22500.0,127500.0
O04707,2026-05-29 01:21:31.218243648,C0414,Keyboard,Accessories,West,5,2000,0.05,Credit Card,No,10000,500.0,9500.0
O04708,2026-05-29 03:58:30.702140424,C0070,Smartphone,Electronics,South,2,40000,0.1,Cash,No,80000,8000.0,72000.0
O04709,2026-05-29 06:35:30.186037208,C0121,Smartphone,Electronics,North,4,40000,0.05,Credit Card,No,160000,8000.0,152000.0
O04710,2026-05-29 09:12:29.669933984,C0201,Headphones,Accessories,East,4,2500,0.15,Credit Card,No,10000,1500.0,8500.0
O04711,2026-05-29 11:49:29.153830768,C0398,Laptop,Electronics,East,3,65000,0.15,Debit Card,No,195000,29250.0,165750.0
O04712,2026-05-29 14:26:28.637727544,C0259,Mouse,Accessories,East,1,800,0.0,UPI,No,800,0.0,800.0
O04713,2026-05-29 17:03:28.121624320,C0125,Mouse,Accessories,North,4,800,0.0,Credit Card,No,3200,0.0,3200.0
O04714,2026-05-29 19:40:27.605521104,C0424,Webcam,Accessories,West,1,3500,0.1,Credit Card,Yes,3500,350.0,3150.0
O04715,2026-05-29 22:17:27.089417880,C0325,Laptop,Electronics,West,2,65000,0.0,UPI,Yes,130000,0.0,130000.0
O04716,2026-05-30 00:54:26.573314664,C0092,Keyboard,Accessories,West,3,2000,0.05,Cash,No,6000,300.0,5700.0
O04717,2026-05-30 03:31:26.057211440,C0229,Smartphone,Electronics,South,2,40000,0.1,Credit Card,No,80000,8000.0,72000.0
O04718,2026-05-30 06:08:25.541108216,C0261,Keyboard,Accessories,South,5,2000,0.05,Credit Card,No,10000,500.0,9500.0
O04719,2026-05-30 08:45:25.025005000,C0183,Webcam,Accessories,North,2,3500,0.0,Cash,No,7000,0.0,7000.0
O04720,2026-05-30 11:22:24.508901776,C0147,Headphones,Accessories,South,5,2500,0.1,UPI,No,12500,1250.0,11250.0
O04721,2026-05-30 13:59:23.992798560,C0137,Monitor,Electronics,South,3,15000,0.0,Debit Card,Yes,45000,0.0,45000.0
O04722,2026-05-30 16:36:23.476695336,C0135,Smartphone,Electronics,South,5,40000,0.15,UPI,No,200000,30000.0,170000.0
O04723,2026-05-30 19:13:22.960592120,C0098,Laptop,Electronics,East,4,65000,0.15,Cash,No,260000,39000.0,221000.0
O04724,2026-05-30 21:50:22.444488896,C0049,Laptop,Electronics,West,4,65000,0.1,Debit Card,No,260000,26000.0,234000.0
O04725,2026-05-31 00:27:21.928385672,C0075,Mouse,Accessories,East,2,800,0.1,Credit Card,No,1600,160.0,1440.0
O04726,2026-05-31 03:04:21.412282456,C0401,Mouse,Accessories,West,1,800,0.15,Cash,No,800,120.0,680.0
O04727,2026-05-31 05:41:20.896179232,C0053,Tablet,Electronics,South,5,30000,0.1,Credit Card,No,150000,15000.0,135000.0
O04728,2026-05-31 08:18:20.380076016,C0057,Smartphone,Electronics,South,2,40000,0.1,Debit Card,No,80000,8000.0,72000.0
O04729,2026-05-31 10:55:19.863972792,C0120,Webcam,Accessories,West,5,3500,0.1,UPI,No,17500,1750.0,15750.0
O04730,2026-05-31 13:32:19.347869576,C0492,Keyboard,Accessories,South,4,2000,0.05,Cash,No,8000,400.0,7600.0
O04731,2026-05-31 16:09:18.831766352,C0417,Tablet,Electronics,North,2,30000,0.15,Credit Card,No,60000,9000.0,51000.0
O04732,2026-05-31 18:46:18.315663128,C0476,Webcam,Accessories,North,5,3500,0.15,Credit Card,No,17500,2625.0,14875.0
O04733,2026-05-31 21:23:17.799559912,C0049,Mouse,Accessories,East,3,800,0.05,Debit Card,Yes,2400,120.0,2280.0
O04734,2026-06-01 00:00:17.283456688,C0041,Keyboard,Accessories,North,5,2000,0.0,Cash,No,10000,0.0,10000.0
O04735,2026-06-01 02:37:16.767353472,C0061,Headphones,Accessories,South,5,2500,0.0,Credit Card,No,12500,0.0,12500.0
O04736,2026-06-01 05:14:16.251250248,C0033,Headphones,Accessories,West,3,2500,0.0,Cash,No,7500,0.0,7500.0
O04737,2026-06-01 07:51:15.735147024,C0011,Headphones,Accessories,East,2,2500,0.15,Credit Card,No,5000,750.0,4250.0
O04738,2026-06-01 10:28:15.219043808,C0020,Smartphone,Electronics,East,5,40000,0.1,Debit Card,No,200000,20000.0,180000.0
O04739,2026-06-01 13:05:14.702940584,C0292,Monitor,Electronics,North,3,15000,0.15,UPI,No,45000,6750.0,38250.0
O04740,2026-06-01 15:42:14.186837368,C0212,Mouse,Accessories,South,3,800,0.1,UPI,No,2400,240.0,2160.0
O04741,2026-06-01 18:19:13.670734144,C0459,Tablet,Electronics,North,3,30000,0.1,Debit Card,No,90000,9000.0,81000.0
O04742,2026-06-01 20:56:13.154630928,C0025,Keyboard,Accessories,East,4,2000,0.05,Credit Card,No,8000,400.0,7600.0
O04743,2026-06-01 23:33:12.638527704,C0260,Keyboard,Accessories,South,1,2000,0.1,UPI,No,2000,200.0,1800.0
O04744,2026-06-02 02:10:12.122424480,C0369,Smartphone,Electronics,South,2,40000,0.1,Debit Card,No,80000,8000.0,72000.0
O04745,2026-06-02 04:47:11.606321264,C0289,Keyboard,Accessories,West,3,2000,0.15,Credit Card,No,6000,900.0,5100.0
O04746,2026-06-02 07:24:11.090218040,C0299,Tablet,Electronics,South,1,30000,0.15,Cash,No,30000,4500.0,25500.0
O04747,2026-06-02 10:01:10.574114824,C0195,Tablet,Electronics,East,4,30000,0.1,Cash,No,120000,12000.0,108000.0
O04748,2026-06-02 12:38:10.058011600,C0469,Laptop,Electronics,West,3,65000,0.0,Debit Card,No,195000,0.0,195000.0
O04749,2026-06-02 15:15:09.541908376,C0485,Tablet,Electronics,South,4,30000,0.15,UPI,Yes,120000,18000.0,102000.0
O04750,2026-06-02 17:52:09.025805160,C0329,Smartphone,Electronics,North,1,40000,0.05,Debit Card,No,40000,2000.0,38000.0
O04751,2026-06-02 20:29:08.509701936,C0048,Laptop,Electronics,South,5,65000,0.1,UPI,No,325000,32500.0,292500.0
O04752,2026-06-02 23:06:07.993598720,C0108,Mouse,Accessories,North,1,800,0.05,Debit Card,No,800,40.0,760.0
O04753,2026-06-03 01:43:07.477495496,C0138,Mouse,Accessories,West,2,800,0.05,Cash,No,1600,80.0,1520.0
O04754,2026-06-03 04:20:06.961392280,C0335,Webcam,Accessories,West,5,3500,0.15,Cash,No,17500,2625.0,14875.0
O04755,2026-06-03 06:57:06.445289056,C0188,Keyboard,Accessories,South,5,2000,0.1,Credit Card,No,10000,1000.0,9000.0
O04756,2026-06-03 09:34:05.929185832,C0191,Tablet,Electronics,West,1,30000,0.15,Debit Card,Yes,30000,4500.0,25500.0
O04757,2026-06-03 12:11:05.413082616,C0464,Monitor,Electronics,East,1,15000,0.05,Debit Card,No,15000,750.0,14250.0
O04758,2026-06-03 14:48:04.896979392,C0119,Smartphone,Electronics,East,3,40000,0.15,Cash,No,120000,18000.0,102000.0
O04759,2026-06-03 17:25:04.380876176,C0036,Keyboard,Accessories,South,1,2000,0.05,Cash,No,2000,100.0,1900.0
O04760,2026-06-03 20:02:03.864772952,C0429,Mouse,Accessories,East,1,800,0.0,Cash,No,800,0.0,800.0
O04761,2026-06-03 22:39:03.348669736,C0328,Mouse,Accessories,South,3,800,0.0,Cash,No,2400,0.0,2400.0
O04762,2026-06-04 01:16:02.832566512,C0215,Smartphone,Electronics,North,5,40000,0.1,Credit Card,No,200000,20000.0,180000.0
O04763,2026-06-04 03:53:02.316463288,C0186,Mouse,Accessories,East,2,800,0.05,Debit Card,No,1600,80.0,1520.0
O04764,2026-06-04 06:30:01.800360072,C0228,Headphones,Accessories,South,1,2500,0.1,Debit Card,No,2500,250.0,2250.0
O04765,2026-06-04 09:07:01.284256848,C0143,Tablet,Electronics,North,3,30000,0.05,Debit Card,No,90000,4500.0,85500.0
O04766,2026-06-04 11:44:00.768153632,C0452,Smartphone,Electronics,North,1,40000,0.0,Debit Card,No,40000,0.0,40000.0
O04767,2026-06-04 14:21:00.252050408,C0143,Monitor,Electronics,South,3,15000,0.0,Cash,No,45000,0.0,45000.0
O04768,2026-06-04 16:57:59.735947184,C0384,Monitor,Electronics,West,3,15000,0.15,UPI,No,45000,6750.0,38250.0
O04769,2026-06-04 19:34:59.219843968,C0005,Keyboard,Accessories,West,3,2000,0.0,UPI,No,6000,0.0,6000.0
O04770,2026-06-04 22:11:58.703740744,C0012,Mouse,Accessories,West,3,800,0.0,Credit Card,No,2400,0.0,2400.0
O04771,2026-06-05 00:48:58.187637528,C0025,Tablet,Electronics,South,3,30000,0.05,Cash,No,90000,4500.0,85500.0
O04772,2026-06-05 03:25:57.671534304,C0474,Smartphone,Electronics,East,2,40000,0.0,Debit Card,No,80000,0.0,80000.0
O04773,2026-06-05 06:02:57.155431088,C0212,Mouse,Accessories,West,4,800,0.05,UPI,Yes,3200,160.0,3040.0
O04774,2026-06-05 08:39:56.639327864,C0012,Monitor,Electronics,East,2,15000,0.0,Cash,No,30000,0.0,30000.0
O04775,2026-06-05 11:16:56.123224640,C0287,Smartphone,Electronics,East,5,40000,0.0,Credit Card,No,200000,0.0,200000.0
O04776,2026-06-05 13:53:55.607121424,C0382,Mouse,Accessories,North,4,800,0.1,UPI,No,3200,320.0,2880.0
O04777,2026-06-05 16:30:55.091018200,C0209,Smartphone,Electronics,West,4,40000,0.1,Cash,No,160000,16000.0,144000.0
O04778,2026-06-05 19:07:54.574914984,C0237,Smartphone,Electronics,East,1,40000,0.05,Debit Card,No,40000,2000.0,38000.0
O04779,2026-06-05 21:44:54.058811760,C0278,Keyboard,Accessories,North,1,2000,0.05,Credit Card,No,2000,100.0,1900.0
O04780,2026-06-06 00:21:53.542708536,C0266,Mouse,Accessories,South,1,800,0.15,Debit Card,No,800,120.0,680.0
O04781,2026-06-06 02:58:53.026605320,C0311,Laptop,Electronics,East,2,65000,0.15,Credit Card,No,130000,19500.0,110500.0
O04782,2026-06-06 05:35:52.510502096,C0193,Keyboard,Accessories,East,2,2000,0.05,Debit Card,No,4000,200.0,3800.0
O04783,2026-06-06 08:12:51.994398880,C0164,Tablet,Electronics,East,2,30000,0.0,UPI,No,60000,0.0,60000.0
O04784,2026-06-06 10:49:51.478295656,C0008,Smartphone,Electronics,North,3,40000,0.15,UPI,No,120000,18000.0,102000.0
O04785,2026-06-06 13:26:50.962192440,C0354,Keyboard,Accessories,West,3,2000,0.0,Cash,No,6000,0.0,6000.0
O04786,2026-06-06 16:03:50.446089216,C0088,Smartphone,Electronics,East,4,40000,0.15,Debit Card,No,160000,24000.0,136000.0
O04787,2026-06-06 18:40:49.929985992,C0285,Smartphone,Electronics,South,1,40000,0.05,Debit Card,No,40000,2000.0,38000.0
O04788,2026-06-06 21:17:49.413882776,C0440,Laptop,Electronics,East,2,65000,0.1,Debit Card,Yes,130000,13000.0,117000.0
O04789,2026-06-06 23:54:48.897779552,C0017,Tablet,Electronics,West,4,30000,0.05,Cash,No,120000,6000.0,114000.0
O04790,2026-06-07 02:31:48.381676336,C0272,Headphones,Accessories,North,1,2500,0.15,Credit Card,No,2500,375.0,2125.0
O04791,2026-06-07 05:08:47.865573112,C0321,Smartphone,Electronics,North,2,40000,0.0,Debit Card,Yes,80000,0.0,80000.0
O04792,2026-06-07 07:45:47.349469896,C0302,Laptop,Electronics,South,1,65000,0.15,Cash,No,65000,9750.0,55250.0
O04793,2026-06-07 10:22:46.833366672,C0402,Mouse,Accessories,South,1,800,0.05,UPI,No,800,40.0,760.0
O04794,2026-06-07 12:59:46.317263448,C0390,Laptop,Electronics,East,3,65000,0.0,UPI,No,195000,0.0,195000.0
O04795,2026-06-07 15:36:45.801160232,C0376,Smartphone,Electronics,South,3,40000,0.0,Credit Card,No,120000,0.0,120000.0
O04796,2026-06-07 18:13:45.285057008,C0015,Smartphone,Electronics,South,1,40000,0.05,Credit Card,No,40000,2000.0,38000.0
O04797,2026-06-07 20:50:44.768953792,C0232,Monitor,Electronics,North,3,15000,0.1,Credit Card,No,45000,4500.0,40500.0
O04798,2026-06-07 23:27:44.252850568,C0032,Monitor,Electronics,South,3,15000,0.05,Credit Card,No,45000,2250.0,42750.0
O04799,2026-06-08 02:04:43.736747344,C0089,Webcam,Accessories,South,5,3500,0.15,UPI,No,17500,2625.0,14875.0
O04800,2026-06-08 04:41:43.220644128,C0362,Keyboard,Accessories,East,5,2000,0.1,Debit Card,No,10000,1000.0,9000.0
O04801,2026-06-08 07:18:42.704540904,C0038,Webcam,Accessories,South,4,3500,0.05,Cash,No,14000,700.0,13300.0
O04802,2026-06-08 09:55:42.188437688,C0135,Mouse,Accessories,South,4,800,0.1,Credit Card,No,3200,320.0,2880.0
O04803,2026-06-08 12:32:41.672334464,C0466,Keyboard,Accessories,North,2,2000,0.1,Debit Card,No,4000,400.0,3600.0
O04804,2026-06-08 15:09:41.156231248,C0056,Keyboard,Accessories,East,2,2000,0.05,Debit Card,No,4000,200.0,3800.0
O04805,2026-06-08 17:46:40.640128024,C0287,Smartphone,Electronics,West,1,40000,0.1,Debit Card,No,40000,4000.0,36000.0
O04806,2026-06-08 20:23:40.124024800,C0008,Tablet,Electronics,East,5,30000,0.1,Debit Card,No,150000,15000.0,135000.0
O04807,2026-06-08 23:00:39.607921584,C0392,Tablet,Electronics,South,5,30000,0.05,Cash,Yes,150000,7500.0,142500.0
O04808,2026-06-09 01:37:39.091818360,C0418,Mouse,Accessories,East,2,800,0.05,UPI,No,1600,80.0,1520.0
O04809,2026-06-09 04:14:38.575715144,C0253,Headphones,Accessories,East,4,2500,0.15,Cash,No,10000,1500.0,8500.0
O04810,2026-06-09 06:51:38.059611920,C0128,Smartphone,Electronics,North,5,40000,0.15,UPI,No,200000,30000.0,170000.0
O04811,2026-06-09 09:28:37.543508696,C0292,Laptop,Electronics,South,4,65000,0.0,Cash,No,260000,0.0,260000.0
O04812,2026-06-09 12:05:37.027405480,C0456,Headphones,Accessories,East,2,2500,0.15,Credit Card,No,5000,750.0,4250.0
O04813,2026-06-09 14:42:36.511302256,C0353,Mouse,Accessories,South,1,800,0.1,UPI,No,800,80.0,720.0
O04814,2026-06-09 17:19:35.995199040,C0061,Keyboard,Accessories,East,3,2000,0.05,UPI,No,6000,300.0,5700.0
O04815,2026-06-09 19:56:35.479095816,C0385,Headphones,Accessories,South,5,2500,0.05,Credit Card,Yes,12500,625.0,11875.0
O04816,2026-06-09 22:33:34.962992600,C0243,Keyboard,Accessories,North,1,2000,0.05,UPI,No,2000,100.0,1900.0
O04817,2026-06-10 01:10:34.446889376,C0326,Laptop,Electronics,North,2,65000,0.1,Cash,No,130000,13000.0,117000.0
O04818,2026-06-10 03:47:33.930786152,C0187,Monitor,Electronics,South,3,15000,0.05,UPI,Yes,45000,2250.0,42750.0
O04819,2026-06-10 06:24:33.414682936,C0492,Mouse,Accessories,South,5,800,0.15,Cash,No,4000,600.0,3400.0
O04820,2026-06-10 09:01:32.898579712,C0378,Monitor,Electronics,South,3,15000,0.05,Debit Card,No,45000,2250.0,42750.0
O04821,2026-06-10 11:38:32.382476496,C0304,Smartphone,Electronics,North,2,40000,0.05,Cash,No,80000,4000.0,76000.0
O04822,2026-06-10 14:15:31.866373272,C0395,Headphones,Accessories,West,3,2500,0.0,UPI,No,7500,0.0,7500.0
O04823,2026-06-10 16:52:31.350270056,C0368,Webcam,Accessories,West,1,3500,0.1,Debit Card,No,3500,350.0,3150.0
O04824,2026-06-10 19:29:30.834166832,C0021,Smartphone,Electronics,North,3,40000,0.15,Cash,No,120000,18000.0,102000.0
O04825,2026-06-10 22:06:30.318063608,C0045,Monitor,Electronics,North,4,15000,0.05,Debit Card,No,60000,3000.0,57000.0
O04826,2026-06-11 00:43:29.801960392,C0421,Tablet,Electronics,South,4,30000,0.0,UPI,No,120000,0.0,120000.0
O04827,2026-06-11 03:20:29.285857168,C0176,Monitor,Electronics,South,5,15000,0.0,Cash,No,75000,0.0,75000.0
O04828,2026-06-11 05:57:28.769753952,C0272,Mouse,Accessories,North,1,800,0.05,Debit Card,No,800,40.0,760.0
O04829,2026-06-11 08:34:28.253650728,C0104,Monitor,Electronics,East,3,15000,0.0,UPI,No,45000,0.0,45000.0
O04830,2026-06-11 11:11:27.737547504,C0161,Monitor,Electronics,North,4,15000,0.1,UPI,No,60000,6000.0,54000.0
O04831,2026-06-11 13:48:27.221444288,C0460,Mouse,Accessories,East,2,800,0.15,Debit Card,No,1600,240.0,1360.0
O04832,2026-06-11 16:25:26.705341064,C0284,Laptop,Electronics,East,5,65000,0.05,Cash,No,325000,16250.0,308750.0
O04833,2026-06-11 19:02:26.189237848,C0324,Mouse,Accessories,East,4,800,0.0,Credit Card,No,3200,0.0,3200.0
O04834,2026-06-11 21:39:25.673134624,C0019,Headphones,Accessories,South,4,2500,0.1,Cash,No,10000,1000.0,9000.0
O04835,2026-06-12 00:16:25.157031408,C0275,Tablet,Electronics,South,2,30000,0.0,Debit Card,No,60000,0.0,60000.0
O04836,2026-06-12 02:53:24.640928184,C0241,Tablet,Electronics,East,3,30000,0.1,Cash,No,90000,9000.0,81000.0
O04837,2026-06-12 05:30:24.124824960,C0220,Headphones,Accessories,North,4,2500,0.05,Credit Card,No,10000,500.0,9500.0
O04838,2026-06-12 08:07:23.608721744,C0137,Mouse,Accessories,West,2,800,0.05,Credit Card,No,1600,80.0,1520.0
O04839,2026-06-12 10:44:23.092618520,C0374,Mouse,Accessories,West,5,800,0.15,Cash,No,4000,600.0,3400.0
O04840,2026-06-12 13:21:22.576515304,C0130,Webcam,Accessories,East,2,3500,0.1,Credit Card,No,7000,700.0,6300.0
O04841,2026-06-12 15:58:22.060412080,C0390,Monitor,Electronics,South,2,15000,0.1,Debit Card,No,30000,3000.0,27000.0
O04842,2026-06-12 18:35:21.544308856,C0061,Laptop,Electronics,South,5,65000,0.1,Cash,No,325000,32500.0,292500.0
O04843,2026-06-12 21:12:21.028205640,C0003,Headphones,Accessories,North,1,2500,0.0,Credit Card,No,2500,0.0,2500.0
O04844,2026-06-12 23:49:20.512102416,C0458,Smartphone,Electronics,West,3,40000,0.1,Cash,No,120000,12000.0,108000.0
O04845,2026-06-13 02:26:19.995999200,C0042,Smartphone,Electronics,West,5,40000,0.1,Cash,No,200000,20000.0,180000.0
O04846,2026-06-13 05:03:19.479895976,C0024,Monitor,Electronics,East,1,15000,0.0,UPI,No,15000,0.0,15000.0
O04847,2026-06-13 07:40:18.963792760,C0198,Tablet,Electronics,South,5,30000,0.1,Debit Card,No,150000,15000.0,135000.0
O04848,2026-06-13 10:17:18.447689536,C0058,Headphones,Accessories,West,3,2500,0.1,Debit Card,No,7500,750.0,6750.0
O04849,2026-06-13 12:54:17.931586312,C0093,Monitor,Electronics,West,4,15000,0.05,Debit Card,No,60000,3000.0,57000.0
O04850,2026-06-13 15:31:17.415483096,C0152,Keyboard,Accessories,West,2,2000,0.1,UPI,No,4000,400.0,3600.0
O04851,2026-06-13 18:08:16.899379872,C0172,Monitor,Electronics,North,3,15000,0.05,Credit Card,No,45000,2250.0,42750.0
O04852,2026-06-13 20:45:16.383276656,C0189,Smartphone,Electronics,East,1,40000,0.15,UPI,No,40000,6000.0,34000.0
O04853,2026-06-13 23:22:15.867173432,C0371,Mouse,Accessories,East,2,800,0.15,Cash,No,1600,240.0,1360.0
O04854,2026-06-14 01:59:15.351070216,C0321,Laptop,Electronics,North,3,65000,0.1,Debit Card,No,195000,19500.0,175500.0
O04855,2026-06-14 04:36:14.834966992,C0040,Mouse,Accessories,West,5,800,0.05,Cash,No,4000,200.0,3800.0
O04856,2026-06-14 07:13:14.318863768,C0035,Monitor,Electronics,East,1,15000,0.15,Credit Card,No,15000,2250.0,12750.0
O04857,2026-06-14 09:50:13.802760552,C0362,Tablet,Electronics,North,2,30000,0.05,UPI,No,60000,3000.0,57000.0
O04858,2026-06-14 12:27:13.286657328,C0087,Webcam,Accessories,South,5,3500,0.15,Cash,No,17500,2625.0,14875.0
O04859,2026-06-14 15:04:12.770554112,C0368,Webcam,Accessories,North,1,3500,0.15,Credit Card,No,3500,525.0,2975.0
O04860,2026-06-14 17:41:12.254450888,C0085,Laptop,Electronics,West,2,65000,0.1,UPI,No,130000,13000.0,117000.0
O04861,2026-06-14 20:18:11.738347664,C0013,Smartphone,Electronics,South,3,40000,0.15,UPI,No,120000,18000.0,102000.0
O04862,2026-06-14 22:55:11.222244448,C0222,Tablet,Electronics,East,3,30000,0.1,Debit Card,No,90000,9000.0,81000.0
O04863,2026-06-15 01:32:10.706141224,C0444,Headphones,Accessories,East,2,2500,0.1,Cash,No,5000,500.0,4500.0
O04864,2026-06-15 04:09:10.190038008,C0146,Monitor,Electronics,North,4,15000,0.0,Cash,No,60000,0.0,60000.0
O04865,2026-06-15 06:46:09.673934784,C0453,Mouse,Accessories,North,4,800,0.0,Cash,No,3200,0.0,3200.0
O04866,2026-06-15 09:23:09.157831568,C0454,Monitor,Electronics,East,2,15000,0.15,Cash,No,30000,4500.0,25500.0
O04867,2026-06-15 12:00:08.641728344,C0258,Tablet,Electronics,North,1,30000,0.1,Cash,No,30000,3000.0,27000.0
O04868,2026-06-15 14:37:08.125625120,C0294,Smartphone,Electronics,South,3,40000,0.15,UPI,No,120000,18000.0,102000.0
O04869,2026-06-15 17:14:07.609521904,C0080,Laptop,Electronics,North,4,65000,0.15,Debit Card,No,260000,39000.0,221000.0
O04870,2026-06-15 19:51:07.093418680,C0068,Tablet,Electronics,West,5,30000,0.15,Debit Card,No,150000,22500.0,127500.0
O04871,2026-06-15 22:28:06.577315464,C0257,Headphones,Accessories,West,1,2500,0.1,Cash,No,2500,250.0,2250.0
O04872,2026-06-16 01:05:06.061212240,C0093,Headphones,Accessories,East,5,2500,0.0,UPI,Yes,12500,0.0,12500.0
O04873,2026-06-16 03:42:05.545109016,C0319,Monitor,Electronics,South,3,15000,0.15,Debit Card,No,45000,6750.0,38250.0
O04874,2026-06-16 06:19:05.029005800,C0360,Tablet,Electronics,North,5,30000,0.05,Debit Card,No,150000,7500.0,142500.0
O04875,2026-06-16 08:56:04.512902576,C0133,Keyboard,Accessories,North,1,2000,0.05,Debit Card,No,2000,100.0,1900.0
O04876,2026-06-16 11:33:03.996799360,C0044,Monitor,Electronics,North,2,15000,0.05,Debit Card,No,30000,1500.0,28500.0
O04877,2026-06-16 14:10:03.480696136,C0013,Keyboard,Accessories,West,1,2000,0.05,Cash,No,2000,100.0,1900.0
O04878,2026-06-16 16:47:02.964592920,C0486,Smartphone,Electronics,West,5,40000,0.05,UPI,No,200000,10000.0,190000.0
O04879,2026-06-16 19:24:02.448489696,C0492,Headphones,Accessories,East,5,2500,0.1,Debit Card,No,12500,1250.0,11250.0
O04880,2026-06-16 22:01:01.932386472,C0318,Keyboard,Accessories,East,1,2000,0.1,UPI,No,2000,200.0,1800.0
O04881,2026-06-17 00:38:01.416283256,C0275,Smartphone,Electronics,West,2,40000,0.05,Cash,Yes,80000,4000.0,76000.0
O04882,2026-06-17 03:15:00.900180032,C0098,Headphones,Accessories,West,2,2500,0.0,Cash,No,5000,0.0,5000.0
O04883,2026-06-17 05:52:00.384076816,C0169,Headphones,Accessories,East,2,2500,0.1,Credit Card,No,5000,500.0,4500.0
O04884,2026-06-17 08:28:59.867973592,C0018,Headphones,Accessories,North,1,2500,0.05,Credit Card,No,2500,125.0,2375.0
O04885,2026-06-17 11:05:59.351870376,C0296,Keyboard,Accessories,South,3,2000,0.1,Credit Card,No,6000,600.0,5400.0
O04886,2026-06-17 13:42:58.835767152,C0145,Smartphone,Electronics,South,1,40000,0.1,Debit Card,No,40000,4000.0,36000.0
O04887,2026-06-17 16:19:58.319663928,C0002,Headphones,Accessories,South,1,2500,0.05,Credit Card,No,2500,125.0,2375.0
O04888,2026-06-17 18:56:57.803560712,C0179,Monitor,Electronics,West,1,15000,0.05,Debit Card,No,15000,750.0,14250.0
O04889,2026-06-17 21:33:57.287457488,C0212,Laptop,Electronics,North,4,65000,0.1,Cash,No,260000,26000.0,234000.0
O04890,2026-06-18 00:10:56.771354272,C0416,Webcam,Accessories,East,2,3500,0.05,Credit Card,No,7000,350.0,6650.0
O04891,2026-06-18 02:47:56.255251048,C0117,Tablet,Electronics,West,5,30000,0.15,Debit Card,No,150000,22500.0,127500.0
O04892,2026-06-18 05:24:55.739147824,C0103,Smartphone,Electronics,West,2,40000,0.1,Cash,No,80000,8000.0,72000.0
O04893,2026-06-18 08:01:55.223044608,C0454,Smartphone,Electronics,North,1,40000,0.0,Cash,No,40000,0.0,40000.0
O04894,2026-06-18 10:38:54.706941384,C0438,Keyboard,Accessories,East,4,2000,0.0,Cash,No,8000,0.0,8000.0
O04895,2026-06-18 13:15:54.190838168,C0210,Smartphone,Electronics,West,3,40000,0.1,Debit Card,No,120000,12000.0,108000.0
O04896,2026-06-18 15:52:53.674734944,C0253,Smartphone,Electronics,North,4,40000,0.1,UPI,No,160000,16000.0,144000.0
O04897,2026-06-18 18:29:53.158631728,C0107,Tablet,Electronics,North,2,30000,0.05,Credit Card,No,60000,3000.0,57000.0
O04898,2026-06-18 21:06:52.642528504,C0148,Laptop,Electronics,East,1,65000,0.15,Debit Card,No,65000,9750.0,55250.0
O04899,2026-06-18 23:43:52.126425280,C0058,Smartphone,Electronics,North,4,40000,0.05,Credit Card,No,160000,8000.0,152000.0
O04900,2026-06-19 02:20:51.610322064,C0103,Laptop,Electronics,West,1,65000,0.15,UPI,No,65000,9750.0,55250.0
O04901,2026-06-19 04:57:51.094218840,C0194,Smartphone,Electronics,North,1,40000,0.1,Cash,No,40000,4000.0,36000.0
O04902,2026-06-19 07:34:50.578115624,C0346,Smartphone,Electronics,South,1,40000,0.15,Credit Card,Yes,40000,6000.0,34000.0
O04903,2026-06-19 10:11:50.062012400,C0037,Monitor,Electronics,North,1,15000,0.05,Credit Card,No,15000,750.0,14250.0
O04904,2026-06-19 12:48:49.545909176,C0455,Smartphone,Electronics,North,1,40000,0.15,Cash,No,40000,6000.0,34000.0
O04905,2026-06-19 15:25:49.029805960,C0380,Tablet,Electronics,South,3,30000,0.05,Cash,No,90000,4500.0,85500.0
O04906,2026-06-19 18:02:48.513702736,C0246,Smartphone,Electronics,West,2,40000,0.1,Credit Card,No,80000,8000.0,72000.0
O04907,2026-06-19 20:39:47.997599520,C0298,Headphones,Accessories,West,2,2500,0.05,UPI,No,5000,250.0,4750.0
O04908,2026-06-19 23:16:47.481496296,C0400,Webcam,Accessories,East,5,3500,0.1,Debit Card,No,17500,1750.0,15750.0
O04909,2026-06-20 01:53:46.965393080,C0499,Webcam,Accessories,South,1,3500,0.0,Debit Card,No,3500,0.0,3500.0
O04910,2026-06-20 04:30:46.449289856,C0154,Laptop,Electronics,North,4,65000,0.05,Credit Card,No,260000,13000.0,247000.0
O04911,2026-06-20 07:07:45.933186632,C0055,Mouse,Accessories,South,4,800,0.15,Debit Card,No,3200,480.0,2720.0
O04912,2026-06-20 09:44:45.417083416,C0264,Keyboard,Accessories,South,5,2000,0.05,Cash,No,10000,500.0,9500.0
O04913,2026-06-20 12:21:44.900980192,C0023,Laptop,Electronics,North,3,65000,0.0,UPI,No,195000,0.0,195000.0
O04914,2026-06-20 14:58:44.384876976,C0350,Headphones,Accessories,West,1,2500,0.15,Debit Card,No,2500,375.0,2125.0
O04915,2026-06-20 17:35:43.868773752,C0266,Laptop,Electronics,East,3,65000,0.0,UPI,No,195000,0.0,195000.0
O04916,2026-06-20 20:12:43.352670536,C0185,Laptop,Electronics,North,3,65000,0.15,Cash,No,195000,29250.0,165750.0
O04917,2026-06-20 22:49:42.836567312,C0096,Keyboard,Accessories,East,5,2000,0.05,Credit Card,No,10000,500.0,9500.0
O04918,2026-06-21 01:26:42.320464088,C0490,Monitor,Electronics,South,5,15000,0.05,Credit Card,Yes,75000,3750.0,71250.0
O04919,2026-06-21 04:03:41.804360872,C0489,Monitor,Electronics,East,2,15000,0.05,UPI,No,30000,1500.0,28500.0
O04920,2026-06-21 06:40:41.288257648,C0490,Mouse,Accessories,East,1,800,0.05,Cash,No,800,40.0,760.0
O04921,2026-06-21 09:17:40.772154432,C0323,Keyboard,Accessories,East,5,2000,0.15,Credit Card,No,10000,1500.0,8500.0
O04922,2026-06-21 11:54:40.256051208,C0109,Webcam,Accessories,West,5,3500,0.05,Credit Card,No,17500,875.0,16625.0
O04923,2026-06-21 14:31:39.739947984,C0456,Headphones,Accessories,South,1,2500,0.15,Credit Card,No,2500,375.0,2125.0
O04924,2026-06-21 17:08:39.223844768,C0426,Keyboard,Accessories,South,3,2000,0.05,Debit Card,No,6000,300.0,5700.0
O04925,2026-06-21 19:45:38.707741544,C0048,Webcam,Accessories,West,4,3500,0.1,Cash,No,14000,1400.0,12600.0
O04926,2026-06-21 22:22:38.191638328,C0019,Monitor,Electronics,North,3,15000,0.05,Credit Card,No,45000,2250.0,42750.0
O04927,2026-06-22 00:59:37.675535104,C0159,Mouse,Accessories,North,1,800,0.1,Cash,No,800,80.0,720.0
O04928,2026-06-22 03:36:37.159431888,C0136,Mouse,Accessories,West,2,800,0.15,UPI,No,1600,240.0,1360.0
O04929,2026-06-22 06:13:36.643328664,C0195,Webcam,Accessories,North,3,3500,0.15,Credit Card,No,10500,1575.0,8925.0
O04930,2026-06-22 08:50:36.127225440,C0141,Tablet,Electronics,North,1,30000,0.05,Cash,No,30000,1500.0,28500.0
O04931,2026-06-22 11:27:35.611122224,C0321,Keyboard,Accessories,East,5,2000,0.0,Cash,No,10000,0.0,10000.0
O04932,2026-06-22 14:04:35.095019000,C0489,Smartphone,Electronics,West,4,40000,0.05,Credit Card,No,160000,8000.0,152000.0
O04933,2026-06-22 16:41:34.578915784,C0225,Mouse,Accessories,West,2,800,0.1,Credit Card,No,1600,160.0,1440.0
O04934,2026-06-22 19:18:34.062812560,C0104,Monitor,Electronics,South,5,15000,0.05,Cash,No,75000,3750.0,71250.0
O04935,2026-06-22 21:55:33.546709336,C0293,Headphones,Accessories,South,1,2500,0.0,UPI,Yes,2500,0.0,2500.0
O04936,2026-06-23 00:32:33.030606120,C0224,Keyboard,Accessories,South,2,2000,0.0,Credit Card,No,4000,0.0,4000.0
O04937,2026-06-23 03:09:32.514502896,C0412,Monitor,Electronics,North,3,15000,0.15,Credit Card,No,45000,6750.0,38250.0
O04938,2026-06-23 05:46:31.998399680,C0127,Keyboard,Accessories,South,3,2000,0.0,UPI,Yes,6000,0.0,6000.0
O04939,2026-06-23 08:23:31.482296456,C0440,Mouse,Accessories,South,1,800,0.0,UPI,No,800,0.0,800.0
O04940,2026-06-23 11:00:30.966193240,C0204,Headphones,Accessories,East,3,2500,0.05,Debit Card,No,7500,375.0,7125.0
O04941,2026-06-23 13:37:30.450090016,C0431,Monitor,Electronics,East,4,15000,0.0,Credit Card,No,60000,0.0,60000.0
O04942,2026-06-23 16:14:29.933986792,C0307,Laptop,Electronics,East,4,65000,0.05,Cash,Yes,260000,13000.0,247000.0
O04943,2026-06-23 18:51:29.417883576,C0017,Monitor,Electronics,West,2,15000,0.15,UPI,No,30000,4500.0,25500.0
O04944,2026-06-23 21:28:28.901780352,C0123,Smartphone,Electronics,West,4,40000,0.1,UPI,No,160000,16000.0,144000.0
O04945,2026-06-24 00:05:28.385677136,C0135,Laptop,Electronics,East,5,65000,0.15,Credit Card,No,325000,48750.0,276250.0
O04946,2026-06-24 02:42:27.869573912,C0131,Mouse,Accessories,East,2,800,0.15,Cash,No,1600,240.0,1360.0
O04947,2026-06-24 05:19:27.353470696,C0280,Smartphone,Electronics,North,5,40000,0.0,Debit Card,No,200000,0.0,200000.0
O04948,2026-06-24 07:56:26.837367472,C0375,Webcam,Accessories,East,5,3500,0.15,Cash,No,17500,2625.0,14875.0
O04949,2026-06-24 10:33:26.321264248,C0351,Webcam,Accessories,East,1,3500,0.0,UPI,No,3500,0.0,3500.0
O04950,2026-06-24 13:10:25.805161032,C0142,Laptop,Electronics,West,3,65000,0.15,Credit Card,No,195000,29250.0,165750.0
O04951,2026-06-24 15:47:25.289057808,C0450,Headphones,Accessories,North,3,2500,0.15,Cash,No,7500,1125.0,6375.0
O04952,2026-06-24 18:24:24.772954592,C0200,Mouse,Accessories,West,4,800,0.0,Debit Card,No,3200,0.0,3200.0
O04953,2026-06-24 21:01:24.256851368,C0163,Headphones,Accessories,West,5,2500,0.0,Cash,No,12500,0.0,12500.0
O04954,2026-06-24 23:38:23.740748144,C0359,Webcam,Accessories,South,5,3500,0.1,UPI,No,17500,1750.0,15750.0
O04955,2026-06-25 02:15:23.224644928,C0117,Monitor,Electronics,West,3,15000,0.0,Cash,No,45000,0.0,45000.0
O04956,2026-06-25 04:52:22.708541704,C0436,Tablet,Electronics,West,4,30000,0.15,UPI,Yes,120000,18000.0,102000.0
O04957,2026-06-25 07:29:22.192438488,C0164,Tablet,Electronics,West,2,30000,0.0,Debit Card,No,60000,0.0,60000.0
O04958,2026-06-25 10:06:21.676335264,C0458,Tablet,Electronics,North,2,30000,0.1,Debit Card,No,60000,6000.0,54000.0
O04959,2026-06-25 12:43:21.160232048,C0224,Monitor,Electronics,West,1,15000,0.0,Cash,No,15000,0.0,15000.0
O04960,2026-06-25 15:20:20.644128824,C0024,Webcam,Accessories,North,4,3500,0.05,Debit Card,Yes,14000,700.0,13300.0
O04961,2026-06-25 17:57:20.128025600,C0333,Monitor,Electronics,West,1,15000,0.05,Debit Card,No,15000,750.0,14250.0
O04962,2026-06-25 20:34:19.611922384,C0009,Keyboard,Accessories,South,2,2000,0.15,Credit Card,No,4000,600.0,3400.0
O04963,2026-06-25 23:11:19.095819160,C0053,Headphones,Accessories,North,5,2500,0.1,Credit Card,Yes,12500,1250.0,11250.0
O04964,2026-06-26 01:48:18.579715944,C0378,Mouse,Accessories,North,3,800,0.05,Debit Card,No,2400,120.0,2280.0
O04965,2026-06-26 04:25:18.063612720,C0324,Tablet,Electronics,West,1,30000,0.05,Credit Card,Yes,30000,1500.0,28500.0
O04966,2026-06-26 07:02:17.547509496,C0266,Laptop,Electronics,West,3,65000,0.15,Debit Card,No,195000,29250.0,165750.0
O04967,2026-06-26 09:39:17.031406280,C0459,Monitor,Electronics,North,4,15000,0.1,Debit Card,No,60000,6000.0,54000.0
O04968,2026-06-26 12:16:16.515303056,C0072,Keyboard,Accessories,East,2,2000,0.15,Debit Card,No,4000,600.0,3400.0
O04969,2026-06-26 14:53:15.999199840,C0270,Keyboard,Accessories,North,2,2000,0.05,UPI,No,4000,200.0,3800.0
O04970,2026-06-26 17:30:15.483096616,C0447,Mouse,Accessories,East,4,800,0.15,Debit Card,No,3200,480.0,2720.0
O04971,2026-06-26 20:07:14.966993400,C0084,Mouse,Accessories,North,2,800,0.05,Cash,No,1600,80.0,1520.0
O04972,2026-06-26 22:44:14.450890176,C0439,Smartphone,Electronics,South,5,40000,0.15,UPI,No,200000,30000.0,170000.0
O04973,2026-06-27 01:21:13.934786952,C0229,Tablet,Electronics,East,3,30000,0.0,Credit Card,No,90000,0.0,90000.0
O04974,2026-06-27 03:58:13.418683736,C0211,Keyboard,Accessories,North,3,2000,0.1,Cash,Yes,6000,600.0,5400.0
O04975,2026-06-27 06:35:12.902580512,C0403,Tablet,Electronics,East,2,30000,0.0,UPI,No,60000,0.0,60000.0
O04976,2026-06-27 09:12:12.386477296,C0182,Tablet,Electronics,East,4,30000,0.1,UPI,No,120000,12000.0,108000.0
O04977,2026-06-27 11:49:11.870374072,C0376,Keyboard,Accessories,West,2,2000,0.15,Credit Card,No,4000,600.0,3400.0
O04978,2026-06-27 14:26:11.354270856,C0139,Keyboard,Accessories,North,5,2000,0.05,Credit Card,No,10000,500.0,9500.0
O04979,2026-06-27 17:03:10.838167632,C0402,Tablet,Electronics,North,5,30000,0.0,Credit Card,No,150000,0.0,150000.0
O04980,2026-06-27 19:40:10.322064408,C0077,Headphones,Accessories,West,4,2500,0.1,UPI,No,10000,1000.0,9000.0
O04981,2026-06-27 22:17:09.805961192,C0351,Monitor,Electronics,North,4,15000,0.0,Debit Card,No,60000,0.0,60000.0
O04982,2026-06-28 00:54:09.289857968,C0384,Headphones,Accessories,West,4,2500,0.15,UPI,No,10000,1500.0,8500.0
O04983,2026-06-28 03:31:08.773754752,C0016,Headphones,Accessories,South,5,2500,0.0,Debit Card,No,12500,0.0,12500.0
O04984,2026-06-28 06:08:08.257651528,C0379,Keyboard,Accessories,South,1,2000,0.0,Cash,No,2000,0.0,2000.0
O04985,2026-06-28 08:45:07.741548304,C0041,Webcam,Accessories,West,1,3500,0.05,Debit Card,No,3500,175.0,3325.0
O04986,2026-06-28 11:22:07.225445088,C0189,Smartphone,Electronics,East,4,40000,0.15,UPI,No,160000,24000.0,136000.0
O04987,2026-06-28 13:59:06.709341864,C0327,Mouse,Accessories,East,1,800,0.0,UPI,No,800,0.0,800.0
O04988,2026-06-28 16:36:06.193238648,C0473,Monitor,Electronics,East,4,15000,0.1,Cash,No,60000,6000.0,54000.0
O04989,2026-06-28 19:13:05.677135424,C0180,Mouse,Accessories,East,3,800,0.1,Credit Card,No,2400,240.0,2160.0
O04990,2026-06-28 21:50:05.161032208,C0459,Webcam,Accessories,West,5,3500,0.05,Credit Card,No,17500,875.0,16625.0
O04991,2026-06-29 00:27:04.644928984,C0039,Headphones,Accessories,South,3,2500,0.1,Debit Card,No,7500,750.0,6750.0
O04992,2026-06-29 03:04:04.128825760,C0496,Tablet,Electronics,South,1,30000,0.0,Debit Card,No,30000,0.0,30000.0
O04993,2026-06-29 05:41:03.612722544,C0264,Mouse,Accessories,East,4,800,0.15,Debit Card,No,3200,480.0,2720.0
O04994,2026-06-29 08:18:03.096619320,C0020,Smartphone,Electronics,West,1,40000,0.05,Debit Card,No,40000,2000.0,38000.0
O04995,2026-06-29 10:55:02.580516104,C0184,Webcam,Accessories,East,1,3500,0.1,Debit Card,No,3500,350.0,3150.0
O04996,2026-06-29 13:32:02.064412880,C0224,Mouse,Accessories,West,2,800,0.0,Credit Card,No,1600,0.0,1600.0
O04997,2026-06-29 16:09:01.548309656,C0461,Mouse,Accessories,North,5,800,0.05,Cash,No,4000,200.0,3800.0
O04998,2026-06-29 18:46:01.032206440,C0416,Headphones,Accessories,East,3,2500,0.1,Credit Card,No,7500,750.0,6750.0
O04999,2026-06-29 21:23:00.516103216,C0184,Keyboard,Accessories,North,2,2000,0.1,UPI,No,4000,400.0,3600.0
O05000,2026-06-30 00:00:00.000000000,C0213,Laptop,Electronics,North,5,65000,0.1,UPI,No,325000,32500.0,292500.0
